pl_name,hostname,pl_orbper,pl_rade,pl_insol,pl_eqt,st_teff,st_rad,st_mass,st_lum,sy_dist
HD 2039 b,HD 2039,1120.0,12.7,0.3229,210.84,5945.0,1.19,1.23,0.1939,85.6922
HAT-P-8 b,HAT-P-8,3.07634,15.6926,1519.9645,1713.0,6200.0,1.57,1.27,0.519,211.553
K2-43 b,K2-43,3.471149,4.51,49.0,939.3,3840.6,0.542,0.571,-1.21241,182.536
Kepler-1753 b,Kepler-1753,16.00460052,2.22678077,27.41,583.0,5180.0,0.769,0.86,-0.55992,707.688
Kepler-1176 b,Kepler-1176,24.1738579,2.45,26.087,595.0,5844.0,1.02,1.01,-0.11691,864.699
K2-126 b,K2-126,7.385655,1.97,35.3,601.0,4339.0,0.65,0.69,-0.87762,102.953
Kepler-1263 b,Kepler-1263,4.55139967,1.14,144.813,907.0,5213.0,0.8,0.84,-0.41402,664.83
Kepler-1416 b,Kepler-1416,1.49514952,0.88,2658.55,1870.0,6019.0,1.15,1.09,0.28393,949.59
Kepler-1542 c,Kepler-1542,2.89223021,0.65,786.082,1287.0,5564.0,0.99,0.94,0.07026,399.114
K2-85 b,K2-85,0.68453862616,1.4,800.0,1355.0,4232.0,0.71,0.7,-0.81171,97.2179
Kepler-368 c,Kepler-368,72.379334,3.88,28.681,575.0,5502.0,2.019,1.165,0.56235,770.978
K2-123 b,K2-123,30.951524,2.76,2.9,338.0,4035.0,0.59,0.62,-1.14267,161.555
Kepler-770 b,Kepler-770,18.92540274,2.3,27.736,1171.0,5598.0,0.92,0.94,0.05399,930.457
Kepler-1399 b,Kepler-1399,1.638653058,1.25,1707.252,1610.0,5735.0,0.96,0.97,0.00959,1385.7
Kepler-723 b,Kepler-723,4.082275068,12.19,251.48,1016.0,5539.0,0.89,0.92,-0.172,1071.8
K2-107 b,K2-107,3.313959,15.98,1291.4267,1649.0,6061.0,1.81,1.3,0.46446,685.2
K2-45 b,K2-45,1.7292684,6.71,100.0,1073.56,4103.0,0.445,0.503,-0.73994,495.317
K2-365 b,K2-365,23.448172,2.906,,,5561.0,1.051,0.823,-0.01377,187.222
K2-127 b,K2-127,3.588163,8.37,105.6,809.0,4575.0,0.66,0.72,-0.25445,709.999
K2-195 b,K2-195,15.852975,3.13,66.6667,720.0,5713.0,0.99,0.94,-0.01196,315.014
K2-80 c,K2-80,5.605,1.47,166.0,1002.42,5441.0,0.87,0.9,-0.43238,200.802
K2-229 c,K2-229,8.32727,2.03,66.0,750.0,5315.0,0.79,0.87,-0.38869,102.564
HAT-P-3 b,HAT-P-3,2.8997,10.53646,176.587,1189.0,5185.0,0.87,1.06,-0.36,134.554
WASP-32 b,WASP-32,2.71866,10.76064,616.33,1388.0,6140.0,0.95,0.72,0.19345,275.994
WASP-24 b,WASP-24,2.34121,15.46842,934.465,1772.0,6075.0,1.42,1.43,0.33131,322.114
Kepler-65 c,Kepler-65,5.859944,2.58,609.992,1246.0,6211.0,1.41,1.25,0.4674,303.728
TrES-2 b,TrES-2,2.47063,15.24424,903.864,1466.0,5850.0,1.12,1.36,0.03841,215.32
Kepler-939 b,Kepler-939,14.878296,1.75,54.19,692.0,5471.0,0.85,0.88,0.39065,2093.62
Kepler-1028 b,Kepler-1028,2.51462432,1.33,519.636,1217.0,5522.0,0.87,0.9,-0.24485,607.916
HAT-P-67 b,HAT-P-67,4.8101069,23.9872187,2029.17,1903.0,6640.0,2.62,1.73,1.07773,371.686
Kepler-1101 b,Kepler-1101,81.3151059,2.47,3.577,393.0,5614.0,0.91,0.94,-0.35135,742.473
Kepler-1388 b,Kepler-1388,12.2854603,2.59,17.674,434.0,4098.0,0.61,0.63,-1.1068,453.795
Kepler-768 b,Kepler-768,11.3910025,1.79,40.589,618.0,5108.0,0.78,0.82,-0.46575,784.56
Kepler-796 b,Kepler-796,6.40087618,1.3,962.264,1109.0,5475.0,1.09,0.93,0.57234,817.584
Kepler-110 b,Kepler-110,12.691112,1.83,153.881,1008.0,5960.0,1.149,0.989,0.27598,586.531
Kepler-1042 b,Kepler-1042,10.13202575,2.19,25.66,574.0,4815.0,0.72,0.75,-0.6,659.0
Kepler-334 c,Kepler-334,12.758005,1.43,97.21,822.0,5828.0,1.068,1.022,0.05556,426.59
Kepler-937 b,Kepler-937,67.668827,3.72,20.627,495.0,6095.0,1.22,1.15,0.28097,1571.46
Kepler-1117 b,Kepler-1117,4.79028459,1.11,194.976,938.0,5612.0,0.93,0.95,-0.22396,568.487
Kepler-1789 b,Kepler-1789,80.23190308,2.83137505,4.91,380.0,5436.0,0.888,0.92,-0.23129,611.461
Kepler-1831 b,Kepler-1831,5.78387022,1.97019818,288.69,1051.0,6063.0,1.012,1.117,-0.0455,1053.49
Kepler-1245 b,Kepler-1245,4.35409304,1.44,194.344,1043.0,5306.0,0.83,0.86,-0.41093,805.936
Kepler-114 b,Kepler-114,5.188549,1.26,92.535,586.0,4605.0,0.667,0.77,-0.6853,259.533
Kepler-1105 b,Kepler-1105,4.421572182,2.01,47.18,729.0,4299.0,0.68,0.71,-0.94508,318.004
Kepler-187 b,Kepler-187,4.938864,1.41,902.239,1244.0,6105.0,1.287,1.081,0.49267,1143.0
Kepler-1379 b,Kepler-1379,0.881841146,1.3,1600.049,1564.0,5188.0,0.79,0.83,-0.40329,971.325
Kepler-304 c,Kepler-304,5.315946,2.17,73.598,746.0,4731.0,0.687,0.737,-0.6616,434.684
Kepler-1291 b,Kepler-1291,8.63043276,1.66,62.823,739.0,5216.0,0.8,0.84,-0.46748,897.352
Kepler-304 e,Kepler-304,1.499146953,1.2,397.254,1137.0,4817.0,0.73,0.8,-0.6616,434.684
Kepler-461 b,Kepler-461,8.313783059,2.58,254.906,886.0,5634.0,0.91,0.98,0.24622,692.158
Kepler-1894 b,Kepler-1894,2.762660027,1.20117759,544.05,1231.0,5772.0,0.901,0.999,-0.26976,935.191
Kepler-576 b,Kepler-576,29.91136794,3.27,16.817,541.0,5672.0,0.97,0.99,-0.21068,617.55
Kepler-1893 b,Kepler-1893,4.179369926,1.70557445,478.98,1194.0,5633.0,1.162,0.973,0.15984,1050.72
Kepler-1601 b,Kepler-1601,2.20921951,0.82,999.752,1507.0,5869.0,1.07,1.04,0.08501,644.456
Kepler-1922 b,Kepler-1922,13.22259998,2.29064904,71.11,740.0,5931.0,0.863,0.953,0.15221,1344.29
HD 80653 b,HD 80653,0.71957926,1.621,6130.0,2438.0,5959.0,1.199,1.15,0.21165,109.86
Kepler-1542 d,Kepler-1542,5.99273738,0.87,297.806,1010.0,5564.0,0.99,0.94,0.07026,399.114
Kepler-666 b,Kepler-666,4.49876092,2.4,575.644,1133.0,5887.0,1.05,1.03,0.18164,1508.71
Kepler-211 c,Kepler-211,6.04045,1.29,95.436,841.0,5123.0,0.816,0.867,-0.4133,309.353
Kepler-203 c,Kepler-203,5.370647,2.47,329.788,1096.0,5821.0,1.114,1.06,0.0937,703.302
GJ 674 b,GJ 674,4.6938,3.33,10.5165,530.8,3600.0,0.36463,0.35,-1.796,4.54896
OGLE-TR-182 b,OGLE-TR-182,3.9791,12.666,669.0373,1550.0,5924.0,1.14,1.14,0.24059,2501.75
HD 69830 c,HD 69830,31.56,3.46,17.417,567.04,5385.0,0.886947,0.86,-0.22,12.5591
GJ 3021 b,GJ 3021,133.71,13.1,2.7517,350.0,5540.0,0.9,0.9,-0.18,17.5559
HD 221287 b,HD 221287,456.1,13.1,1.0624,290.13,6304.0,1.13864,1.25,0.22011,55.9231
HD 47536 b,HD 47536,712.13,12.6,47.5699,736.52,4380.0,23.47,2.1,2.24845,122.536
HD 107148 b,HD 107148,48.056,9.6,18.2517,582.78,5797.0,1.169193,1.12,0.12081,49.4156
HD 179949 b,HD 179949,3.092514,13.9,1020.1193,1590.53,6168.0,1.266865,1.21,0.30146,27.4573
HD 188015 b,HD 188015,461.2,13.6,0.7914,267.98,5746.0,1.125296,1.09,0.05892,50.6706
HD 27442 b,HD 27442,428.1,13.5,4.3915,369.62,4846.0,3.18,1.23,0.8509,18.2704
HD 46375 b,HD 46375,3.023573,10.0,359.0994,1221.4,5285.0,0.914196,0.92,-0.24502,29.5529
HAT-P-2 b,HAT-P-2,5.6335158,10.659759,588.518,1540.0,6380.0,1.39,1.33,0.53,127.774
HD 109749 b,HD 109749,5.239891,11.1,409.4961,1250.83,5824.0,1.22,1.13,0.19,63.0821
HD 149143 b,HD 149143,4.07182,13.6,796.9815,1471.9,5856.0,1.44,1.2,0.35,73.2801
HD 224693 b,HD 224693,26.6904,14.0,111.6692,903.45,5894.0,1.93,1.31,0.61,93.5015
HD 231701 b,HD 231701,141.63,13.7,9.1798,483.27,6101.0,1.53,1.21,0.47,108.877
HIP 14810 b,HIP 14810,6.673892,13.0,201.7351,1048.2,5544.0,1.07,1.01,-0.01,50.48
HIP 14810 d,HIP 14810,981.8,14.1,0.2597,198.54,5544.0,1.07,1.01,-0.01,50.48
HD 207832 b,HD 207832,160.07,14.2,2.2605,340.28,5726.0,0.89,1.05,-0.11,58.9291
HD 37605 c,HD 37605,2720.0,13.1,0.0431,126.75,5329.0,0.91,0.94,-0.22,46.7864
HD 1605 c,HD 1605,2149.0,13.0,0.5026,233.88,4915.0,3.49,1.33,0.81,88.8047
HD 55696 b,HD 55696,1827.0,12.9,0.2662,200.43,6012.0,1.52,1.29,0.43,77.9693
HD 148164 c,HD 148164,5062.0,12.8,0.0565,135.77,6032.0,1.34,1.21,0.33,77.1971
HD 211810 b,HD 211810,1558.0,14.0,0.1665,177.77,5652.0,1.13,1.03,0.07,64.6353
HD 221416 b,HD 221416,14.2767,9.17,495.9065,1314.67,5080.0,2.943,1.212,0.71181,95.5483
Kepler-595 c,Kepler-595,12.38602,1.009,50.23,679.0,5138.5,0.821,0.93,-0.34768,643.009
Kepler-595 b,Kepler-595,25.3029092,3.708,17.382,535.0,5138.5,0.821,0.93,-0.34768,643.009
PSR B1257+12 b,PSR B1257+12,25.262,0.338,,,,,1.4,,600.0
PSR B1257+12 c,PSR B1257+12,66.5419,1.91,,,,,1.4,,600.0
OGLE-TR-211 b,OGLE-TR-211,3.67724,15.244,710.2804,1686.0,6325.0,1.64,1.33,0.26657,1515.26
Lupus-TR-3 b,Lupus-TR-3,3.91405,9.976,15.9599,1013.56,5000.0,0.82,0.87,-1.46393,773.409
2MASS J04414489+2301513 b,2MASS J04414489+2301513,,12.6,0.0,17.6,2936.0,0.231916,0.019,-2.44363,120.42398696
WASP-21 b,WASP-21,4.322482,11.99,705.0438,1333.0,5800.0,1.06,1.01,0.30426,258.426
CoRoT-10 b,CoRoT-10,13.2406,10.87,16.1089,600.0,5075.0,0.79,0.89,-0.72608,338.386
CoRoT-12 b,CoRoT-12,2.828042,16.14,661.1334,1442.0,5675.0,1.116,1.078,0.07,1126.37
CoRoT-13 b,CoRoT-13,4.03519,9.92,546.5339,1700.0,5945.0,1.01,1.09,0.07314,1148.93
HD 285968 b,HD 285968,8.7836,2.83,5.0456,450.0,3703.49,0.478214,0.5,-1.658,9.47045
HD 205739 b,HD 205739,279.8,13.6,2.8535,362.84,6176.0,1.33,1.22,0.36,92.5087
CoRoT-3 b,CoRoT-3,4.2568,11.32,735.4472,1695.0,6740.0,1.56,1.37,0.39086,768.771
HD 16417 b,HD 16417,17.24,5.0,141.5514,964.0,5841.0,1.639984,1.2,0.44317,25.3936
AB Pic b,AB Pic,,12.3,0.0,15.8,5285.0,0.999394,0.9,-0.22631,50.0475
CT Cha b,CT Cha,,24.66,0.0,2600.0,4403.0,1.679694,,-0.10177,190.72
HD 9446 b,HD 9446,30.052,14.0,30.7942,642.55,5793.0,1.0,1.0,0.04139,50.3503
Kepler-4 b,Kepler-4,3.21346,4.002,1245.431,1650.0,5857.0,1.487,1.223,0.354,487.916
GJ 876 c,GJ 876,30.0881,14.0,0.7384,241.66,3293.74,0.3,0.32,-1.90658,4.67517
HIP 79431 b,HIP 79431,111.7,13.4,0.2179,177.42,3191.0,0.478625,0.49,-1.54921,14.5324
TOI-907.01,TOI-907,4.5849129,9.6158851,1729.6714,1846.6,6272.0,2.059789,1.069357,0.75862,312.529
WASP-31 b,WASP-31,3.4059096,17.363,970.9417,1423.7,6302.0,1.252,1.163,0.33572,383.829
24 Sex b,24 Sex,452.8,13.4,8.2099,471.32,5098.0,4.9,1.54,1.164,72.0691
WASP-37 b,WASP-37,3.577469,13.002,545.3338,1232.5,5800.0,1.003,0.925,-0.021,392.791
Kepler-9 d,Kepler-9,1.592851,1.64,1339.658,2026.0,5777.0,1.02,1.07,-0.038,628.257
KOI-217 b,KOI-217,3.90512,12.442,272.033,1046.0,5545.0,0.86,0.95,-0.16872,914.699
HD 90156 b,HD 90156,49.77,4.43,11.52,518.01,5599.0,0.920286,0.84,-0.14267,21.9496
HD 177830 c,HD 177830,110.9,7.87,18.3487,538.95,4949.0,2.62,1.47,0.68502,62.7674
ups And b,ups And,4.617033,14.0,955.9835,1523.73,6156.77,1.56,1.3,0.52541,13.4054
ups And d,ups And,1276.46,12.5,0.5308,233.9,6156.77,1.56,1.3,0.52541,13.4054
OGLE-2017-BLG-0373L b,OGLE-2017-BLG-0373L,,14.0,,,,,0.248,,5915.0
Kepler-1737 b,Kepler-1737,64.61750031,5.395,5.09,383.0,5043.0,0.881,0.834,-0.344,
K2-269 b,K2-269,4.144965,1.57,1041.5274,1429.0,6209.0,1.45,1.16,0.46786,360.76
TOI-1249 b,TOI-1249,13.079151,3.2710301,48.6058,726.89,5497.0,0.9785,1.0062,-0.10127,139.49
Kepler-106 d,Kepler-106,23.9802,0.95,45.357,649.0,5858.0,1.04,1.0,0.08255,444.322
Kepler-1031 b,Kepler-1031,1.22621732,0.87,3973.86,2024.0,6011.0,1.12,1.09,0.17,682.882
CD-35 2722 B b,CD-35 2722 B,171.11,13.9,0.006,77.39,1800.0,0.159,0.035,-3.62,
Kepler-948 b,Kepler-948,7.76846622,1.85,126.203,841.0,5679.0,0.94,0.96,-0.10938,868.017
OGLE-2014-BLG-0319L b,OGLE-2014-BLG-0319L,,14.1,,,,,0.52,,7730.0
OGLE-2018-BLG-1011L b,OGLE-2018-BLG-1011L,,13.5,,,,,0.18,,7100.0
WASP-61 b,WASP-61,3.8559,15.80469,1062.0298,1624.4,6250.0,1.55,1.82,0.42541,488.66
KMT-2022-BLG-0303L b,KMT-2022-BLG-0303L,,14.2,,,,,0.368,,6570.0
OGLE-2019-BLG-0954L b,OGLE-2019-BLG-0954L,,12.3,,,,,0.8,,3630.0
WASP-123 b,WASP-123,2.97764359,15.13212395,758.324,1500.0,5740.0,1.285,1.166,0.16234,197.996
Kepler-1882 b,Kepler-1882,13.78730011,1.48674404,122.1,894.0,5691.0,1.458,1.068,0.23674,443.371
KOI-984 b,KOI-984,4.2881785,4.3,186.31,1022.0,5295.0,0.818,0.928,-0.324,252.667
Kepler-1573 b,Kepler-1573,2.6157554,1.2,1343.114,1379.0,5808.0,1.0,1.01,0.16867,1455.36
Kepler-802 b,Kepler-802,40.0587473,3.54,13.508,489.0,5507.0,0.9,0.93,-0.22563,780.585
KMT-2023-BLG-1454L b,KMT-2023-BLG-1454L,,14.1,,,,,0.17,,7220.0
Kepler-1440 b,Kepler-1440,39.859484,1.26,44.728,597.0,5698.0,0.96,0.98,0.37679,1115.35
WASP-130 b,WASP-130,11.55098,9.97601,56.355,833.0,5625.0,0.96,1.04,-0.03215,172.256
OGLE-2017-BLG-1049L b,OGLE-2017-BLG-1049L,,12.8,,,,,0.55,,5670.0
Kepler-949 b,Kepler-949,8.689307296,2.91,58.442,782.0,5403.0,0.86,0.89,-0.44164,486.105
Kepler-1964 b,Kepler-1964,2.440829992,1.7810587,223.8,986.0,4803.0,0.698,0.752,-0.631,
KMT-2023-BLG-1592L b,KMT-2023-BLG-1592L,,14.1,,,,,0.55,,7200.0
OGLE-2019-BLG-0362L b,OGLE-2019-BLG-0362L,,13.1,,,,,0.42,,5830.0
KMT-2017-BLG-1057L b,KMT-2017-BLG-1057L,,5.19,,,,,0.57,,6500.0
KMT-2025-BLG-1616L b,KMT-2025-BLG-1616L,,7.34,,,,,0.26,,7500.0
Wolf 327 b,Wolf 327,0.5734745,1.24,233.9,996.0,3542.0,0.406,0.405,-1.62986,28.5321
Kepler-62 f,Kepler-62,267.291,1.41,0.5,208.0,4925.0,0.64,0.69,-0.678,300.874
WASP-53 c,WASP-53,2840.0,,0.0247,110.47,4953.0,0.798,0.839,-0.46344,201.338
KMT-2023-BLG-1743L b,KMT-2023-BLG-1743L,,12.1,,,,,0.11,,7130.0
TOI-5789 c,TOI-5789,12.927748,2.86,8.7194,718.0,5185.0,0.833,0.821,-0.32883,20.4581
MOA-2019-BLG-008L b,MOA-2019-BLG-008L,,12.2,,,,,0.9,,2700.0
OGLE-2016-BLG-1598L b,OGLE-2016-BLG-1598L,,13.6,,,,,0.55,,5910.0
OGLE-2017-BLG-1275L b,OGLE-2017-BLG-1275L,,12.8,,,,,0.63,,7690.0
HATS-44 b,HATS-44,2.7439004,11.960003,306.417,1161.0,5080.0,0.847,0.86,-0.39794,446.035
HD 160691 b,HD 160691,645.0,,0.8439,262.13,5773.0,1.33,1.13,0.27848,15.5981
Kepler-132 b,Kepler-132,6.178196,1.21,284.8,1082.0,6003.0,1.178,0.929,0.211,349.549
KMT-2021-BLG-0192L b,KMT-2021-BLG-0192L,,6.56,,,,,0.27,,5120.0
Kepler-49 b,Kepler-49,7.2,2.579,21.481,509.0,4095.6,0.618,0.607,-1.13077,311.222
KMT-2016-BLG-2364L b,KMT-2016-BLG-2364L,,13.0,,,,,0.5,,6440.0
Kepler-218 c,Kepler-218,44.699576,3.14,16.147,500.0,5502.0,1.063,1.019,0.00935,656.38
GJ 328 c,GJ 328,241.8,4.91,0.1927,184.01,3897.0,0.63,0.65,-1.08,20.5266
K2-212 b,K2-212,9.795647,2.65,21.964,542.0,4349.0,0.678,0.622,-0.90958,109.218
KMT-2022-BLG-1818L c,KMT-2022-BLG-1818L,,13.2,,,,,0.79,,5300.0
Qatar-8 b,Qatar-8,3.71495,14.403565,698.148,1457.0,5738.0,1.315,1.029,0.22789,281.498
KMT-2018-BLG-0885L b,KMT-2018-BLG-0885L,,11.9,,,,,0.29,,6890.0
KMT-2016-BLG-2321L b,KMT-2016-BLG-2321L,,13.8,,,,,0.73,,3580.0
Kepler-74 b,Kepler-74,7.340711,10.76,337.682,1078.0,6000.0,1.12,1.18,0.3321,1177.55
OGLE-2017-BLG-0482L b,OGLE-2017-BLG-0482L,,2.95,,,,,0.2,,5800.0
PSR B0329+54 b,PSR B0329+54,10140.0,1.22,,,,,1.44,,504.93312058
K2-140 b,K2-140,6.569188,13.56286665,204.0,962.0,5585.0,1.06,0.96,-0.04915,347.917
HD 184010 c,HD 184010,484.3,11.8,7.3558,457.53,4971.0,4.86,1.35,1.11694,60.7993
EPIC 201595106 b,EPIC 201595106,0.87724,1.565,2852.0,2038.0,5679.0,0.98,0.958,-0.04915,232.1
TOI-1203 e,TOI-1203,204.59,7.31,,,5737.0,1.179,0.886,0.12977,64.9943
Kepler-1503 b,Kepler-1503,96.16987,2.27,5.636,321.0,5069.0,0.74,0.77,-0.14398,1225.57
Kepler-1781 b,Kepler-1781,4.88752985,2.38091029,239.11,1003.0,5568.0,0.957,1.053,-0.36088,962.63
Kepler-57 c,Kepler-57,11.6,2.196,48.574,671.0,5187.9,0.826,0.859,-0.34241,644.14
Kepler-1124 b,Kepler-1124,2.852348975,1.28,50.777,621.0,3658.0,0.34,0.35,-1.32347,289.899
Kepler-1581 b,Kepler-1581,6.28385491,0.8,470.862,1108.0,6022.0,1.23,1.12,0.39085,493.175
K2-136 c,K2-136,17.30723,3.0,11.91,470.0,4500.0,0.677,0.742,-0.7765,59.2474
HD 39091 b,HD 39091,2088.8,12.3,0.1342,172.74,5998.0,1.17,1.07,0.15957,18.2702
LHS 1815 b,LHS 1815,3.814334,1.088,62.1493,617.0,3643.0,0.501,0.502,-1.38722,29.8424
Kepler-464 b,Kepler-464,7.256965224,3.3,495.005,1163.0,5933.0,1.59,1.21,0.48379,667.604
Kepler-1580 b,Kepler-1580,56.6449279,2.11,83.088,733.0,6228.0,2.15,1.47,0.92628,1002.02
Kepler-198 d,Kepler-198,1.31184443,1.53,1444.516,1562.0,5636.0,0.93,0.97,-0.1089,495.358
HD 50554 b,HD 50554,1240.0,12.8,0.2738,192.65,6050.0,1.02,1.1,0.17543,31.1664
HD 73267 c,HD 73267,17071.78045,12.8,0.0049,69.53,5387.0,0.909,0.93,-0.106,50.4093
Kepler-580 b,Kepler-580,8.222419656,2.57,24.063,558.0,4298.0,0.64,0.67,-0.89626,323.899
KOI-12 b,KOI-12,17.855182,13.78707,196.507,911.0,6635.0,1.4,1.5,0.62645,399.398
Kepler-637 b,Kepler-637,23.20584623,4.75,63.805,1002.0,6096.0,2.56,1.64,0.38249,786.091
HD 29985 b,HD 29985,20608.14049,12.8,0.0008,46.73,4678.0,0.574666,0.75,-0.84623,31.2707
HD 165155 b,HD 165155,434.5,13.2,0.5482,239.9,5426.0,0.95,1.02,-0.1549,63.3574
HD 22946 d,HD 22946,47.42489,2.607,18.561,546.0,6169.0,1.117,1.098,0.20919,62.7792
Kepler-1697 b,Kepler-1697,33.4969,1.25954761,37.3,630.0,4681.53,0.772344,0.747,-0.58813,247.771
Kepler-674 b,Kepler-674,2.243381847,1.69,146.511,822.0,4192.0,0.57,0.6,-0.90665,342.254
Kepler-873 b,Kepler-873,20.5533844,3.75,68.015,749.0,6163.0,1.27,1.18,0.13449,1182.22
Kepler-783 b,Kepler-783,4.29264638,0.78,229.104,991.0,5521.0,0.89,0.93,-0.23092,516.09
HD 31527 c,HD 31527,51.2053,3.85,16.9215,571.07,5898.0,1.073694,0.96,0.07918,38.4473
Kepler-1955 b,Kepler-1955,14.26519966,1.16654878,114.3,853.0,5825.0,1.291,1.049,0.22965,449.351
Kepler-1684 b,Kepler-1684,47.7055,2.87084792,3.42,347.0,4706.54,0.666755,0.75,-0.70657,621.996
Kepler-322 c,Kepler-322,4.337234,1.67,203.406,996.0,5388.0,0.89,0.908,-0.28786,400.48
Qatar-5 b,Qatar-5,2.8792319,12.408363,669.0,1415.0,5747.0,1.076,1.128,0.05614,367.658
Kepler-399 c,Kepler-399,26.67569,1.43,15.69,630.0,5502.0,0.68,0.902,-0.418,740.537
DMPP-2 c,DMPP-2,3.168,8.26,553.7504,1910.88,6500.0,1.78,1.41,0.1038,137.94
TOI-1062 b,TOI-1062,4.11296,2.265,232.0,1077.0,5328.0,0.84,0.94,-0.27446,82.1733
TOI-1759 b,TOI-1759,18.85019,3.14,6.39,443.0,4065.0,0.597,0.606,-1.05715,40.0654
TOI-2285 b,TOI-2285,13.635109,1.77,3.91,358.0,3491.0,0.464,0.454,-1.54212,42.409
Kepler-546 b,Kepler-546,4.147020258,7.0,690.13,1258.0,5967.0,1.15,1.11,0.27057,1019.65
Kepler-682 b,Kepler-682,12.611906672,7.37,306.102,753.0,5559.0,0.89,0.92,0.47994,1979.25
TOI-220 b,TOI-220,10.695264,3.03,137.7252,805.0,5298.0,0.858,0.825,-0.26668,90.7402
TOI-5624 f,TOI-5624,45.37,3.66,8.6817,478.5,5327.0,0.82,0.858,-0.31336,101.913
Kepler-242 b,Kepler-242,8.20395,2.61,43.768,742.0,5020.0,0.85,0.748,-0.61267,600.241
Kepler-258 b,Kepler-258,13.19722,4.06,27.791,642.0,4942.0,0.915,0.82,-0.57541,575.988
TOI-4898 b,TOI-4898,2.76520470167,3.7197954,33.0144,667.0,4201.57,0.639344,0.619077,-1.10104,98.5958
Kepler-1292 b,Kepler-1292,3.27646405,1.82,521.101,1195.0,5556.0,0.93,0.95,-0.09051,1493.43
HD 128717 b,HD 128717,3420.0,12.1,0.0892,151.9,6210.0,1.248,1.212,0.322,73.636
TOI-3278 b,TOI-3278,3.246456,13.89913607,1030.0,1561.0,5720.0,1.39,1.04,0.24831,904.752
Kepler-103 b,Kepler-103,15.9653287,3.4857,150.536,973.0,6047.0,1.492,1.212,0.42431,494.832
TOI-4492 b,TOI-4492,4.4331824,11.78063872,510.0,1207.0,5711.0,1.222,1.067,0.15546,143.184
pi Men d,HD 39091,124.64,3.72,5.6398,443.55,5998.0,1.19,1.07,0.15957,18.2702
Kepler-1058 b,Kepler-1058,110.96546,2.72,0.77,239.0,4644.0,0.69,0.73,-0.31631,491.997
Kepler-160 b,Kepler-160,4.309397,1.715,396.619,1134.0,5471.0,1.118,1.003,0.00432,937.013
Kepler-1365 b,Kepler-1365,7.69993485,0.92,456.25,969.0,5770.0,1.05,1.0,0.42479,840.128
Kepler-346 c,Kepler-346,23.851549,3.07,23.812,654.0,6033.0,1.021,0.943,-0.15256,984.105
Kepler-1489 b,Kepler-1489,82.294751,1.77,11.893,400.0,5655.0,0.9,0.93,0.19764,1283.05
Kepler-1126 b,Kepler-1126,108.593329,1.73,4.55,374.0,5798.0,0.93,0.92,-0.09926,635.736
Kepler-1914 b,Kepler-1914,30.82789993,2.9429803,27.66,585.0,5982.0,0.96,1.047,0.07728,1621.56
HATS-43 b,HATS-43,4.3888497,13.22662,192.2328,1003.0,5099.0,0.812,0.837,-0.39794,362.273
Kepler-685 b,Kepler-685,1.6255222,10.58,1137.124,1579.0,5963.0,1.16,1.11,-0.05138,938.715
Kepler-1303 b,Kepler-1303,7.56127224,1.42,182.375,891.0,5771.0,1.0,1.01,-0.00195,897.783
Kepler-1016 b,Kepler-1016,1.954524342,2.18,1445.204,1540.0,5821.0,1.0,0.99,0.12363,1402.82
HIP 54373 c,HIP 54373,15.144,3.57,6.1142,463.2,4021.0,0.564998,0.57,-1.22239,18.7168
L 363-38 b,L 363-38,8.781,2.0,5.6424,330.0,3129.0,0.274,0.21,-1.88606,10.2295
HAT-P-46 b,HAT-P-46,4.463129,14.392,1405.4798,1458.0,6120.0,1.396,1.284,0.391,290.736
K2-396 c,K2-396,25.76051,3.124,,,5236.0,0.92,0.954,-0.23007,274.864
TOI-1107 b,TOI-1107,4.0782387,14.57167491,532.0,1728.0,6311.0,1.81,1.35,0.67117,281.314
KOI-319 c,KOI-319,80.099,11.9,,,5880.0,2.064,1.325,0.71818,660.138
Kepler-1992 b,Kepler-1992,15.6112238,0.91,38.99,637.0,5383.0,0.842,0.874,-0.00858,532.955
Kepler-134 b,Kepler-134,5.317429,2.0,301.367,1105.0,5983.0,1.176,0.956,0.06051,334.797
TOI-912 b,TOI-912,4.6780691,1.93,15.0,551.0,3572.0,0.419,0.418,-1.59007,26.1072
TOI-913 b,TOI-913,11.098644,2.4528,110.0592,712.01,4969.0,0.7325,0.82,-0.53057,65.1769
TOI-1105 b,TOI-1105,10.86818410933,3.05823658,54.3341,756.37,4678.46,0.755833,0.74,-0.61342,79.5225
Kepler-559 b,Kepler-559,17.58752333,3.61,42.543,706.0,5630.0,0.95,0.96,-0.12141,776.708
WASP-34 b,WASP-34,4.31768,11.209,229.962,1250.0,5700.0,0.91,0.96,0.0393,132.096
Kepler-1426 b,Kepler-1426,14.2563227,1.56,95.22,797.0,5831.0,1.02,1.02,0.0355,1697.81
OGLE-2014-BLG-0676L b,OGLE-2014-BLG-0676L,,13.1,,,,,0.6,,1880.0
Kepler-156 b,Kepler-156,4.973456,2.3,135.077,867.0,5094.0,0.807,0.864,-0.43985,443.483
HATS-64 b,HATS-64,4.908897,18.819911,1711.0,1793.0,6554.0,2.113,1.564,0.86747,1080.15
Kepler-610 b,Kepler-610,6.996926554,4.19,139.072,888.0,5943.0,1.13,1.1,-0.11034,845.824
TOI-2322 c,TOI-2322,20.225528,1.874,10.15,496.8,4664.0,0.662,0.703,-0.74232,59.861
TOI-2322 b,TOI-2322,11.30717,0.994,22.04,603.1,4664.0,0.662,0.703,-0.74232,59.861
Kepler-524 c,Kepler-524,1.88897906,0.96,2959.338,1574.0,6014.0,1.1,1.09,0.43947,1058.24
Kepler-398 c,Kepler-398,11.419412,1.01,20.556,536.0,4493.0,0.613,0.649,-0.81101,177.355
Kepler-1916 b,Kepler-1916,31.25429916,2.61757235,38.54,635.0,6246.0,1.092,1.18,0.21407,2055.82
TIC 320419023 b,TIC 320419023,5.26375651589,2.77280763,,,5703.36,0.952319,1.056,-0.01971,288.893
HD 108236 f,HD 108236,29.54115,2.017,22.9084,609.59,5660.0,0.877,0.869,-0.14997,64.5978
Kepler-1617 b,Kepler-1617,27.4785572,1.2,64.689,736.0,6167.0,1.22,1.15,0.34078,898.31
HD 206893 c,HD 206893,2290.0,16.36511182,0.2043,1181.9,6500.0,1.31116,1.31,0.4561,40.7583
TOI-4527.01,TOI-4527,0.3994445,0.9086617,571.5072,1362.93,3702.0,0.485948,0.483901,-1.39838,18.1037
K2-255 b,K2-255,1.96417,2.9,215.9107,1034.0,4676.0,0.69,0.71,-0.79022,191.608
Kepler-1678 b,Kepler-1678,147.974,3.30422249,2.78,329.0,5754.0,0.834976,1.03,-0.16208,847.339
HD 224018 b,HD 224018,10.6413,0.91,146.7499,968.0,5784.0,1.147,1.013,0.12385,105.48
Kepler-1334 b,Kepler-1334,15.64591713,2.29,78.355,710.0,5614.0,0.91,0.94,0.0276,1223.04
Kepler-480 b,Kepler-480,4.919583795,2.78,764.078,1312.0,6322.0,1.34,1.25,0.47779,847.508
Kepler-1382 b,Kepler-1382,16.3583055,1.88,198.471,959.0,6161.0,1.72,1.36,0.57225,738.261
TOI-2068 b,TOI-2068,7.768915,1.821,12.23,520.62,3710.0,0.535,0.559,-1.31069,52.9328
Kepler-1030 b,Kepler-1030,19.32952416,2.48,16.881,529.0,4983.0,0.76,0.8,-0.55288,758.702
HD 153950 b,HD 153950,499.39999,13.2,1.355,295.3,6124.0,1.28,1.25,0.34635,48.4549
CoRoT-11 b,CoRoT-11,2.99433,16.03,1890.649,1657.0,6440.0,1.37,1.27,0.37753,655.037
TOI-286 c,TOI-286,39.361826,1.88,22.4437,475.0,5152.0,0.78,0.832,-0.41364,59.2293
TOI-1806.01,TOI-1806,15.1454693,3.4095367,2.1473,337.47,3272.0,0.401575,0.392935,-1.77852,55.5211
TOI-4443.01,TOI-4443,1.8498567,1.7193265,1194.2104,1638.82,5834.0,1.01733,1.049133,0.03349,56.0739
K2-136 b,K2-136,7.97525,1.014,33.5,610.0,4500.0,0.677,0.742,-0.7765,59.2474
HAT-P-52 b,HAT-P-52,2.7535953,11.309881,227.759,1218.0,5131.0,0.893,0.887,-0.30452,361.155
TOI-4747 b,TOI-4747,5.21924158592,3.95803201,190.795,1035.0,5595.08,0.988751,1.01,-0.03529,304.615
Kepler-891 b,Kepler-891,53.44945593,6.41,44.326,486.0,5887.0,1.07,1.06,0.58754,2340.58
Kepler-1159 b,Kepler-1159,22.70816791,2.37,80.984,677.0,6217.0,1.28,1.19,0.29847,1213.71
HATS-18 b,HATS-18,0.83784,14.896761,2990.0,2069.48,5600.0,1.02,1.037,-0.03152,624.368
GJ 676 A e,GJ 676 A,35.47358,2.47,2.7678,351.55,3734.0,0.69,0.626,-1.04251,16.0272
Kepler-48 c,Kepler-48,9.67395,2.71,67.593,736.0,5194.0,0.89,0.88,-0.28926,306.738
Kepler-889 b,Kepler-889,3.744439,1.09,954.588,1328.0,5961.0,1.25,1.14,0.38344,598.313
HR 2562 b,HR 2562,,12.44199,0.0069,1255.0,6597.0,1.334,1.3,0.53147,34.0071
Kepler-1804 b,Kepler-1804,12.28849983,1.59615726,164.61,913.0,5109.0,1.671,0.929,-0.51152,434.456
Kepler-1188 b,Kepler-1188,17.1369543,2.08,165.573,775.0,5913.0,1.06,1.04,0.39786,1717.48
HD 21411 b,HD 21411,84.288,9.52,4.1365,408.17,5605.0,0.825605,0.89,-0.26595,29.1328
Kepler-1281 b,Kepler-1281,3.11602791,1.64,375.55,1123.0,5353.0,0.83,0.87,-0.292,1090.0
Kepler-128 b,Kepler-128,15.0,1.421,227.398,968.0,6072.0,1.659,1.184,0.57542,396.379
Kepler-1693 b,Kepler-1693,12.0999,1.28938413,100.37,807.0,5432.34,0.878295,0.95,-0.21808,760.065
Kepler-104 b,Kepler-104,11.427548,3.1,119.907,852.0,5711.0,1.349,0.818,0.08926,400.785
Kepler-1849 b,Kepler-1849,57.29290009,2.38685349,3.76,355.0,4806.0,0.729,0.709,-0.66231,631.884
Kepler-1036 b,Kepler-1036,122.8808058,3.01,2.821,326.0,5533.0,0.89,0.95,-0.20151,489.435
Kepler-419 c,Kepler-419,675.47,12.6,1.8888,315.55,6430.0,1.74,1.39,0.7268,1011.36
2MASS J22362452+4751425 b,2MASS J22362452+4751425,,12.3,0.0,10.3,4045.0,0.641152,0.6,-1.02143,69.5737
Kepler-1191 b,Kepler-1191,5.60014851,1.51,167.184,952.0,5308.0,0.81,0.85,-0.22611,955.536
Kepler-511 c,Kepler-511,26.62949944,4.20964327,101.6,742.0,5866.0,1.417,0.958,0.49754,651.999
XO-5 b,XO-5,4.1877558,12.78,397.4799,1230.0,5430.0,1.13,1.04,-0.06,276.211
Kepler-1825 b,Kepler-1825,1.025869966,1.42200732,1264.7,1520.0,5123.0,0.847,0.828,-0.53158,430.254
Kepler-1074 b,Kepler-1074,5.94566534,1.25,27.569,568.0,4002.0,0.57,0.6,-1.12071,250.817
pi Men c,HD 39091,6.2678399,2.0189,309.0,1169.8,5998.0,1.17,1.07,0.15836,18.2702
TIC 183374187 b,TIC 183374187,5.05907,14.03364384,,1379.0,5768.0,1.344,0.853,0.23952,1208.75
GJ 1061 d,GJ 1061,13.066,1.16,0.6,242.03,2953.0,0.156,0.12,-2.76955,3.67278
Kepler-1987 d,Kepler-1987,5.644914154,2.66,72.38,744.0,4769.0,0.714,0.799,-0.61631,595.683
Kepler-245 b,Kepler-245,7.49019,2.57,77.749,753.0,5100.0,0.795,0.856,-0.39579,861.527
Kepler-131 c,Kepler-131,25.5169,0.84,35.736,615.0,5685.0,1.03,1.02,0.02191,228.678
Kepler-144 c,Kepler-144,10.104665,1.35,207.247,1046.0,6075.0,1.235,1.154,0.28203,384.917
HD 93385 c,HD 93385,13.18,2.56,128.3482,937.43,5977.0,1.18484,1.04,0.20683,43.3475
Kepler-431 c,Kepler-431,8.703,0.668,415.545,951.0,6004.0,1.092,1.071,0.49839,486.546
HD 106270 b,HD 106270,1888.0,12.4,0.511,237.07,5509.0,2.66,1.39,0.75587,93.808
TOI-5720 b,TOI-5720,1.4344555,1.09,41.7,708.0,3325.0,0.383,0.383,-1.79183,35.8256
Kepler-203 d,Kepler-203,11.32972,1.44,121.816,855.0,5821.0,1.114,1.06,0.0937,703.302
Kepler-230 c,Kepler-230,91.773242,2.04,2.976,359.0,5588.0,0.817,0.784,-0.36784,740.754
Kepler-1091 b,Kepler-1091,1.434741564,1.46,1740.858,1664.0,5851.0,1.03,1.01,0.07961,914.299
Kepler-1129 b,Kepler-1129,24.3397804,2.96,32.265,737.0,5831.0,1.0,1.0,-0.0274,1183.88
Kepler-472 b,Kepler-472,4.176255514,3.22,139.236,876.0,4996.0,0.78,0.85,-0.51255,306.602
Kepler-1275 b,Kepler-1275,3.65691115,1.48,822.484,1368.0,6296.0,1.36,1.23,0.31503,1153.98
Kepler-1690 b,Kepler-1690,234.636,2.81109223,1.2,267.0,5404.0,0.862346,0.94,-0.24308,703.789
HD 75898 c,HD 75898,6717.0,12.6,0.0528,135.2,6122.0,1.55,1.295,0.46,78.0505
K2-386 b,K2-386,7.473223,2.32,,,5749.0,0.97,0.911,-0.01919,428.785
TOI-7510 c,TOI-7510,22.5687423,10.81,92.4087,702.0,5720.0,1.035,1.063,0.01115,249.006
Kepler-718 b,Kepler-718,2.052349905,16.56,1324.2,1497.0,6191.0,1.3,1.18,0.13394,1302.33
Kepler-1342 b,Kepler-1342,2.215710358,1.66,559.275,1283.0,5527.0,0.9,0.93,-0.26092,890.724
WASP-174 b,WASP-174,4.2337005,16.10730527,901.9,1528.0,6399.0,1.347,1.24,0.43616,410.149
Kepler-1713 b,Kepler-1713,18.01160049,1.71673535,144.3,900.0,6477.0,1.459,1.3,0.48598,295.293
Kepler-1121 b,Kepler-1121,13.15141081,1.91,205.272,1008.0,6231.0,1.59,1.29,0.47495,482.047
Kepler-197 c,Kepler-197,10.349695,1.23,189.965,930.0,6004.0,1.12,0.857,0.22187,330.575
TOI-1294 b,TOI-1294,3.915292,10.12369881,311.498,1392.74,5718.0,1.5566,1.1578,0.36847,332.648
Kepler-1195 b,Kepler-1195,8.49642241,2.08,79.03,702.0,4965.0,0.71,0.74,-0.44607,918.566
GJ 328 b,GJ 328,3771.0,13.3,0.0049,73.57,3897.0,0.63,0.65,-1.08,20.5266
EPIC 212737443 c,EPIC 212737443,65.55,2.69,2.2653,316.0,4684.0,0.673,0.69,-0.75057,336.25
Kepler-1783 b,Kepler-1783,8.277440071,1.31946731,65.5,1088.0,5129.0,1.781,0.887,-0.45102,264.078
HD 50499 c,HD 50499,8619.9,13.2,0.0292,116.69,6099.0,1.42,1.31,0.37632,46.2845
Kepler-874 b,Kepler-874,40.0686727,3.94,31.624,560.0,6020.0,1.13,1.09,0.13758,1082.16
Kepler-235 b,Kepler-235,3.340222,2.23,44.0,731.0,4255.0,0.554,0.581,-1.10237,428.018
HD 98219 b,HD 98219,433.8,13.4,7.0547,453.77,4925.0,4.6,1.41,1.04922,113.704
Kepler-625 b,Kepler-625,7.75192492,1.99,407.833,852.0,5789.0,0.96,1.04,0.40647,760.708
Kepler-1178 b,Kepler-1178,31.80634,1.07,23.237,378.0,4990.0,0.75,0.8,-0.27723,482.287
K2-407 b,K2-407,4.941907,1.283,,,5563.0,0.927,0.881,-0.12724,218.376
KOI-351 b,KOI-351,7.008151,1.31,316.442,1062.0,6080.0,1.2,1.2,0.26853,848.254
WASP-151 b,WASP-151,4.5334775,13.30506009,460.0,1312.0,5871.0,1.181,1.081,0.14485,453.099
K2-289 b,K2-289,13.156969,9.1,27.3178,753.0,5529.0,1.025,0.953,-0.50479,274.3
GJ 1002 b,GJ 1002,10.3465,1.03,0.67,230.9,3024.0,0.137,0.12,-2.85201,4.84867
Kepler-1143 c,Kepler-1143,210.630591,3.6,0.568,234.0,5053.0,0.77,0.81,-0.62275,555.189
TOI-2587 A b,TOI-2587 A,5.45664,12.07207221,728.0,1445.0,5760.0,1.726,1.15,0.47129,373.675
Kepler-1154 b,Kepler-1154,5.1856142,2.34,652.966,1314.0,6327.0,1.43,1.26,0.45174,1460.1
Kepler-60 b,Kepler-60,7.1334,1.71,318.0,1102.0,5905.0,1.257,1.041,0.36906,1025.1
Kepler-85 c,Kepler-85,12.51,1.978,61.929,706.0,5505.2,0.875,0.928,-0.2123,765.025
TOI-2081 b,TOI-2081,10.50534,2.04,8.1,488.0,3800.0,0.534,0.54,-1.33847,62.3446
Kepler-1780 b,Kepler-1780,109.4449997,3.60600667,3.14,340.0,5403.0,0.868,0.868,-0.2166,790.516
Kepler-1818 b,Kepler-1818,4.644909859,1.71360684,504.23,1209.0,6047.0,1.129,1.021,0.261,1034.59
TOI-871 b,TOI-871,14.362565,1.664,24.78,621.0,4929.0,0.719,0.758,-0.56004,68.0473
GJ 251 c,GJ 251,53.647,1.8,0.404,216.0,3342.0,0.36,0.35,-1.80967,5.58057
Kepler-1518 c,Kepler-1518,9.6310258,2.9,338.33,1094.0,6432.0,1.345,1.06,0.69092,903.51
Kepler-1718 b,Kepler-1718,135.1880035,2.5685207,3.7,345.0,5731.0,0.906,0.846,-0.0399,375.522
TOI-4914 b,TOI-4914,10.60057,12.87,18.1082,894.0,5805.0,1.0,1.03,0.00903,299.89
USco1556 b,USco1556 A,,12.3,0.0,2240.0,3410.0,0.668108,0.33,-1.09,140.635
Kepler-109 c,Kepler-109,21.22265,2.65,91.0,859.0,5950.0,1.387,1.094,0.34654,474.861
Kepler-101 c,Kepler-101,6.02976,1.25,596.069,1413.0,5667.0,1.56,1.17,0.42034,927.981
Kepler-1200 b,Kepler-1200,1.118549717,1.06,544.534,1174.0,4612.0,0.7,0.74,-0.68923,588.715
NY Vir b,NY Vir,3160.0,13.3,2.178,338.12,32780.0,0.151,0.459,1.37508,544.024
TOI-4137 b,TOI-4137,3.8016122,13.57407563,1013.0,1570.0,6202.0,1.438,1.313,0.43933,334.993
Kepler-1630 b,Kepler-1630,509.997402,2.19,0.26,182.0,4736.0,0.63,0.66,-0.6464,331.213
Kepler-475 b,Kepler-475,3.105508189,2.49,215.462,980.0,5009.0,0.79,0.86,-0.46424,280.069
Kepler-1978 b,Kepler-1978,10.84969477,2.67,49.3,676.0,5251.0,0.778,0.869,-0.29793,865.512
Kepler-1836 b,Kepler-1836,5.254169941,2.55303229,338.15,1093.0,6123.0,0.987,1.053,0.01616,1472.62
Kepler-887 c,Kepler-887,7.63846023,1.13,407.977,1089.0,6194.0,1.29,1.19,0.44617,886.588
Kepler-350 c,Kepler-350,17.849,3.1,138.415,888.0,6492.3,1.25,1.0,0.42842,956.859
Kepler-816 b,Kepler-816,10.506825646,10.24,50.563,668.0,5286.0,0.85,0.9,-0.37445,983.697
HD 51608 b,HD 51608,14.0726,3.62,50.8256,759.92,5358.0,0.916136,0.8,-0.24413,35.0553
HD 125390 b,HD 125390,1757.39151,11.9,1.0874,320.26,4882.0,6.47,1.82,1.12354,153.647
Kepler-1947 b,Kepler-1947,6.963630199,1.0101666,229.4,1298.0,6040.0,1.686,0.984,0.11057,468.771
Kepler-81 d,Kepler-81,20.837846,1.21,7.507,418.0,4500.0,0.595,0.648,-0.88941,348.291
Kepler-1827 b,Kepler-1827,3.700619936,1.85644292,1113.4,1329.0,5423.0,1.404,0.915,0.187,686.461
TOI-1768.01,TOI-1768,7.337703649,3.453,240.87,1566.0,5994.0,1.1,1.1,0.145,157.597
HIP 10090 c,HIP 10090,321.82,13.9,1.9857,338.35,5661.0,1.38268,0.94,0.20641,82.3937
Kepler-855 b,Kepler-855,7.886631104,8.35,405.183,996.0,5835.0,1.03,1.03,0.33305,1506.58
TOI-205 b,TOI-205,4.25300773815,2.50121142,1740.9224,1799.55,6302.74,1.45382,1.2,0.45558,177.759
Kepler-1886 b,Kepler-1886,24.2758007,2.58158428,26.68,580.0,5745.0,0.837,0.928,-0.16101,1059.51
Kepler-279 c,Kepler-279,35.736,4.3,60.157,774.0,6689.45,1.07,1.1,0.5188,1037.4
TOI-1839 b,TOI-1839,1.4237828,2.27,1051.0,1585.0,5347.0,0.89,0.86,-0.264,116.086
TOI-1839 c,TOI-1839,4.0239478,2.5,263.0,1121.0,5347.0,0.89,0.86,-0.264,116.086
KMT-2023-BLG-1810L b,KMT-2023-BLG-1810L,,12.6,,,,,0.56,,7000.0
KMT-2023-BLG-0084L b,KMT-2023-BLG-0084L,,13.3,,,,,0.23,,4000.0
K2-401 b,K2-401,6.293099,2.262,,,4213.0,0.675,0.87,-0.8353,200.727
TOI-3807 b,TOI-3807,2.8989727,18.49481816,1230.0,1646.0,5772.0,1.468,1.181,0.33244,421.745
Kepler-931 b,Kepler-931,8.03755877,1.33,72.44,744.0,5241.0,0.81,0.86,-0.35,490.0
TOI-286 b,TOI-286,4.5117244,1.42,889.5827,979.0,5152.0,0.78,0.832,-0.41364,59.2293
Kepler-106 e,Kepler-106,43.8445,2.56,20.294,531.0,5858.0,1.04,1.0,0.08255,444.322
GSC 06214-00210 b,GSC 06214-00210,,20.1762,0.0,2300.0,4200.0,0.90484,0.9,-0.42,108.5
HD 89839 b,HD 89839,3391.2,12.8,0.1067,159.03,6314.0,1.28588,1.21,0.37479,57.3063
Kepler-520 b,Kepler-520,19.67416124,1.66,59.77,711.0,6112.0,1.09,1.1,0.51032,623.901
Kepler-19 b,Kepler-19,9.28699,2.209,87.6,851.0,5541.0,0.859,0.936,-0.16056,218.562
Kepler-1102 b,Kepler-1102,51.3285623,2.66,22.981,546.0,5724.0,0.94,0.96,0.13927,1246.05
Kepler-371 c,Kepler-371,67.968015,1.78,17.063,443.0,5666.0,0.992,0.876,0.24392,813.192
K2-338 b,K2-338,3.850614,1.03,,783.0,4558.0,0.63,0.66,-0.83644,156.951
KELT-16 b,KELT-16,0.9689951,15.860735,6992.0328,2453.0,6236.0,1.36,1.211,0.4014,444.586
Kepler-1681 b,Kepler-1681,69.8956,2.55321772,5.33,442.0,5756.4,0.759,0.893,-0.2933,758.3
TOI-544 c,TOI-544,50.089,4.92,,,4169.0,0.623,0.631,-0.90049,41.1166
Kepler-251 d,Kepler-251,30.133001,2.77,17.477,536.0,5526.0,0.89,0.891,-0.17197,924.625
HD 180902 b,HD 180902,510.9,13.5,4.7959,412.37,4961.0,4.16,1.41,0.97313,104.577
TOI-5624 e,TOI-5624,21.489936,3.247,21.9904,613.8,5327.0,0.82,0.858,-0.31336,101.913
KOINTREAU-1 b,XEST 17-036,,12.4,,,3551.0,,0.26,,158.618
K2-414 c,K2-414,6.669,1.9287,56.13,762.62,4343.0,0.732,0.814,-0.70538,260.036
Kepler-1154 c,Kepler-1154,8.45808312,2.36,339.573,1117.0,6327.0,1.43,1.26,0.45174,1460.1
Kepler-863 b,Kepler-863,15.59461874,2.9,117.828,718.0,5678.0,0.95,0.96,0.21514,1499.66
Kepler-278 c,Kepler-278,51.111,3.268,54.3,492.0,4965.0,2.861,1.227,0.64933,443.03
GJ 180 d,GJ 180,106.3,2.66,0.1362,187.94,3371.0,0.413049,0.43,-1.88606,11.9407
K2-86 b,K2-86,8.77683,1.96,78.0,830.49,5482.0,0.76,0.79,-0.38611,258.699
HD 196050 b,HD 196050,1392.0,12.9,0.2591,207.52,5879.0,1.42,1.27,0.26,50.6742
Kepler-564 b,Kepler-564,3.750832285,4.63,389.404,1129.0,5626.0,0.92,0.95,-0.06437,863.037
Kepler-878 b,Kepler-878,25.9422033,1.93,27.009,501.0,5044.0,0.77,0.81,-0.17433,791.625
HD 120084 b,HD 120084,2142.0,12.7,3.0851,369.24,4879.0,10.37,2.16,1.73783,103.044
TOI-2384 b,TOI-2384,2.13570304,11.48920522,104.3,889.7,3943.0,0.6113,0.635,-1.11907,191.51
Kepler-82 d,Kepler-82,2.382961,1.77,484.351,1253.0,5428.0,0.945,0.946,-0.18507,904.326
Kepler-338 b,Kepler-338,13.726976,2.44,256.606,1005.0,5923.0,1.735,1.105,0.5857,552.798
KOI-884 e,Kepler-247,31.101659,9.54,,,5060.0,0.788,0.887,-0.42165,663.711
K2-87 b,K2-87,9.726618,7.6,85.0,979.0,5747.0,1.401,1.164,-0.09769,491.242
Kepler-983 b,Kepler-983,60.0855082,2.36,30.997,485.0,6052.0,1.08,1.13,0.15,714.437
Kepler-1948 b,Kepler-1948,15.57129955,1.03283226,5.98,399.0,3872.0,0.557,0.585,-0.8617,193.903
Kepler-444 c,Kepler-444,4.5458841,0.497,165.73,868.0,5046.0,0.752,0.758,-0.42455,36.4396
Kepler-1173 b,Kepler-1173,0.7698536,0.89,1462.098,1650.0,5252.0,0.82,0.86,-0.43521,377.06
HD 219077 b,HD 219077,5478.68861,12.5,0.0755,146.68,5362.0,1.91,0.92,0.425,29.1864
Kepler-458 c,KIC 9663113,20.74028413,4.2,279.787,798.0,6117.21,2.21562,1.15,0.7919,1594.74
Kepler-1608 b,Kepler-1608,16.4735686,1.73,33.22,612.0,4992.0,0.72,0.75,-0.537,832.0
TOI-2093 b,TOI-2093,12.836,3.25,19.5345,535.0,4426.0,0.729,0.745,-0.73565,82.7982
EPIC 212499991 b,EPIC 212499991,34.885,1.6,,,4982.79,0.757541,0.912,-0.4966,283.29
Kepler-759 b,Kepler-759,41.805985,2.27,19.02,533.0,5860.0,1.04,1.04,0.061,1073.48
Kepler-563 b,Kepler-563,22.18432708,3.09,18.738,546.0,5066.0,0.77,0.8,-0.44389,565.207
Kepler-296 f,Kepler-296,63.33627,1.8,0.62,274.0,3740.0,0.48,0.498,-1.50864,167.0
Kepler-534 b,Kepler-534,15.95994513,2.24,63.95,721.0,5884.0,0.98,1.05,0.14739,570.659
TOI-512 b,TOI-512,7.18886,1.54,127.0,1009.0,5277.0,0.89,0.74,-0.25696,67.3975
HD 75784 b,HD 75784,341.2,13.8,5.3535,425.98,4867.0,3.4,1.26,0.756,85.4321
Kepler-172 c,Kepler-172,6.388996,2.86,227.225,970.0,5526.0,1.085,1.081,-0.03187,828.592
Kepler-1340 b,Kepler-1340,0.665026916,1.55,4793.001,2174.0,6331.0,1.42,1.27,0.08683,981.779
Kepler-1115 b,Kepler-1115,23.5540725,1.7,516.101,1381.0,8480.0,1.73,1.6,1.25385,983.245
KIC 5437945 b,KIC 5437945,440.7813,6.4,2.9,308.0,6340.0,1.24,1.07,0.64137,1274.01
Kepler-1859 c,Kepler-1859,3.59645081,1.66,732.82,1327.0,5887.0,1.235,1.09,0.15429,1331.25
Kepler-1201 b,Kepler-1201,15.18725932,2.29,89.431,789.0,6177.0,1.24,1.15,0.04424,944.241
Kepler-232 c,Kepler-232,11.379349,3.83,116.524,806.0,5847.0,0.968,0.97,0.05183,1349.13
tau Cet g,tau Cet,20.0,1.18,27.9835,639.65,5310.0,0.83,0.783,-0.30539,3.60304
Kepler-151 b,Kepler-151,15.228958,3.06,40.728,639.0,5460.0,0.83,0.87,-0.33413,649.919
TOI-201 b,TOI-201,52.9786,11.4,68.4513,759.0,6423.0,1.31,1.32,0.41664,113.825
Kepler-207 d,Kepler-207,5.868075,3.31,732.604,1254.0,5920.0,1.588,1.313,0.5343,875.519
GJ 887 e,GJ 887,4.4249,1.12,20.9,544.0,3688.0,0.468,0.495,-1.43415,3.28679
WASP-108 b,WASP-108,2.67555212374,15.13212395,1360.1641,1589.0,6783.0,1.34415,1.167,0.31716,258.777
Kepler-1521 b,Kepler-1521,47.14840805,2.5,5.122,391.0,5042.0,0.76,0.81,-0.5691,206.983
Kepler-238 c,Kepler-238,6.155557,2.39,592.298,1146.0,5751.0,1.43,1.229,0.43048,1798.75
GJ 676 A d,GJ 676 A,3.60076,1.78,59.6154,757.36,3734.0,0.69,0.626,-1.04251,16.0272
Kepler-620 b,Kepler-620,12.91375431,3.32,219.051,849.0,6155.0,1.22,1.15,0.34079,1355.28
TOI-2989 b,TOI-2989,3.122832,12.55405838,124.0,1001.0,4672.0,0.76,0.77,-0.73755,195.795
Kepler-349 c,Kepler-349,12.247629,1.96,94.491,763.0,5956.0,0.927,1.083,-0.0073,940.724
Kepler-1231 b,Kepler-1231,10.41725184,1.42,117.515,870.0,5778.0,1.0,1.01,0.02302,987.237
Kepler-274 b,Kepler-274,11.634788,1.54,147.812,961.0,6023.0,1.007,0.883,0.2013,1333.62
Kepler-832 b,Kepler-832,7.1396941,2.06,256.828,965.0,5596.0,0.9,0.92,0.07025,1688.12
Kepler-1889 b,Kepler-1889,37.30369949,2.94360686,14.0,493.0,5646.0,0.817,0.864,0.21977,1395.13
Kepler-988 b,Kepler-988,17.76080053,2.07,6.56,368.0,4005.0,0.53,0.55,-1.04739,304.889
TOI-880 c,TOI-880,6.3872703,4.95,73.9967,805.0,5050.0,0.83,0.87,-0.44771,60.6679
HD 12235 b,HD 12235,4.36305,3.23,1287.9273,1667.37,5986.0,1.80185,1.1,0.57468,31.7627
Kepler-444 f,Kepler-444,9.740486,0.741,59.915,673.0,5046.0,0.752,0.758,-0.42455,36.4396
GJ 887 c,GJ 887,21.784,2.43,2.5,320.0,3688.0,0.468,0.495,-1.43415,3.28679
Kepler-524 b,Kepler-524,7.97419807,1.91,434.237,974.0,6014.0,1.1,1.09,0.43947,1058.24
Kepler-1075 b,Kepler-1075,1.52372816,1.42,143.968,818.0,3959.0,0.54,0.56,-1.11289,291.275
Kepler-368 b,Kepler-368,26.84768,3.26,107.58,800.0,5502.0,2.019,1.165,0.56235,770.978
Kepler-115 b,Kepler-115,2.403679,1.09,1215.757,1489.0,5979.0,1.205,1.042,0.22007,623.609
Kepler-1735 b,Kepler-1735,7.71792984,1.19429134,15.01,502.0,3975.0,0.509,0.535,-1.19302,245.303
TOI-1898 b,TOI-1898,45.52234,9.39553231,51.0074,674.54,6241.0,1.6131,1.2484,0.55121,79.6682
Kepler-1130 c,Kepler-1130,3.266639948,0.79239584,316.9,1072.0,5450.0,0.842,0.944,-0.25964,249.343
HD 20782 b,HD 20782,597.0643,13.6,0.6863,253.34,5782.13,1.12681,1.04,0.10674,35.9864
Kepler-1376 b,Kepler-1376,5.30880656,1.05,278.902,1042.0,5659.0,0.97,0.98,-0.07062,868.056
Kepler-1190 b,Kepler-1190,10.45843441,1.33,24.211,609.0,4730.0,0.72,0.76,-0.7272,342.509
Kepler-450 b,Kepler-450,28.454851,6.14,94.325,769.0,6197.21,1.64162,1.19,0.55403,455.982
Kepler-758 d,Kepler-758,20.4966197,2.12,173.171,843.0,6228.0,1.42,1.16,0.56281,1502.32
HAT-P-47 b,HAT-P-47,4.73217441,14.71739166,379.567,1605.0,6703.0,1.515,1.387,0.65776,282.096
HD 135625 b,HD 135625,4055.0,13.3,0.0758,146.04,6040.64,1.35743,1.28,0.34446,56.518
TOI-2211.01,TOI-2211,3.092686757,1.561,296.13,1056.92,5253.0,0.834,0.9,-0.32094,70.2932
Kepler-124 b,Kepler-124,3.410493,0.73,198.843,892.0,4984.0,0.636,0.706,-0.46737,420.046
Kepler-1259 b,Kepler-1259,0.663085258,1.43,2460.582,1681.0,5053.0,0.77,0.8,-0.33296,805.562
TOI-1859 b,TOI-1859,63.48347,9.75181321,23.786,615.0,6341.0,1.36,1.287,0.47671,224.385
TOI-1836 b,TOI-1836,20.380799,8.00321222,153.5185,966.0,6380.0,1.577,1.307,0.5682,191.649
Kepler-616 b,Kepler-616,9.99761851,2.43,129.18,860.0,5753.0,0.97,0.98,-0.11149,945.775
HD 141399 e,HD 141399,5000.0,14.1,0.0636,142.24,5600.0,1.387236,1.07,0.2014,37.0169
Kepler-1008 b,Kepler-1008,12.43931193,1.28,35.408,627.0,5066.0,0.78,0.81,-0.50671,282.565
TOI-2133 b,TOI-2133,3.8266472,2.37,81.1072,798.0,4250.0,0.62,0.644,-0.85248,75.1973
Kepler-1979 b,Kepler-1979,18.5084526,29.33,51.32,683.0,5942.0,0.938,1.028,-0.09382,1076.27
TOI-2406 b,TOI-2406,3.0766891,2.86,6.69,449.0,3100.0,0.204,0.166,-2.46218,55.419
WASP-157 b,WASP-157,3.951623,11.19,482.1005,1193.0,5772.0,1.1,1.06,0.07934,334.037
Kepler-1183 b,Kepler-1183,28.5057189,2.82,61.663,555.0,5765.0,0.99,1.0,0.25466,1919.19
Kepler-331 d,Kepler-331,32.134328,1.64,6.065,346.0,4347.0,0.492,0.653,-0.78358,580.119
TOI-5322 b,TOI-5322,5.4233207,16.6117094,554.0,1350.0,5692.0,1.462,0.998,0.3075,476.899
HD 457 b,HD 457,20324.58153,11.9,0.0088,85.15,6114.04,1.28194,1.15,0.31574,55.0375
HD 112640 b,HD 112640,613.2,12.9,98.0969,959.65,4155.0,39.0,1.8,2.45255,323.335
Kepler-1647 b,Kepler-1647,1107.5923,11.8739,0.5956,242.92,6210.0,1.7903,1.2207,0.64425,1212.45
Kepler-1197 b,Kepler-1197,2.03231845,1.25,267.142,1011.0,4708.0,0.72,0.78,-0.66629,486.94
HD 153557 b,HD 153557,7.29903,4.77,59.2234,772.12,4837.0,0.745171,0.79,-0.56249,17.9412
Kepler-1939 b,Kepler-1939,2.790659904,1.16480773,104.74,816.0,4353.0,0.603,0.648,-0.80789,189.833
TIC 117642575 b,TIC 117642575,4.94459060181,2.82716337,,,5719.98,1.08102,1.06,0.09455,188.758
Kepler-621 b,Kepler-621,2.628113746,2.3,69.56,737.0,4521.0,0.68,0.72,-0.759,389.0
Kepler-1113 b,Kepler-1113,42.3004954,2.81,22.849,558.0,5931.0,1.17,1.12,0.07994,1073.88
Kepler-142 b,Kepler-142,2.024152,1.99,1247.908,1597.0,5790.0,1.269,0.978,0.10706,548.686
Kepler-662 b,Kepler-662,21.67697486,2.18,23.824,530.0,4897.0,0.74,0.79,-0.35557,815.637
Kepler-1336 c,Kepler-1336,5.77721211,1.71,662.713,1260.0,5512.0,1.3,0.94,0.42052,1126.64
TOI-216.02,TOI-216,17.16073,8.0,25.9,628.0,5026.0,0.748,0.77,-0.44159,177.945
Kepler-236 c,Kepler-236,23.968127,2.0,3.802,329.0,3750.0,0.51,0.596005,-1.22915,288.763
HD 196067 b,HD 196067,3413.7,12.4,0.1596,176.42,6072.0,1.71,1.16,0.549,39.9346
Kepler-1210 b,Kepler-1210,8.07124073,1.7,152.047,856.0,5568.0,0.92,0.94,-0.14879,1176.53
Kepler-91 b,Kepler-91,6.24658,15.322703,3273.324,2040.0,4550.0,6.3,1.31,1.225,1294.69
K2-290 b,K2-290,9.21165,3.06,308.9946,1230.0,6302.0,1.511,1.194,0.42035,272.909
Kepler-1766 b,Kepler-1766,105.0149994,2.27904508,7.8,406.0,5868.0,1.042,0.915,0.17488,501.229
HD 176986 c,HD 176986,16.8124,,22.9,558.0,4931.0,0.782,0.789,-0.48017,27.7843
K2-170 c,K2-170,12.400047,1.8017647,,,5748.0,0.981614,0.963657,0.0717,392.872
HD 72490 b,HD 72490,858.0,13.5,3.4894,386.45,4934.0,4.96,1.21,1.09107,126.339
HD 12661 c,HD 12661,1708.0,13.2,0.1459,174.06,5748.0,1.11,1.02,0.063,37.8478
Kepler-1061 b,Kepler-1061,2.757982666,1.98,788.501,1332.0,6067.0,1.07,1.09,0.08762,543.375
Kepler-1904 b,Kepler-1904,4.577020168,1.3904994,24.38,567.0,3805.0,0.497,0.526,-1.29761,270.854
Kepler-473 b,Kepler-473,14.55731705,4.08,243.376,879.0,5816.0,1.34,1.06,0.5248,905.937
HD 14787 b,HD 14787,676.6,13.7,4.5099,409.43,4946.0,5.01,1.43,1.11506,119.137
WASP-106 b,WASP-106,9.28969,12.10569916,327.8307,1140.0,6002.0,1.47,1.175,0.42198,352.181
TOI-6158 b,TOI-6158,3.0446899,10.4,27.3,636.0,3467.0,0.476,0.503,-1.51117,180.96
Kepler-1840 b,Kepler-1840,131.1900024,2.77771129,1.3,284.0,4898.0,0.803,0.774,-0.58706,513.107
kap And b,kap And,,15.91675259,0.0207,1791.0,11327.0,2.109,2.768,1.7966,50.0177
Kepler-1751 b,Kepler-1751,7.017310143,1.82417378,221.46,984.0,6052.0,0.967,0.974,0.03608,1291.47
Kepler-1067 b,Kepler-1067,0.762129261,0.8,2761.757,1872.0,5592.0,0.93,0.95,-0.14725,667.693
TOI-2578 b,TOI-2578,3.4579667,19.66055215,1667.0,1778.0,6333.0,1.64,1.27,0.51851,285.53
Kepler-624 b,Kepler-624,14.58649607,2.31,130.757,852.0,6117.0,1.18,1.1,0.29097,748.188
TOI-5349 b,TOI-5349,3.317921,10.2,44.5,719.0,3751.0,0.58,0.61,-1.20066,188.336
TOI-1294 c,TOI-1294,159.9,14.3,6.2779,440.45,5718.0,1.5566,1.1578,0.36847,332.648
Kepler-1039 b,Kepler-1039,0.934884242,1.46,668.128,2080.0,4870.0,0.74,0.79,-0.64925,306.91
HAT-P-60 b,HAT-P-60,4.7947813,18.28184752,1634.0,1772.0,6212.0,2.197,1.435,0.80889,233.22
HD 88986 b,HD 88986,146.05,2.49,7.3543,460.0,5861.0,1.543,1.25,0.3934,33.2673
HD 215152 e,HD 215152,25.1967,,12.6318,517.82,4935.0,0.73,0.77,-0.52254,21.5974
Kepler-704 b,Kepler-704,3.76182115,2.61,514.124,1121.0,5616.0,0.96,0.97,0.03582,1228.83
K2-385 b,K2-385,2.380867,1.539,,,4844.0,0.761,0.927,-0.51852,420.819
Kepler-1432 b,Kepler-1432,23.9109011,2.22,119.237,709.0,6031.0,1.13,1.09,0.4492,2171.87
Kepler-135 c,Kepler-135,11.448708,1.16,209.967,975.0,6090.0,1.275,1.047,0.44809,621.855
Kepler-950 b,Kepler-950,98.7180406,8.98,3.97,360.0,5857.0,1.02,1.02,0.35461,2161.6
HD 73526 b,HD 73526,188.3,13.1,5.1529,414.37,5601.0,1.53,1.14,0.33788,97.2396
HD 207897 b,HD 207897,16.20166,2.34302132,26.5,581.75,5106.0,0.7827,0.8208,-0.42136,28.2938
Kepler-1459 b,Kepler-1459,62.8691611,1.36,3.511,349.0,4828.0,0.74,0.78,-0.52327,455.479
Kepler-1358 b,Kepler-1358,7.06317341,1.12,98.834,827.0,5181.0,0.79,0.82,-0.41347,546.998
HD 360 b,HD 360,273.1,14.0,57.4344,765.69,4770.0,10.86,1.69,1.74162,111.542
TOI-4030 b,TOI-4030,2.50900199461,5.8462559,609.961,1384.0,5640.37,0.991737,0.98,-0.06784,571.615
Kepler-741 b,Kepler-741,7.03902374,2.97,461.993,1051.0,6129.0,1.24,1.16,0.33161,1661.87
Kepler-1299 b,Kepler-1299,19.9400874,2.98,45.146,588.0,5609.0,0.91,0.94,-0.10621,1404.94
Kepler-1806 b,Kepler-1806,9.033320427,2.35560189,66.89,729.0,5311.0,0.788,0.884,-0.43504,978.066
TOI-375 c,TOI-375,115.5,13.4,21.07,596.0,5259.9,2.9,1.441,0.75997,396.213
Kepler-1048 b,Kepler-1048,6.92101021,1.61,96.976,619.0,4651.0,0.7,0.75,-0.40925,556.006
Kepler-749 b,Kepler-749,17.31716585,3.1,24.631,454.0,5009.0,0.75,0.79,-0.49432,721.027
HD 102329 b,HD 102329,778.09998,12.6,5.9827,532.95,4745.0,9.82,3.21,1.29226,217.107
TOI-1194 b,TOI-1194,2.3106446,8.71664516,203.685,1264.29,5394.0,0.9608,0.9835,-0.1512,149.667
Barnard d,Barnard's star,2.3402,0.694,10.0441,483.0,3195.0,0.185,0.162,-2.44977,1.82655
Kepler-1951 b,Kepler-1951,20.65780067,2.32107188,66.27,728.0,5468.0,1.306,0.923,0.50112,1277.32
HIP 114933 b,HIP 114933,1481.6,13.4,1.711,316.81,4823.0,5.27,1.39,1.13988,101.766
Kepler-1305 b,Kepler-1305,13.5630972,1.88,103.51,733.0,5701.0,0.96,0.97,0.08368,1575.23
Kepler-598 b,Kepler-598,3.70175428,1.5,265.407,1050.0,5307.0,0.86,0.87,-0.25753,681.086
HD 185283 b,HD 185283,4060.0,13.6,0.013,93.97,4848.0,0.743303,0.8,-0.56072,31.395
Kepler-1920 b,Kepler-1920,30.2541008,2.95415848,44.87,660.0,6277.0,1.161,1.239,0.10034,885.913
HD 65216 b,HD 65216,577.6,13.6,0.4185,222.56,5612.0,0.88,0.874,-0.1498,35.1205
Kepler-954 b,Kepler-954,16.78176602,2.32,21.531,545.0,4990.0,0.76,0.82,-0.5722,215.814
EPIC 206042996 c,EPIC 206042996,0.354884,1.2,,,4114.0,0.5,0.565,-0.97996,451.769
HATS-38 b,HATS-38,4.375021,6.882326,464.7,1294.0,5732.0,1.105,0.89,0.07151,343.525
Kepler-1388 c,Kepler-1388,5.53608151,2.26,51.044,566.0,4098.0,0.61,0.63,-1.1068,453.795
TIC 178172313 b,TIC 178172313,4.3731816136,2.80405322,,,5405.59,0.84345,0.91,-0.29608,178.137
Gliese 12 b,Gliese 12,12.761418,0.93,1.62,314.6,3328.0,0.265,0.255,-2.13787,12.21
Kepler-266 c,Kepler-266,107.723601,3.89,5.592,421.0,5885.0,1.028,0.947,0.01163,1370.79
NGTS-30 b,NGTS-30,98.29838,10.40193409,172.857,500.0,5455.0,0.913,0.94,-0.18738,238.377
Kepler-1388 e,Kepler-1388,37.6327084,2.46,3.97,299.0,4098.0,0.61,0.63,-1.1068,453.795
Kepler-1311 b,Kepler-1311,11.1726994,1.24,296.92,1019.0,5748.0,1.4,1.05,0.47186,866.331
Kepler-1991 c,Kepler-1991,22.79020351,2.57,38.27,634.0,5478.0,1.053,0.914,-0.1085,855.82
Kepler-126 d,Kepler-126,100.283134,2.5,14.714,475.0,6239.0,1.358,1.108,0.452,237.401
TOI-4029 b,TOI-4029,5.88498234631,6.73756618,282.509,1142.0,5662.53,1.17834,1.018,0.12452,274.436
Kepler-2001 b,Kepler-2001,1.090011003,1.04,911.28,1402.0,5081.0,0.77,0.864,-0.54627,776.55
Kepler-1247 b,Kepler-1247,13.71220213,2.33,41.472,676.0,5303.0,0.82,0.86,-0.34527,1045.92
Kepler-68 e,Kepler-68,3455.0,11.2,0.0805,147.35,5847.0,1.2564,1.057,0.23106,144.166
Kepler-1406 b,Kepler-1406,11.62905828,1.1,125.89,854.0,5892.0,1.12,1.05,0.135,572.403
Kepler-1682 b,Kepler-1682,14.8334,2.88940836,54.74,694.0,5619.12,0.842301,0.99,-0.1957,1159.85
Kepler-174 d,Kepler-174,247.35373,2.19,0.53,212.0,4880.0,0.622,0.602,-0.5704,384.757
Kepler-326 b,Kepler-326,2.248329,1.52,783.449,1127.0,5105.0,0.801,0.91,-0.15657,487.675
GJ 3998 d,GJ 3998,41.78,2.34,1.2,292.23,3726.0,0.5,0.52,-1.358,18.1459
HD 205158 b,HD 205158,25.33798,13.9,143.454,963.25,6133.55,1.87741,1.16,0.65266,86.6159
HD 219134 h,HD 219134,2247.0,12.7,0.0321,117.88,4913.0,0.77,0.794,-0.50864,6.53127
K2-183 c,K2-183,10.787992,2.3,84.9927,787.0,5482.0,0.87,0.942219,-0.13179,329.041
NGTS-21 b,NGTS-21,1.5433897,14.90794433,514.2853,1357.0,4660.0,0.86,0.72,-0.53854,592.891
Kepler-1519 b,Kepler-1519,240.7989397,7.06,3.944,342.0,5644.0,0.91,0.94,0.32617,1441.63
55 Cnc b,55 Cnc,14.651552,13.9,45.6336,700.0,5198.0,0.98,1.015,-0.19695,12.5855
TOI-270 d,TOI-270,11.38194,2.0,9.2135,383.0,3506.0,0.38,0.386,-1.7122,22.4793
55 Cnc c,55 Cnc,44.3936,8.51,10.4149,499.27,5198.0,0.98,1.015,-0.19695,12.5855
55 Cnc d,55 Cnc,4799.0,13.0,0.0203,104.85,5198.0,0.98,1.015,-0.19695,12.5855
55 Cnc e,55 Cnc,0.7365474,1.875,2657.8322,1958.0,5172.0,0.943,0.905,-0.19695,12.5855
55 Cnc f,55 Cnc,260.58,7.59,0.9879,277.07,5198.0,0.98,1.015,-0.19695,12.5855
GJ 1214 b,GJ 1214,1.580404531,2.733,17.2,567.0,3101.0,0.2162,0.182,-2.40894,14.6427
GJ 436 b,GJ 436,2.64388312,4.17,29.4322,686.0,3586.11,0.455,0.47,-1.585,9.75321
HAT-P-12 b,HAT-P-12,3.2130598,10.749,118.075,963.0,4650.0,0.701,0.733,-0.678,142.751
HAT-P-13 b,HAT-P-13,2.91625,14.258,1978.5245,1740.0,5653.0,1.756,1.32,0.346,246.81
HAT-P-13 c,HAT-P-13,446.27,12.3,1.4016,340.0,5653.0,1.756,1.32,0.346,246.81
HAT-P-14 b,HAT-P-14,4.62767,15.91678,1038.78,1624.0,6600.0,1.82,2.65,0.64412,222.663
HAT-P-17 b,HAT-P-17,10.33852,11.76945,110.512,800.0,5246.0,0.87,0.99,-0.28893,92.3831
HAT-P-17 c,HAT-P-17,5584.0,13.1,0.0164,99.59,5336.96,0.838682,0.92,-0.28893,92.3831
HAT-P-18 b,HAT-P-18,5.5080291,10.70457657,82.2407,841.0,4870.0,0.717,0.77,-0.58537,161.4
HAT-P-1 b,HAT-P-1,4.46529976,14.784671,259.687,1322.0,5980.0,1.174,1.151,0.22463,158.979
HAT-P-26 b,HAT-P-26,4.23452,7.06167,185.0743,1080.0,5079.0,0.87,1.12,-0.35928,141.837
HAT-P-30 b,HAT-P-30,2.8106,16.14096,1467.9573,1630.0,6304.0,1.31,1.55,0.312,213.985
HAT-P-32 b,HAT-P-32,2.1500082,22.19382,1841.0,1835.7,6001.0,1.367,1.132,0.33806,289.205
HD 149026 b,HD 149026,2.87589,8.29466,1095.91,1626.0,6179.0,1.41,1.42,0.48,75.8643
HD 189733 b,HD 189733,2.21857567,12.66617,356.0,1209.0,5052.0,0.75,0.79,-0.46119,19.7638
HD 209458 b,HD 209458,3.52474859,15.58051,587.098,1459.0,6091.0,1.19,1.23,0.23086,48.3016
HD 80606 b,HD 80606,111.436765,11.56766808,4.6941,405.0,5565.0,1.05,1.05,-0.00237,66.4711
HD 86226 b,HD 86226,1628.0,14.3,0.1583,176.0,5863.0,1.053,1.019,0.07188,45.683
TrES-4 b,TrES-4,3.55395,18.04649,2276.295,1778.0,6200.0,1.66,1.08,0.72552,515.98
WASP-12 b,WASP-12,1.091418901,22.02564708,8220.584,2601.0,6265.0,1.69,1.325,0.59711,427.246
WASP-15 b,WASP-15,3.7521,15.80469,1237.7366,1676.0,6300.0,1.48,1.18,0.49,282.091
WASP-17 b,WASP-17,3.73543,20.96083,1292.19,1755.0,6550.0,1.49,2.28,0.61272,405.908
WASP-18 b,WASP-18,0.94145223,13.89913607,5805.0,2429.0,6432.0,1.319,1.294,0.42813,123.483
WASP-19 b,WASP-19,0.78883852,15.86070769,3320.0,2113.0,5616.0,1.006,0.965,-0.04335,268.325
WASP-25 b,WASP-25,3.7648337,13.80946422,341.0,1217.0,5697.0,0.884,0.962,-0.143,211.416
WASP-39 b,WASP-39,4.0552941,14.336311,316.269,1166.0,5485.0,0.939,0.913,-0.12792,213.982
WASP-43 b,WASP-43,0.813475,10.424,680.8953,1426.7,4400.0,0.6,0.58,-0.82509,86.7467
WASP-6 b,WASP-6,3.3610026,12.5428494,288.0,1167.0,5438.0,0.79,0.854,-0.29675,197.119
GJ 3470 b,GJ 3470,3.3366496,4.57,29.6584,593.5,3600.0,0.547,0.539,-1.5376,29.4214
WASP-47 b,WASP-47,4.159151,12.86,409.0,1275.0,5565.0,1.156,1.058,0.03167,264.78
WASP-63 b,WASP-63,4.37808,15.80469,1103.2708,1469.91,5550.0,1.86,1.28,0.44936,290.684
WASP-52 b,WASP-52,1.7497798,14.24,605.7625,1315.0,5000.0,0.79,0.87,-0.35366,174.818
WASP-77 A b,WASP-77 A,1.360029395,13.56,1440.0,1674.0,5617.0,0.91,0.903,-0.12901,105.166
WASP-80 b,WASP-80,3.06785234,11.197791,72.442,825.0,4143.0,0.586,0.577,-1.03998,49.7876
WASP-103 b,WASP-103,0.925542,17.127,6568.6932,2508.0,6110.0,1.436,1.22,0.413,375.647
WASP-96 b,WASP-96,3.4252602,13.45,517.0,1285.0,5540.0,1.05,1.06,0.00217,352.464
WASP-94 A b,WASP-94 A,3.95019,17.71022,1009.38,1604.0,6170.0,1.48,1.67,0.50992,211.211
WASP-94 B b,WASP-94 B,2.00839,14.1,2000.0146,1848.91,6040.0,1.35,1.24,0.35112,208.696
WASP-69 b,WASP-69,3.86813881,11.21,180.5564,971.0,4792.0,0.801,0.83,-0.48149,49.9605
WASP-84 b,WASP-84,8.52349648,10.72,34.6952,732.0,5280.0,0.768,0.853,-0.325,100.588
WASP-20 b,WASP-20,4.89964477,15.46839337,259.864,1362.0,5940.0,1.242,1.2,0.239,211.877
HATS-6 b,HATS-6,3.3252725,11.186582,47.3315,712.8,3724.0,0.57,0.574,-1.09983,169.318
KELT-7 b,KELT-7,2.73477,17.9344,1775.39,2048.0,6768.0,1.81,1.76,0.758,136.681
K2-18 b,K2-18,32.939623,2.37,1.005,284.0,3457.0,0.411,0.359,-1.59688,38.0266
KELT-8 b,KELT-8,3.24406,18.15858,983.3098,1675.0,5754.0,1.46,0.81,0.26483,197.572
K2-22 b,K2-22,0.381073,2.3,114.0,2100.0,3879.0,0.58,0.595292,-1.0744,243.836
WASP-47 c,WASP-47,589.57,,0.549,247.0,5565.0,1.156,1.058,0.03167,264.78
WASP-47 d,WASP-47,9.030501,3.65,145.0,885.0,5565.0,1.156,1.058,0.03167,264.78
WASP-47 e,WASP-47,0.78961,1.83,3740.0,1992.0,5565.0,1.156,1.058,0.03167,264.78
GJ 1132 b,GJ 1132,1.62892911,1.19151465,19.3,583.8,3229.0,0.2211,0.1945,-2.32148,12.613
WASP-76 b,WASP-76,1.80988198,20.78145022,4104.0,2228.0,6329.0,1.756,1.458,0.65418,194.459
KELT-4 A b,KELT-4 A,2.9895932,19.044091,1840.0,1823.0,6206.0,1.603,1.201,0.53529,218.05
TRAPPIST-1 b,TRAPPIST-1,1.510826,1.116,4.153,397.6,2566.0,0.1192,0.0898,-3.25727,12.42988881
TRAPPIST-1 c,TRAPPIST-1,2.421937,1.097,2.214,339.7,2566.0,0.1192,0.0898,-3.25727,12.42988881
TRAPPIST-1 d,TRAPPIST-1,4.049219,0.788,1.115,286.2,2566.0,0.1192,0.0898,-3.25727,12.42988881
K2-34 b,K2-34,2.9956348,13.75,963.566,1687.0,6168.0,1.42,1.16,0.3997,348.646
WASP-121 b,WASP-121,1.27492504,19.52604438,6216.41,2409.0,6628.0,1.461,1.33,0.64372,269.898
HIP 41378 b,HIP 41378,15.57209,2.64,140.0,959.0,6290.0,1.3,1.22,0.39646,106.289
HIP 41378 c,HIP 41378,31.70591,2.74,54.0,757.0,6290.0,1.3,1.22,0.39646,106.289
HIP 41378 d,HIP 41378,278.3618,3.65,3.01,367.0,6290.0,1.3,1.22,0.39646,106.289
HIP 41378 e,HIP 41378,393.0,5.19,2.1,335.0,6290.0,1.3,1.22,0.39646,106.289
HIP 41378 f,HIP 41378,542.0797,9.47,1.24,294.0,6290.0,1.3,1.22,0.39646,106.289
HD 3167 b,HD 3167,0.95965451,1.601,1650.0,1781.0,5338.0,0.871,0.864,-0.25727,47.2899
HD 3167 c,HD 3167,29.846511,2.983,16.9,567.0,5338.0,0.871,0.864,-0.25727,47.2899
HAT-P-65 b,HAT-P-65,2.60544751,18.05766791,1821.0,1818.0,5872.0,1.666,1.297,0.47276,738.519
WASP-131 b,WASP-131,5.3220125,13.74221034,995.3724,1460.0,5990.0,1.561,1.06,0.53005,200.075
WASP-139 b,WASP-139,5.924262,8.9672,120.7076,910.0,5310.0,0.8,0.92,-0.34535,212.472
WASP-127 b,WASP-127,4.17806203,14.694999,703.971,1400.0,5620.0,1.333,0.95,0.27574,159.507
TRAPPIST-1 e,TRAPPIST-1,6.101013,0.92,0.646,249.7,2566.0,0.1192,0.0898,-3.25727,12.42988881
TRAPPIST-1 f,TRAPPIST-1,9.20754,1.045,0.373,217.7,2566.0,0.1192,0.0898,-3.25727,12.42988881
TRAPPIST-1 g,TRAPPIST-1,12.352446,1.129,0.252,197.3,2566.0,0.1192,0.0898,-3.25727,12.42988881
TRAPPIST-1 h,TRAPPIST-1,18.772866,0.755,0.144,171.7,2566.0,0.1192,0.0898,-3.25727,12.42988881
HD 106315 b,HD 106315,9.55237,2.44,277.0,1153.0,6327.0,1.296,1.091,0.39454,109.353
HD 106315 c,HD 106315,21.05704,4.35,97.0,886.0,6327.0,1.296,1.091,0.39454,109.353
LHS 1140 b,LHS 1140,24.73723,1.73,0.43,226.0,3096.0,0.2159,0.1844,-2.42022,14.9861
KELT-11 b,KELT-11,4.73620865,15.13212395,1433.0,1712.0,5375.0,2.69,1.44,0.74429,99.1596
KELT-9 b,KELT-9,1.4811235,21.70058664,44900.0,3921.0,9270.0,2.418,2.32,1.58995,204.455
HD 3167 d,HD 3167,8.3967,2.61,88.9,865.0,5338.0,0.871,0.864,-0.25727,47.2899
WASP-107 b,WASP-107,5.7214875,10.48039695,51.0,736.0,4425.0,0.657,0.683,-0.87943,64.7414
GJ 9827 b,GJ 9827,1.208974,1.44,318.0,1035.01,4236.0,0.58,0.62,-1.00436,29.661
GJ 9827 c,GJ 9827,3.648103,1.13,73.0,715.94,4236.0,0.58,0.62,-1.00436,29.661
GJ 9827 d,GJ 9827,6.20183,1.98,34.9,675.0,4236.0,0.58,0.62,-1.00436,29.661
KELT-20 b,KELT-20,3.4741085,19.514869,4362.5,2262.0,8720.0,1.565,1.76,1.1038,136.426
K2-18 c,K2-18,8.962,2.65,7.0278,363.0,3457.0,0.411,0.359,-1.59688,38.0266
K2-141 b,K2-141,0.2803244,1.51,3260.0,2103.0,4570.0,0.681,0.708,-0.75,61.8736
K2-141 c,K2-141,7.7485,7.0,39.1,695.0,4570.0,0.681,0.708,-0.75,61.8736
K2-232 b,K2-232,11.1684377,11.62371299,312.155,1001.0,6100.0,1.21,1.121,0.21643,130.72
GJ 1132 c,GJ 1132,8.929,1.52,2.1053,300.0,3090.0,0.226,0.198,-2.32148,12.613
HAT-P-11 c,HAT-P-11,3361.0,13.2,0.0161,91.58,4653.0,0.683,0.811,-0.56702,37.7647
NGTS-2 b,NGTS-2,4.511164,17.878355,1085.35,1468.0,6478.0,1.702,1.64,0.63077,356.391
WASP-164 b,WASP-164,1.7771255,12.643752,1043.2122,1610.0,5806.0,0.932,0.946,-0.06732,327.506
LHS 1140 c,LHS 1140,3.77794,1.272,5.3,422.0,3096.0,0.2159,0.1844,-2.42022,14.9861
K2-287 b,K2-287,14.893291,9.494023,53.5814,804.0,5695.0,1.07,1.056,-0.10829,158.335
LHS 3844 b,LHS 3844,0.462929709,1.286,73.67,816.0,3080.0,0.189,0.151,-2.56543,14.8846
HD 15337 b,HD 15337,4.7559804,1.77,404.5595,1001.0,5131.0,0.855,0.829,-0.32606,44.8155
HD 15337 c,HD 15337,17.180546,2.526,45.0685,656.1,5131.0,0.855,0.829,-0.32606,44.8155
L 98-59 b,L 98-59,2.253114,0.837,24.5,620.0,3415.0,0.3155,0.2923,-1.91364,10.6194
L 98-59 c,L 98-59,3.6906764,1.329,12.7,526.0,3415.0,0.3155,0.2923,-1.91364,10.6194
L 98-59 d,L 98-59,7.450729,1.627,4.97,416.0,3415.0,0.3155,0.2923,-1.91364,10.6194
V1298 Tau b,V1298 Tau,24.140006,9.41,33.2,666.0,4970.0,1.32,1.1,-0.02045,108.199
WASP-166 b,WASP-166,5.44354,7.06167,440.0,1270.0,6050.0,1.22,1.19,0.2826,114.173
TOI-270 b,TOI-270,3.35992,1.28,131.7935,600.0,3506.0,0.38,0.386,-1.7122,22.4793
TOI-270 c,TOI-270,5.66051,2.33,47.0639,489.0,3506.0,0.38,0.386,-1.7122,22.4793
GJ 357 b,GJ 357,3.9306,1.2,12.6,518.0,3505.0,0.337,0.342,-1.79833,9.44181
GJ 357 c,GJ 357,9.1247,1.66,4.45,401.2,3505.0,0.337,0.342,-1.79833,9.44181
GJ 357 d,GJ 357,55.661,2.34,0.38,219.6,3505.0,0.337,0.342,-1.79833,9.44181
LTT 1445 A b,LTT 1445 A,5.3587635,1.34,5.7,431.0,3562.0,0.271,0.257,-2.04591,6.86929
WASP-178 b,WASP-178,3.3448285,20.28829,5550.0,2470.0,9360.0,1.67,2.07,1.21484,427.678
V1298 Tau c,V1298 Tau,8.249164,5.08,146.0,953.0,4970.0,1.32,1.1,-0.02045,108.199
V1298 Tau d,V1298 Tau,12.401394,6.53,85.0,831.0,4970.0,1.32,1.1,-0.02045,108.199
V1298 Tau e,V1298 Tau,48.677714,10.17,10.0,527.0,4970.0,1.32,1.1,-0.02045,108.199
LP 791-18 b,LP 791-18,0.9479981,1.212,24.14,564.3,2960.0,0.182,0.139,-2.63827,26.4927
LP 791-18 c,LP 791-18,4.98991,2.488,2.637,324.4,2960.0,0.182,0.139,-2.63827,26.4927
TOI-125 b,TOI-125,4.65382,2.726,185.0,1037.0,5320.0,0.848,0.859,-0.28483,111.059
TOI-125 c,TOI-125,9.15059,2.759,77.59,827.8,5320.0,0.848,0.859,-0.28483,111.059
L 168-9 b,L 168-9,1.40152604,1.63,149.3748,998.0,3842.0,0.604,0.614,-1.14086,25.1496
TOI-125 d,TOI-125,19.98,2.93,26.7,638.1,5320.0,0.848,0.859,-0.28483,111.059
HATS-48 A b,HATS-48 A,3.1316666,8.9672,137.6,954.6,4546.0,0.7152,0.7279,-0.70885,263.609
HATS-72 b,HATS-72,7.3279474,8.0973816,49.58,739.3,4656.1,0.7214,0.7311,-0.65896,127.589
NGTS-10 b,NGTS-10,0.7668944,13.89913607,3716.1785,1508.0,4567.0,0.7,0.696,-0.75673,324.69865036
TOI-1130 b,TOI-1130,4.074554,3.66,78.1,825.0,4360.0,0.697,0.745,-0.85387,58.2609
TOI-1130 c,TOI-1130,8.3501898,13.0,30.0,650.0,4360.0,0.697,0.745,-0.85387,58.2609
TOI-677 b,TOI-677,11.2365985,13.11450742,37.6345,1252.0,6295.0,1.28,1.181,0.31172,141.812
LTT 3780 b,LTT 3780,0.76837931,1.325,111.0,903.0,3358.0,0.38,0.381,-1.78252,21.9814
LTT 3780 c,LTT 3780,12.252284,2.39,2.76,359.0,3358.0,0.38,0.381,-1.78252,21.9814
TOI-1338 b,TOI-1338 A,95.4001,7.661,0.9938,254.65,5723.2,1.313,1.0936,0.32898,399.017
AU Mic b,AU Mic,8.463446,4.79,21.2,554.8,3540.0,0.862,0.635,-0.97757,9.7221
WASP-148 b,WASP-148,8.803809,8.47398941,72.699,940.0,5555.0,0.912,0.954,-0.13906,246.353
WASP-148 c,WASP-148,34.524,13.9,17.377,590.0,5555.0,0.912,0.954,-0.13906,246.353
NGTS-11 b,NGTS-11,35.45533,9.157753,9.242,435.0,5050.0,0.832,0.862,-0.39518,190.422
TOI-849 b,TOI-849,0.765548,3.64,2314.06,1932.0,5257.0,0.97,0.97,-0.2184,225.734
TOI-700 b,TOI-700,9.97722,0.963,4.98,417.0,3459.0,0.4104,0.417,-1.63264,31.1265
TOI-700 c,TOI-700,16.0511039,2.535,2.64,356.0,3459.0,0.4104,0.417,-1.63264,31.1265
TOI-700 d,TOI-700,37.423457,1.145,0.85,268.8,3459.0,0.4104,0.417,-1.63264,31.1265
HIP 67522 b,HIP 67522,6.9594731,9.9872018,341.0878,1175.0,5675.0,1.38,1.22,0.24304,127.28
TOI-1899 b,TOI-1899,29.090312,11.09689089,3.4,378.0,3926.0,0.607,0.632,-1.05685,128.438
HD 86226 c,HD 86226,3.98442,2.16,647.901,1311.0,5863.0,1.053,1.019,0.07188,45.683
WD 1856+534 b,WD 1856+534,1.4079405,10.4,0.181,163.0,4710.0,0.0131,0.518,-4.12,24.7359
LTT 9779 b,LTT 9779,0.792052,4.72,1781.1556,1978.0,5443.0,0.949,1.02,-0.16749,80.4373
TOI-824 b,TOI-824,1.392978,2.926,412.0,1253.0,4600.0,0.695,0.71,-0.70997,63.9262
TOI-421 b,TOI-421,5.197576,2.64,154.57,922.0,5291.0,0.866,0.833,-0.26777,74.7969
TOI-421 c,TOI-421,16.067541,5.09,34.32,635.0,5291.0,0.866,0.833,-0.26777,74.7969
GJ 3473 b,GJ 3473,1.1980035,1.264,59.4,773.0,3347.0,0.364,0.36,-1.82391,27.3644
GJ 3473 c,GJ 3473,15.509,2.63,1.95,329.1,3347.0,0.364,0.36,-1.82391,27.3644
WASP-107 c,WASP-107,1091.0,13.0,,,4425.0,0.657,0.683,-0.87943,64.7414
TOI-776 b,TOI-776,8.24662,1.798,11.5,520.0,3725.0,0.547,0.542,-1.3098,27.1701
TOI-776 c,TOI-776,15.665323,2.047,4.9,420.0,3725.0,0.547,0.542,-1.3098,27.1701
TOI-561 b,TOI-561,0.4465697,1.397,4709.0,2319.0,5342.0,0.843,0.806,-0.28233,85.799
TOI-561 c,TOI-561,10.778838,2.865,67.5,802.0,5342.0,0.843,0.806,-0.28233,85.799
TOI-561 d,TOI-561,25.71268,2.615,21.2,600.0,5342.0,0.843,0.806,-0.28233,85.799
TOI-561 e,TOI-561,77.144,2.517,4.89,416.0,5342.0,0.843,0.806,-0.28233,85.799
TOI-451 b,TOI-451,1.8587033,1.84,786.0,1474.0,5490.0,0.85,0.93,-0.22915,123.739
TOI-451 c,TOI-451,9.192463,2.93,93.0,865.0,5490.0,0.85,0.93,-0.22915,123.739
TOI-451 d,TOI-451,16.364962,3.93,43.2,714.0,5490.0,0.85,0.93,-0.22915,123.739
TOI-178 b,TOI-178,1.9145601,1.2,200.1045,1040.0,4316.0,0.662,0.647,-0.86646,62.699
TOI-178 c,TOI-178,3.238486,1.754,97.6159,873.0,4316.0,0.662,0.647,-0.86646,62.699
TOI-178 d,TOI-178,6.557569,2.695,24.9125,690.0,4316.0,0.662,0.647,-0.86646,62.699
TOI-178 e,TOI-178,9.96318,2.301,21.8202,600.0,4316.0,0.662,0.647,-0.86646,62.699
TOI-178 f,TOI-178,15.23335,2.417,0.6071,521.0,4316.0,0.662,0.647,-0.86646,62.699
TOI-178 g,TOI-178,20.71663,2.939,19.4978,470.0,4316.0,0.662,0.647,-0.86646,62.699
GJ 486 b,GJ 486,1.46712127,1.289,39.2,696.3,3317.0,0.3243,0.312,-1.93892,8.07426
LHS 1478 b,LHS 1478,1.94953941,1.174,20.9,597.3,3415.0,0.2462,0.2301,-2.1296,18.2276
TOI-1231 b,TOI-1231,24.245586,3.65,1.93,329.6,3553.0,0.476,0.485,-1.48678,27.6227
TOI-674 b,TOI-674,1.977143,5.25,38.4,635.0,3514.0,0.42,0.42,-1.61439,46.0851
TOI-1685 b,TOI-1685,0.66913923,1.421,213.0,1000.0,3470.0,0.462,0.466,-1.51856,37.6153
TOI-1807 b,TOI-1807,0.54937097,1.49681583,1407.22,1694.1,4914.0,0.746,0.8048,-0.53313,42.5775
TOI-2076 b,TOI-2076,10.35504,2.59,49.4,736.0,5187.0,0.758,0.849,-0.42285,41.9091
TOI-2076 c,TOI-2076,21.01447,3.54,32.7,581.0,5187.0,0.758,0.849,-0.42285,41.9091
TOI-2076 d,TOI-2076,35.12803,3.27,16.5,490.0,5187.0,0.758,0.849,-0.42285,41.9091
AU Mic c,AU Mic,18.859023,2.79,7.3,424.7,3540.0,0.862,0.635,-0.97757,9.7221
TOI-431 b,TOI-431,0.490047,1.28,2120.4475,1862.0,4850.0,0.731,0.78,-0.56509,32.5686
TOI-431 c,TOI-431,4.8494,1.49,100.6717,867.0,4850.0,0.731,0.78,-0.56509,32.5686
TOI-431 d,TOI-431,12.46103,3.29,28.3588,633.0,4850.0,0.731,0.78,-0.56509,32.5686
L 98-59 e,L 98-59,12.8278,1.49,2.4,347.0,3415.0,0.3155,0.2923,-1.91364,10.6194
HD 63935 b,HD 63935,9.058807,2.91575244,115.6,825.22,5513.0,0.9598,0.9406,-0.11464,48.9739
HD 63935 c,HD 63935,21.4027,3.06451296,36.7,619.59,5513.0,0.9598,0.9406,-0.11464,48.9739
GJ 367 b,GJ 367,0.3219226,0.736,579.0,1329.0,3535.0,0.457,0.451,-1.54061,9.41263
TOI-2109 b,TOI-2109,0.67247414,15.098497,17880.9883,3646.0,6540.0,1.698,1.453,0.67302,262.041
HATS-75 b,HATS-75,2.7886556,9.90873894,59.26,772.3,3790.4,0.5848,0.6017,-1.19661,194.964
LTT 1445 A c,LTT 1445 A,3.1239035,1.147,10.9,508.0,3340.0,0.265,0.257,-2.04591,6.86929
TOI-500 b,TOI-500,0.548177,1.166,1138.0,1617.0,4440.0,0.678,0.74,-0.70002,47.3924
TOI-1075 b,TOI-1075,0.6047328,1.791,509.2,1323.0,3875.0,0.581,0.604,-1.14436,61.4592
TOI-1442 b,TOI-1442,0.4090677,1.17,207.0242,1072.0,3330.0,0.31,0.29,-1.97722,41.1659
TOI-2260 b,TOI-2260,0.3524728,1.62,1844.98,2609.0,5534.0,0.94,0.99,-0.19851,101.251
TOI-2445 b,TOI-2445,0.3711281,1.25,204.4874,1060.0,3333.0,0.27,0.25,-2.08408,48.582
GJ 3929 b,GJ 3929,2.616235,1.09,17.3,568.0,3384.0,0.32,0.313,-1.96257,15.8095
WASP-189 b,WASP-189,2.724033,18.14733975,8083.7169,3353.0,8000.0,2.36,2.03,1.31471,99.731
TOI-1670 b,TOI-1670,10.98462,2.06,196.694,1062.0,6170.0,1.316,1.21,0.40046,168.067
TOI-1670 c,TOI-1670,40.74976,11.06326395,14.5514,684.0,6170.0,1.316,1.21,0.40046,168.067
TOI-500 c,TOI-500,6.6356,2.09,,,4440.0,0.678,0.74,-0.70002,47.3924
TOI-500 d,TOI-500,26.233,6.35,,,4440.0,0.678,0.74,-0.70002,47.3924
TOI-500 e,TOI-500,61.3,3.99,,,4440.0,0.678,0.74,-0.70002,47.3924
HD 260655 b,HD 260655,2.76953,1.24,42.2,709.0,3803.0,0.439,0.439,-1.43997,10.0055
HD 260655 c,HD 260655,5.70588,1.533,16.1,557.0,3803.0,0.439,0.439,-1.43997,10.0055
TOI-3714 b,TOI-3714,2.154849,11.32107051,54.0,750.0,3660.0,0.51,0.53,-1.40671,112.71
GJ 3929 c,GJ 3929,15.04,2.26,1.68,317.0,3384.0,0.32,0.313,-1.96257,15.8095
GJ 3090 b,GJ 3090,2.85310198,2.18,45.4,723.0,3707.0,0.516,0.519,-1.34199,22.4751
TOI-181 b,TOI-181,4.532,6.9559,102.43,895.1,4994.0,0.745,0.822,-0.52578,96.2338
TOI-199 b,TOI-199,104.854,9.07927437,8.5419,325.0,5255.0,0.82,0.936,-0.33819,102.27
TOI-700 e,TOI-700,27.810124,0.919,1.27,272.9,3459.0,0.4104,0.417,-1.63264,31.1265
TOI-771 b,TOI-771,2.3260155,1.36,14.0,543.0,3370.0,0.232,0.22,-2.20343,25.2788
TOI-836.01,TOI-836,8.59545,2.587,26.707,665.0,4552.0,0.665,0.678,-0.85276,27.5024
TOI-836 b,TOI-836,3.81673,1.704,78.838,871.0,4552.0,0.665,0.678,-0.85276,27.5024
LHS 475 b,LHS 475,2.029088,0.991,20.8,586.0,3300.0,0.2789,0.262,-2.06449,12.4814
TOI-1136 d,TOI-1136,12.5199,4.627,626.362,843.0,5770.0,0.968,1.022,-0.02687,84.5362
TOI-1136 c,TOI-1136,6.2574,2.879,232.392,1062.0,5770.0,0.968,1.022,-0.02687,84.5362
TOI-1136 f,TOI-1136,26.321,3.73591482,26.4328,658.0,5770.0,0.968,1.022,-0.02687,84.5362
TOI-1136 e,TOI-1136,18.801,2.639,48.4771,737.0,5770.0,0.968,1.022,-0.02687,84.5362
TOI-1173 b,TOI-1173,7.0643971,8.77663189,132.0,868.0,5350.0,0.934,0.911,-0.16877,132.353
TOI-1416 b,TOI-1416,1.0697568,1.62,883.0,1517.0,4884.0,0.793,0.798,-0.46008,55.0135
TOI-1420 b,TOI-1420,6.9561063,11.89,139.0,957.0,5510.0,0.923,0.987,-0.15181,201.918
TOI-1468 c,TOI-1468,15.532477,2.126,2.13,338.1,3376.0,0.3714,0.3527,-1.7921,24.7399
TOI-1468 b,TOI-1468,1.8805201,1.401,36.4,683.5,3376.0,0.3714,0.3527,-1.7921,24.7399
HIP 9618 b,HIP 9618,20.772858,3.82838127,40.3,640.88,5649.0,0.9593,0.942,-0.0716,67.5478
HIP 9618 c,HIP 9618,52.56363,3.42855926,11.7,470.31,5649.0,0.9593,0.942,-0.0716,67.5478
TOI-1801 b,TOI-1801,10.64387,2.079,10.7276,493.7,3863.0,0.547,0.556,-1.23003,30.6796
TOI-1823 b,TOI-1823,38.8,7.5406241,9.2972,423.63,4927.0,0.8049,0.8414,-0.46092,71.6456
TOI-2031 A b,TOI-2031 A,5.71548654,14.20177855,567.0,1358.0,6490.0,1.241,1.174,0.39094,276.105
TOI-2134 b,TOI-2134,9.229198,2.735,32.0,660.0,4580.0,0.709,0.744,-0.7167,22.6202
TOI-2134 c,TOI-2134,95.85284,7.35,1.4,302.0,4580.0,0.709,0.744,-0.7167,22.6202
TOI-2374 b,TOI-2374,4.3136193,7.48759911,122.9,926.0,5002.0,0.711,0.802,-0.54516,134.655
TOI-2431 b,TOI-2431,0.22419578,1.534,2649.15,2063.0,4109.0,0.651,0.661,-0.96257,36.0559
TOI-2525 b,TOI-2525,23.2856,8.67575106,16.3643,512.97,5096.0,0.785,0.849,-0.44009,395.398
TOI-2525 c,TOI-2525,49.2519,10.13291855,6.0478,399.96,5096.0,0.785,0.849,-0.44009,395.398
TOI-3235 b,TOI-3235,2.59261842,11.39953337,13.8883,604.0,3388.8,0.3697,0.3939,-1.78968,72.811
TOI-3757 b,TOI-3757,3.438753,12.0,55.4,759.0,3913.0,0.62,0.64,-1.06048,181.139
HD 110067 g,HD 110067,54.76992,2.607,6.3216,440.0,5266.0,0.788,0.798,-0.36224,32.1585
GJ 341 b,GJ 341,7.57686,0.88,13.8,629.0,3770.0,0.5066,0.48,-1.31072,10.454
TOI-6894 b,TOI-6894,3.37077196,9.5836785,5.54,417.9,3007.0,0.2276,0.207,-2.42597,73.8131
TOI-3884 b,TOI-3884,4.5445828,6.43,6.29,441.0,3180.0,0.302,0.298,-2.03152,43.1448
TOI-3984 A b,TOI-3984 A,4.353326,7.9,16.7,563.0,3476.0,0.47,0.49,-1.57408,108.883
TOI-4010 c,TOI-4010,5.414654,5.93,112.0,907.0,4960.0,0.83,0.88,-0.3996,177.504
TOI-4010 d,TOI-4010,14.70886,6.18,30.0,650.0,4960.0,0.83,0.88,-0.3996,177.504
TOI-4010 b,TOI-4010,1.348335,3.02,714.0,1441.0,4960.0,0.83,0.88,-0.3996,177.504
LP 890-9 b,LP 890-9,2.7299025,1.32,4.09,396.0,2850.0,0.1556,0.118,-2.84134,32.4298
TOI-4336 A b,TOI-4336 A,16.336351,2.137,1.53,309.4,3307.0,0.326,0.306,-1.95861,22.5455
HD 20329 b,HD 20329,0.926118,1.72,3474.0,2141.0,5596.0,1.13,0.9,0.04922,63.6796
Kepler-167 e,Kepler-167,1071.23205,10.16,0.1,134.4,4884.0,0.749,0.777,-0.5391,341.908
TOI-5205 b,TOI-5205,1.630757,11.6,49.0,737.0,3430.0,0.394,0.392,-1.7122,86.4493
Kepler-167 c,Kepler-167,7.406106,1.674,61.175,771.0,4884.0,0.749,0.777,-0.5391,341.908
TOI-5293 A b,TOI-5293 A,2.930289,11.9,34.6,675.0,3586.0,0.52,0.54,-1.37414,162.229
KOI-94 d,KOI-94,22.342989,11.27,97.12,806.0,6182.0,1.52,1.277,0.479,477.052
LP 890-9 c,LP 890-9,8.457463,1.367,0.906,272.0,2850.0,0.1556,0.118,-2.84134,32.4298
HD 3167 e,HD 3167,91.9,3.97,3.8357,389.0,5338.0,0.871,0.864,-0.25727,47.2899
TOI-1136 b,TOI-1136,4.1727,1.9,360.5506,1216.0,5770.0,0.968,1.022,-0.02687,84.5362
TOI-1136 g,TOI-1136,39.545,2.53,17.9249,574.0,5770.0,0.968,1.022,-0.02687,84.5362
TOI-1338 c,TOI-1338 A,215.79,10.3,3.3833,354.89,5723.2,1.313,1.0936,0.32898,399.017
WASP-84 c,WASP-84,1.4468849,1.95,1452.18,1329.0,5280.0,0.768,0.853,-0.325,100.588
TOI-6109 c,TOI-6109,8.538878,4.8326,63.3913,786.0,5660.0,1.021,1.03,-0.05453,151.738
TOI-6255 b,TOI-6255,0.23818244,1.079,588.9944,1256.46,3421.0,0.37,0.353,-1.77344,20.3167
WASP-193 b,WASP-193,6.2463475,14.78464554,402.0,1250.0,6080.0,1.213,1.018,0.26007,362.087
LP 791-18 d,LP 791-18,2.75485,1.032,5.83,395.5,2960.0,0.182,0.139,-2.63827,26.4927
TOI-6324 b,TOI-6324,0.279221,1.059,284.211,1216.0,3247.0,0.293,0.269,-1.99802,20.5488
HD 207496 b,HD 207496,6.441008,2.25,72.9,743.0,4819.0,0.769,0.8,-0.50858,23.606
TOI-4010 e,TOI-4010,762.0,13.3,0.15,174.0,4960.0,0.83,0.88,-0.3996,177.504
GJ 367 c,GJ 367,11.5301,1.86,,,3522.0,0.458,0.455,-1.5391,9.41263
GJ 367 d,GJ 367,34.369,2.33,,,3522.0,0.458,0.455,-1.5391,9.41263
TOI-6109 b,TOI-6109,5.690476,4.8704,39.9451,700.0,5660.0,1.021,1.03,-0.05453,151.738
TOI-199 c,TOI-199,273.69,11.4,0.7048,255.43,5255.0,0.82,0.936,-0.33819,102.27
AU Mic e,AU Mic,33.11,4.87,,,3665.0,0.82,0.6,-0.99,9.7221
AU Mic d,AU Mic,12.73596,1.02,,,3678.0,0.744,0.51,-1.0381,9.7221
GJ 806 b,GJ 806,0.9263237,1.331,130.0,940.0,3600.0,0.4144,0.413,-1.58528,12.0445
GJ 806 c,GJ 806,6.64064,2.28,9.5,490.0,3600.0,0.4144,0.413,-1.58528,12.0445
HD 110067 b,HD 110067,9.113678,2.2,69.0579,800.0,5266.0,0.788,0.798,-0.36224,32.1585
HD 110067 c,HD 110067,13.673694,2.388,40.228,699.0,5266.0,0.788,0.798,-0.36224,32.1585
HD 110067 d,HD 110067,20.519617,2.852,23.4102,602.0,5266.0,0.788,0.798,-0.36224,32.1585
HD 110067 e,HD 110067,30.793091,1.94,13.6296,533.0,5266.0,0.788,0.798,-0.36224,32.1585
HD 110067 f,HD 110067,41.05854,2.601,9.2821,489.0,5266.0,0.788,0.798,-0.36224,32.1585
IRAS 04125+2902 b,IRAS 04125+2902,8.834978,10.73820351,41.4199,854.0,4080.0,1.45,0.7,-0.33161,159.244
HIP 67522 c,HIP 67522,14.334892,7.93595834,116.049,917.0,5675.0,1.38,1.22,0.24304,127.28
Kepler-51 e,Kepler-51,264.284,2.18,,,5674.0,0.87,0.96,-0.1417,783.831
BD+05 4868 A b,BD+05 4868 A,1.271869,,443.787,1820.0,4596.0,0.69,0.7,-0.7167,43.5687
TOI-771 c,TOI-771,7.61,1.5,3.0,365.0,3370.0,0.232,0.22,-2.20343,25.2788
TOI-2076 e,TOI-2076,3.0223753,1.301,253.1032,1110.0,5187.0,0.758,0.849,-0.42285,41.9091
L 98-59 f,L 98-59,23.064,1.48,1.1,285.0,3415.0,0.3155,0.2923,-1.91364,10.6194
HIP 41378 g,HIP 41378,63.19,2.5,22.3,605.0,6290.0,1.3,1.22,0.39646,106.289
55 Cnc B b,55 Cnc B,6.7994,1.69,4.0271,395.41,3286.0,0.274,0.26,-2.10811,12.4773
55 Cnc B c,55 Cnc B,33.747,2.16,0.4613,230.04,3286.0,0.274,0.26,-2.10811,12.4773
GJ 3090 c,GJ 3090,15.9407,3.14,4.58,407.2,3707.0,0.516,0.519,-1.34199,22.4751
TOI-4336 A c,TOI-4336 A,7.587266,1.251,4.24,399.5,3307.0,0.326,0.306,-1.95861,22.5455
TOI-260 b,TOI-260,13.475853,1.71,10.1838,493.0,4026.0,0.607,0.616,-1.05899,20.1852
K2-232 c,K2-232,1950.0,12.8,0.1638,181.73,6100.0,1.21,1.121,0.21643,130.72
Kepler-12 b,Kepler-12,4.4379629,19.660586,877.539,1480.0,5947.0,1.483,1.166,0.44933,881.386
KOI-94 b,KOI-94,3.743208,1.71,1053.181,1486.0,6182.0,1.52,1.277,0.479,477.052
Kepler-167 d,Kepler-167,21.80379,1.238,14.489,538.0,4884.0,0.749,0.777,-0.5391,341.908
Kepler-51 d,Kepler-51,130.194,9.7,2.466,381.0,6018.0,0.94,1.04,-0.1417,783.831
Kepler-51 c,Kepler-51,85.312,9.0,4.331,439.0,6018.0,0.94,1.04,-0.1417,783.831
Kepler-51 b,Kepler-51,45.154,7.1,10.119,543.0,6018.0,0.94,1.04,-0.1417,783.831
Kepler-167 b,Kepler-167,4.3931539,1.718,122.502,918.0,4884.0,0.749,0.777,-0.5391,341.908
KOI-94 c,KOI-94,10.423648,4.32,268.219,1012.0,6182.0,1.52,1.277,0.479,477.052
KOI-94 e,KOI-94,54.32031,6.56,29.7,584.0,6182.0,1.52,1.277,0.479,477.052
PH2 b,PH2,282.52542,9.33708092,1.2,295.1,5734.0,0.949,0.966,-0.05849,343.863
K2-33 b,K2-33,5.424865,5.04,89.6695,850.0,3540.0,1.05,0.56,-0.82391,139.268
HAT-P-11 b,HAT-P-11,4.888,4.36,100.77,838.0,4653.0,0.683,0.811,-0.56702,37.7647
TCP J05074264+2447555 b,TCP J05074264+2447555,,4.72,2.3507,344.63,5805.0,1.42487,0.586,0.31745,505.0
TOI-2459 b,TOI-2459,19.104718,2.9531,8.5187,445.01,4195.0,0.6751,0.66,-0.89565,36.6113
Kepler-784 b,Kepler-784,31.5922646,1.58,194.385,688.0,5674.0,1.32,1.0,0.85693,1303.72
TOI-2641 b,TOI-2641,4.880974,18.10250383,602.0,1387.0,6100.0,1.336,1.16,0.34044,344.045
Kepler-255 c,Kepler-255,9.946047,2.99,83.264,807.0,5573.0,0.933,0.867,-0.18311,1052.53
HD 51608 c,HD 51608,95.9446,3.87,3.9287,400.69,5358.0,0.916136,0.8,-0.24413,35.0553
TIC 434398831 c,TIC 434398831,6.210291,5.63,166.3776,1050.0,5638.0,0.909,0.992,-0.14351,217.011
TOI-3082 b,TOI-3082,1.926907,3.6621,131.648,1032.78,4263.0,0.6847,0.664,-0.86121,113.048
Kepler-1037 b,Kepler-1037,1.063788673,1.28,1015.434,1650.0,5105.0,0.78,0.82,-0.44752,446.914
TOI-2141 d,TOI-2141,60.45,3.97,9.8,491.4,5635.0,0.95,0.896,-0.05,77.682
HD 88133 b,HD 88133,3.414884,13.8,1368.0872,1762.08,5392.0,2.2,1.26,0.49678,73.6123
TOI-1448 b,TOI-1448,8.112245,2.749,5.45,426.0,3412.0,0.38,0.372,-1.75498,73.3345
TIC 294329732 b,TIC 294329732,9.7565876181,2.07692266,,,5201.93,0.920172,0.89,-0.24856,189.333
WISPIT 2 c,WISPIT 2,,17.93436912,0.0034,2050.0,4530.0,1.3,1.08,-0.17,134.907
K2-272 b,K2-272,14.4536756,3.13,49.181,747.0,5397.0,0.83,0.86,-0.30214,423.065
TOI-3474 b,TOI-3474,3.8795105,14.67255574,740.0,1451.0,6020.0,1.256,1.121,0.26951,420.123
Kepler-825 c,Kepler-825,8.1818246,1.84,261.628,981.0,5976.0,1.08,1.03,0.11956,807.85
Kepler-382 b,Kepler-382,5.262155,1.32,381.465,1166.0,5600.0,0.945,1.002,0.14553,935.446
Kepler-266 b,Kepler-266,6.61833,2.48,230.403,1066.0,5885.0,1.028,0.947,0.01163,1370.79
Kepler-1962 b,Kepler-1962,7.991459846,1.21463929,155.95,901.0,5700.0,1.006,1.003,-0.12198,866.826
TOI-1266 d,TOI-1266,32.509,1.74,1.3,288.0,3563.0,0.4232,0.437,-1.58021,36.0118
Kepler-691 b,Kepler-691,8.114379,2.09,12.995,460.0,3715.0,0.5,0.53,-1.30464,279.115
HD 142415 b,HD 142415,386.29999,13.5,1.0219,283.72,5940.0,1.04,1.07,0.06,35.5318
WASP-167 b,WASP-167,2.0219596,17.71022,3208.41,2329.0,7000.0,1.79,1.59,0.89734,423.552
K2-412 b,K2-412,5.9382,2.116,243.518,1100.64,5590.0,0.977,0.893,-0.07054,654.085
Kepler-1441 b,Kepler-1441,39.4419839,1.31,33.046,682.0,5802.0,1.0,1.0,0.32471,1110.48
CoRoT-28 b,CoRoT-28,5.20851,10.704595,672.7522,1349.25,5150.0,1.78,1.01,0.38849,766.183
Kepler-37 c,Kepler-37,21.301848,0.755,23.9,615.0,5357.0,0.789,0.79,-0.32187,63.9207
Kepler-138 c,Kepler-138,13.7815,1.51,6.8,410.0,3841.0,0.535,0.535,-1.25181,66.8624
Kepler-46 d,Kepler-46,6.766589,1.64,92.346,845.0,5309.0,0.79,0.883,-0.255,777.06
Kepler-1755 b,Kepler-1755,24.81209946,5.91688317,37.43,631.0,6086.0,0.921,1.003,0.27353,982.383
Teegarden's Star c,Teegarden's Star,11.416,1.02,0.35,209.0,3034.0,0.12,0.097,-3.14146,3.83078
HD 219828 b,HD 219828,3.83483,4.59,1095.4885,1602.83,5891.0,1.56,1.04,0.42,73.114
Kepler-835 b,Kepler-835,11.41909375,2.79,170.33,921.0,5954.0,1.11,1.08,0.32995,2406.33
Kepler-1666 c,Kepler-1666,40.7157,3.23564749,26.34,578.0,6293.0,1.14586,1.23,0.26839,1379.37
Kepler-1143 b,Kepler-1143,2.888904849,1.67,173.056,976.0,5053.0,0.77,0.81,-0.62275,555.189
KOI-4777.01,KOI-4777,0.412,0.51,320.0,1180.0,3515.0,0.4,0.41,-1.64043,172.245
Kepler-79 d,Kepler-79,52.0897,7.15,33.874,592.0,6389.0,1.316,1.244,0.342,1020.72
Kepler-190 b,Kepler-190,2.019999,1.56,417.238,1166.0,5106.0,0.795,0.834,-0.44055,433.387
NGTS-17 b,NGTS-17,3.24253,13.89913607,1160.0,1457.0,5650.0,1.337,1.025,0.2412,1040.28
Kepler-354 c,Kepler-354,16.934402,1.31,14.404,508.0,4648.0,0.674,0.652,-0.71394,554.064
TIC 198190129 b,TIC 198190129,7.94804910667,2.92284949,,,4377.53,0.640675,0.638,-0.99152,130.035
Kepler-1933 b,Kepler-1933,4.943290234,1.17984089,250.5,1058.0,5661.0,1.008,0.964,-0.11595,328.007
TOI-5811 B b,TOI-5811 B,6.25663,21.96960217,1320.0,1530.0,4840.0,3.73,1.08,0.8374,170.135
Kepler-1041 b,Kepler-1041,24.7576421,2.94,117.956,644.0,5957.0,1.08,1.06,0.48914,1485.82
KIC 10525077 b,KIC 10525077,854.083,5.5,,,6091.0,1.01,1.01,0.12899,1461.15
K2-70 b,K2-70,13.97896,2.89,62.0,783.99,5622.0,0.93,0.94,-0.42935,232.964
TOI-5704 b,TOI-5704,3.771116,3.2274,125.0643,949.07,4590.0,0.7575,0.73,-0.63927,89.637
HATS-4 b,HATS-4,2.516729,11.433,558.828,1315.0,5403.0,0.925,1.001,-0.187,416.459
Kepler-121 b,Kepler-121,3.177422,2.34,220.489,997.0,5311.0,0.701,0.859,-0.47396,510.523
HD 163607 b,HD 163607,75.2203,13.9,20.0716,587.13,5522.0,1.76,1.12,0.42,67.7855
TOI-1453 b,TOI-1453,4.3135225,1.173,132.6,944.2,4975.0,0.72,0.715,-0.57539,78.7415
Kepler-395 c,Kepler-395,34.989262,1.32,2.11,341.0,4262.0,0.556,0.622827,-1.194,421.382
TOI-7393 b,TOI-7393,3.33708,11.3,51.8,747.0,3927.0,0.582,0.6,-1.10791,189.038
HIP 81991 b,HIP 81991,5860.0,12.5,0.1185,163.28,5100.0,2.82111,1.09,0.686,43.9016
Kepler-1965 b,Kepler-1965,41.86869812,1.35415138,13.8,492.0,5852.0,0.837,0.928,-0.07602,521.791
DMPP-8 b,DMPP-8,62.915,10.8,17.7838,579.7,6009.0,1.24,0.99,0.23219,76.1335
Kepler-501 b,Kepler-501,5.640677572,4.3,324.856,1125.0,5904.0,1.04,1.03,0.21635,1125.24
TOI-892 b,TOI-892,10.62656,11.99363,571.007,1397.0,6261.0,1.39,1.28,0.43136,340.543
Kepler-1898 b,Kepler-1898,4.765620232,0.93353523,204.6,1167.0,5702.0,1.125,0.837,-0.23539,360.921
Kepler-1274 b,Kepler-1274,6.98152703,1.42,975.81,1384.0,6179.0,2.17,1.45,0.79752,614.648
G 9-40 b,G 9-40,5.7459982,1.9,6.27,440.6,3395.0,0.3026,0.2952,-1.96019,27.9276
K2-46 b,K2-46,19.1541,2.05,119.0,889.0,6256.0,1.29,0.96,0.41312,449.237
K2-199 c,K2-199,7.3744897,2.85,38.6,694.0,4491.0,0.682,0.711,-0.73283,107.518
TOI-2005 b,TOI-2005,17.305904,11.99360935,525.9409,1221.39,7130.0,2.02,1.59,0.96237,328.475
Kepler-1065 b,Kepler-1065,3.609308907,3.73,419.91,1092.0,5635.0,0.93,0.94,-0.11584,1122.48
TOI-7394 B b,TOI-7394 B,1.252995,11.5,156.7,986.0,3717.0,0.609,0.624,-1.16749,189.986
HD 112300 b,HD 112300,466.63,12.2,284.1257,1240.35,3657.0,65.8,1.4,2.70121,62.07324
TOI-5614 b,TOI-5614,4.17221328949,3.21759316,74.1594,817.0,4553.0,0.734919,0.674,-0.77371,223.016
Kepler-793 b,Kepler-793,4.24153639,1.37,617.407,1177.0,5745.0,0.97,0.98,0.11018,985.699
Kepler-307 c,Kepler-307,13.0729,2.2,44.0,739.0,5367.0,0.814,0.907,-0.12151,575.581
Kepler-613 b,Kepler-613,15.77979614,2.29,66.269,713.0,5723.0,0.96,0.98,-0.05698,861.494
K2-138 g,K2-138,41.96797,3.013,9.29,445.0,5356.3,0.863,0.935,-0.28654,202.585
HD 128311 b,HD 128311,453.019,13.5,0.262,200.47,4965.0,0.76,0.828,-0.5116,16.3292
Kepler-20 b,Kepler-20,3.6961049,1.773,331.0,1187.0,5495.0,0.9164,0.929,-0.16451,282.563
Kepler-1634 b,Kepler-1634,374.876239,3.19,0.544,282.0,5474.0,0.89,0.92,-0.26507,617.339
MOA-2020-BLG-108L b,MOA-2020-BLG-108L,,12.4,,,,,0.58,,5130.0
HD 715 b,HD 715,56.4,11.99360935,67.3,798.0,6070.0,2.5,1.6,0.88081,167.253
Kepler-445 d,Kepler-445,8.15275,1.25,4.314,305.0,3157.0,0.21,0.18,-2.09994,127.201
Kepler-1701 b,Kepler-1701,169.134,2.22186207,1.3,273.0,5146.0,0.840217,0.87,-0.35064,584.142
Kepler-1835 b,Kepler-1835,11.96409988,3.53387773,100.96,808.0,5903.0,0.961,0.922,0.07829,1404.38
Kepler-1024 b,Kepler-1024,66.4162133,3.91,5.446,376.0,5143.0,0.78,0.81,-0.34993,1087.4
Kepler-1545 b,Kepler-1545,163.692349,2.7,1.408,274.0,5201.0,0.8,0.84,-0.27681,729.964
Kepler-1774 b,Kepler-1774,59.77080154,3.18179549,16.4,522.0,6214.0,1.122,1.101,0.19049,816.592
KOBE-1 b,KOBE-1,8.5399,2.91,20.56,594.4,4135.0,0.619,0.629,-0.99576,23.9718
Kepler-1852 b,Kepler-1852,7.970940113,1.88610592,79.1,760.0,5237.0,0.826,0.927,-0.43168,772.481
Kepler-1196 b,Kepler-1196,66.1849031,2.23,8.302,436.0,5756.0,0.97,0.98,-0.04702,922.333
TOI-1221 b,TOI-1221,91.68278,2.91,6.06,440.0,5592.0,1.031,0.93,-0.01689,138.411
Kepler-324 c,Kepler-324,51.805612,3.15,7.233,410.0,5194.0,0.84,0.901,-0.30825,501.574
Kepler-1122 b,Kepler-1122,42.1917357,2.04,23.263,526.0,5544.0,0.89,0.92,0.05875,1230.42
Kepler-1826 b,Kepler-1826,1.615360022,1.47519116,99.32,806.0,3821.0,0.486,0.49,-1.12218,336.952
HD 134606 c,HD 134606,58.883,3.37,12.84,527.65,5576.0,1.158,1.046,0.06483,26.7909
TIC 150070085 b,TIC 150070085,10.47423,3.62,,945.06,5999.0,1.086,1.16,0.13672,204.368
HIP 75092 b,HIP 75092,926.4,13.5,2.5659,353.19,4891.0,4.53,1.28,1.01995,81.6696
Kepler-828 b,Kepler-828,0.567857136,1.51,1835.159,1848.0,5039.0,0.77,0.81,-0.54299,575.322
HD 5278 b,HD 5278,14.339156,2.45,132.0,943.0,6203.0,1.194,1.126,0.28035,57.5846
Kepler-1157 b,Kepler-1157,4.45743164,1.09,95.443,732.0,4679.0,0.71,0.76,-0.67539,342.144
Kepler-1610 b,Kepler-1610,8.70181574,1.61,56.212,750.0,5383.0,0.87,0.91,-0.48291,864.331
Kepler-1245 c,Kepler-1245,2.936584681,1.44,328.984,1190.0,5306.0,0.83,0.86,-0.41093,805.936
Kepler-297 d,Kepler-297,150.0189511,32.6,2.62,325.0,5618.0,0.897,0.846,-0.09608,692.14
Kepler-431 b,Kepler-431,6.803,0.764,577.545,1032.0,6004.0,1.092,1.071,0.49839,486.546
DMPP-4 b,DMPP-4,3.4982,3.53,1222.8464,1645.69,6400.0,1.38,1.25,0.45939,25.3284
Kepler-184 d,Kepler-184,29.022358,2.49,18.557,559.0,5788.0,0.873,0.872,-0.22509,610.326
Kepler-1140 b,Kepler-1140,24.0862707,2.77,13.051,500.0,4850.0,0.73,0.76,-0.56584,656.48
TOI-1799 b,TOI-1799,7.094570865,1.642,164.26,922.72,5690.0,0.957,1.01,-0.06198,62.1274
Kepler-1696 b,Kepler-1696,65.9409,2.80982017,10.04,454.0,5712.0,1.19811,1.02,0.13884,1506.36
Kepler-928 b,Kepler-928,3.932461302,1.59,111.11,894.0,4700.0,0.7,0.73,-0.71877,508.809
Kepler-153 c,Kepler-153,46.90232,2.53,6.422,458.0,5404.0,0.892,0.756,-0.4463,459.368
HD 73256 c,HD 73256,2690.0,12.2,0.0511,133.92,5570.0,0.944723,1.0,-0.13198,36.708
HD 175541 b,HD 175541,298.43,14.1,9.0363,501.11,5013.0,4.19,1.39,0.934,129.603
HD 219134 g,HD 219134,94.2,3.28,2.2009,339.34,4913.0,0.77,0.794,-0.50864,6.53127
Kepler-708 b,Kepler-708,3.167891938,2.93,684.765,1221.0,5692.0,0.96,0.97,0.03695,1394.22
WASP-54 b,WASP-54,3.69364,17.71022,1639.1072,1759.0,6100.0,1.76,1.08,0.57477,251.303
K2-250 b,K2-250,4.01392,2.71257333,169.218,1003.0,5003.0,0.797,0.809,-0.44491,414.708
K2-223 b,K2-223,0.505608,0.79,5432.0988,2480.0,5858.0,1.05,1.07,-0.00436,198.604
K2-223 c,K2-223,4.56395,1.41,290.2749,1191.0,5858.0,1.05,1.07,-0.00436,198.604
Kepler-1325 b,Kepler-1325,33.8786838,2.86,18.153,564.0,5550.0,0.91,0.93,-0.13603,973.368
Kepler-703 b,Kepler-703,4.583521756,8.2,373.108,1038.0,6185.0,1.27,1.18,0.06672,1156.83
TOI-1533 c,TOI-1533,8.0637926,7.5,25.9007,628.0,5146.0,0.849,0.88,-0.34679,100.051
Kepler-957 b,Kepler-957,5.907413537,5.5,124.911,769.0,4963.0,0.75,0.81,-0.46836,824.688
TOI-3856 b,TOI-3856,2.04360352,13.59649359,949.0,1544.0,5622.0,1.055,1.096,0.00087,314.443
Kepler-1740 b,Kepler-1740,8.172400475,3.32321414,127.95,858.0,5705.0,0.905,0.943,-0.07942,1061.77
Kepler-176 d,Kepler-176,25.751974,2.51,15.536,501.0,5232.0,0.891,0.86,-0.40427,527.321
K2-150 b,K2-150,10.59357,2.0,4.9,413.19,3499.0,0.436,0.457,-1.58503,102.483
Kepler-307 b,Kepler-307,10.4208,2.43,59.7,797.0,5367.0,0.814,0.907,-0.12151,575.581
Kepler-755 c,Kepler-755,2.853133644,1.26,302.574,1016.0,5043.0,0.77,0.82,-0.45664,399.034
Kepler-607 c,Kepler-607,39.67679977,2.76001201,8.8,473.0,5244.0,0.888,0.808,-0.38192,519.122
TOI-540 b,TOI-540,1.2391491,0.903,23.4,611.0,3216.0,0.1895,0.159,-2.46092,14.0022
K2-320 b,K2-320,1.995,2.62,37.1662,698.0,3157.0,0.3,0.117,-2.12527,108.74
Kepler-1523 b,Kepler-1523,0.93875077,1.58,2218.145,1676.0,5708.0,0.96,0.97,-0.09894,865.596
GJ 463 b,GJ 463,3459.0,13.1,0.0024,63.55,3563.0,0.483,0.486,-1.52293,18.3554
Kepler-62 c,Kepler-62,12.4417,0.54,28.489,578.0,4925.0,0.64,0.69,-0.678,300.874
HD 222582 b,HD 222582,572.38,12.6,0.7253,256.39,5790.0,1.13,1.12,0.11471,42.1586
Kepler-210 c,Kepler-210,7.972513,3.62,25.44,497.0,4559.0,0.65,0.77,-0.79874,232.75
Kepler-1551 b,Kepler-1551,24.4973698,2.66,60.421,722.0,6136.0,1.22,1.14,0.24402,1463.72
TIC 188624430 b,TIC 188624430,6.21860433132,3.64811843,,,5369.46,0.786574,0.929,-0.33522,300.743
Kepler-1174 b,Kepler-1174,6.89225223,1.59,641.814,1156.0,5936.0,1.04,1.04,0.55531,1408.75
Kepler-269 c,Kepler-269,8.127899,1.69,342.6,875.0,5847.0,0.959,0.92,0.36836,2257.32
Kepler-607 b,Kepler-607,0.638163204,0.87,2302.613,1874.0,5196.0,0.8,0.84,-0.38192,519.122
Kepler-1981 b,Kepler-1981,453.54212,9.23,5.45,390.0,5874.0,3.006,1.519,0.24356,659.395
TOI-6041 c,TOI-6041,88.0,10.5,4.42,403.5,5445.0,0.879,0.885,-0.21254,72.4731
HD 109833 c,HD 109833,13.900148,2.59,77.4842,756.7,5881.0,1.0,1.08,0.07188,79.5561
Kepler-1082 b,Kepler-1082,1.543206604,1.12,2949.557,1827.0,5923.0,1.14,1.03,0.3142,739.557
Kepler-431 d,Kepler-431,11.922,1.11,272.838,856.0,6004.0,1.092,1.071,0.49839,486.546
WASP-170 b,WASP-170,2.34478022,12.285064,680.0,1422.0,5600.0,0.938,0.93,-0.11351,305.603
K2-74 b,K2-74,19.5666,2.31,59.1,772.58,6060.0,0.98,0.96,0.05957,377.822
TOI-1246 d,TOI-1246,18.654874,3.43139739,28.0,587.77,5213.0,0.8649,0.8889,-0.30103,169.422
Kepler-372 d,Kepler-372,30.092568,1.69,53.471,660.0,6509.0,1.137,1.202,0.32073,1493.95
HD 25723 b,HD 25723,457.01,13.3,39.6333,698.4,4766.0,13.76,2.12,1.94443,114.816
TOI-7155 b,TOI-7155,3.89489711981,2.40821473,116.253,914.0,4673.03,0.670748,0.755,-0.69716,144.751
Kepler-84 b,Kepler-84,8.726,2.23,222.19,985.0,6039.0,1.43,1.0,0.39,1023.9
TOI-3353.01,TOI-3353,4.6657965,2.6667555,313.0426,1264.36,6365.0,1.0207,1.332089,-0.0264,78.7577
HD 278555 b,HD 278555,28.842438,11.02963701,79.4371,853.0,6047.0,1.624,1.255,0.49554,289.829
Kepler-1555 b,Kepler-1555,8.10501635,1.61,483.262,959.0,5866.0,1.06,1.04,0.38933,2013.27
Kepler-1725 b,Kepler-1725,16.71990013,2.8125177,84.1,767.0,6020.0,1.085,1.049,0.19852,558.652
TOI-2104 b,TOI-2104,5.904370457,1.52898127,85.3357,846.0,4856.13,0.723757,0.8,-0.56286,76.7418
Kepler-120 b,Kepler-120,6.312501,2.15,42.692,575.0,4096.0,0.534,0.654,-0.67701,388.63
Kepler-627 b,Kepler-627,40.6994443,3.73,39.303,685.0,6424.0,1.49,1.3,0.38539,984.307
Kepler-1326 b,Kepler-1326,42.3514267,4.18,47.84,938.0,6725.0,1.74,1.45,0.52296,698.326
TOI-1184 b,TOI-1184,5.748433803,2.39,57.54,715.47,4534.0,0.69,0.71,-0.70115,58.5946
G 192-15 b,G 192-15,2.27476,1.02,7.06,453.6,2999.0,0.170718,0.132,-2.67285,9.53114
HATS-61 b,HATS-61,7.817953,13.394755,374.2,1226.1,5542.0,1.664,1.076,0.36922,679.761
Kepler-684 b,Kepler-684,6.770302008,3.36,102.87,812.0,5493.0,0.86,0.89,0.20867,1731.27
WASP-159 b,WASP-159,3.840401,15.46842,1599.92,1850.0,6120.0,2.11,1.41,0.678,715.383
K2-26 b,K2-26,14.5665,2.67,5.8,430.0,3785.0,0.52,0.56,-1.3098,99.0504
TIC 9344899 b,TIC 9344899,8.5821566,9.16,149.861,923.0,5800.0,1.06,0.98,0.03342,532.228
WASP-194 b,WASP-194,3.183387,15.47960235,1365.0,1693.0,6405.0,1.409,1.29,0.48157,476.831
Kepler-1956 b,Kepler-1956,5.943719864,1.08940238,48.82,674.0,4391.0,0.682,0.671,-1.04512,360.468
K2-335 b,K2-335,12.283211,2.21,,949.0,6222.0,1.33,1.23,0.39509,557.993
Kepler-352 c,Kepler-352,16.332995,1.24,26.373,591.0,5212.0,0.781,0.798,-0.43235,252.733
Kepler-1175 b,Kepler-1175,37.94563,2.99,12.938,515.0,5453.0,0.86,0.9,-0.3398,1121.89
TOI-2453 b,TOI-2453,4.44143463188,3.24380341,21.749,550.78,3720.23,0.502498,0.500519,-1.41349,81.9043
TOI-3523 A b,TOI-3523 A,2.30458952,15.9727975,2590.0,1984.0,6450.0,1.448,1.131,0.51455,645.294
Kepler-1586 b,Kepler-1586,15.6049212,1.52,105.771,1013.0,6681.0,1.75,1.45,0.18311,552.55
TOI-1062 c,TOI-1062,7.972,3.1,95.0,859.0,5328.0,0.84,0.94,-0.27446,82.1733
Kepler-30 b,Kepler-30,29.33434,3.9,16.379,524.0,5498.0,0.95,0.99,-0.23658,914.221
Kepler-1285 b,Kepler-1285,14.7967458,0.97,181.591,874.0,6170.0,1.28,1.2,0.48088,422.269
TOI-1230.01,TOI-1230,25.05734661842,2.38627705,199.1147,1046.51,5696.0,1.15281,1.14,0.21468,143.138
Kepler-416 b,Kepler-416,6.319,2.48,224.089,986.0,5718.0,1.075,1.0,0.02791,690.819
Kepler-416 c,Kepler-416,12.209,2.352,93.072,791.0,5718.0,1.075,1.0,0.02791,690.819
KOI-142 c,KOI-142,22.26492,14.0,28.7874,635.87,5466.0,0.897,0.99,-0.16507,376.863
HD 114082 b,HD 114082,225.5504,11.72459381,192.2293,949.67,6610.0,1.482,1.28,0.57749,95.3906
Kepler-103 c,Kepler-103,179.60978,5.4539,5.97,434.0,6047.0,1.492,1.212,0.42431,494.832
Kepler-433 b,Kepler-433,5.33408384,16.25,1682.66,1776.0,6360.0,2.26,1.46,0.88,1878.31
CoRoT-8 b,CoRoT-8,6.21229,6.39,19.817,870.0,5080.0,0.77,0.88,-0.4,322.037
Kepler-361 c,Kepler-361,55.188023,2.52,33.948,568.0,6169.0,1.343,1.191,0.45876,930.32
TOI-5728 b,TOI-5728,11.49761,1.31,3.512,382.0,3419.0,0.37,0.36,-1.74669,54.7045
Kepler-568 b,Kepler-568,11.02347475,2.26,8.37,429.0,3768.0,0.53,0.55,-1.33039,130.645
Kepler-1923 b,Kepler-1923,52.60969925,1.95958179,8.63,553.0,5881.0,1.294,1.109,0.257,990.838
Kepler-1208 b,Kepler-1208,11.08507637,2.32,37.664,665.0,5001.0,0.76,0.8,-0.55349,825.176
Kepler-406 c,Kepler-406,4.62332,0.85,349.769,1050.0,5538.0,1.07,1.07,0.0482,364.03
Kepler-1910 b,Kepler-1910,5.688769817,1.184,40.88,645.0,4234.0,0.639,0.636,-0.927,
Kepler-1655 b,Kepler-1655,11.8728787,2.213,129.1,938.0,6148.0,1.03,1.03,0.14315,213.26
HD 191939 g,HD 191939,284.0,3.74,0.99,278.0,5348.0,0.94,0.81,-0.18709,53.6089
HD 87816 c,HD 87816,7596.0,12.4,0.4396,226.65,4989.0,9.0,2.41,1.65514,133.233
Kepler-185 c,Kepler-185,20.729042,2.02,16.029,530.0,5208.0,0.806,0.763,-0.50448,466.735
TOI-707 b,TOI-707,52.79918,2.416,10.9718,491.7,5424.0,0.978,0.99,-0.10846,130.959
WASP-7 b,WASP-7,4.9546416,14.90797,2423.4747,1487.0,6400.0,1.432,1.276,0.53682,162.303
Kepler-738 b,Kepler-738,24.58721573,2.5,27.644,530.0,5327.0,0.82,0.86,-0.21263,1113.65
Kepler-725 c,Kepler-725,207.541,3.08,1.4,268.0,5395.0,0.88,0.95,-0.31304,758.469
Kepler-658 b,Kepler-658,1.287076762,1.63,223.745,871.0,4103.0,0.6,0.63,-0.89922,388.384
HD 235088 b,HD 235088,7.4341325,1.982,70.0,805.0,5075.0,0.772,0.849,-0.4437,41.1706
Kepler-93 b,Kepler-93,4.72673978,1.478,275.0,1133.0,5669.0,0.919,0.911,-0.10565,95.9115
Kepler-596 b,Kepler-596,21.30022655,3.46,82.302,725.0,6267.0,1.32,1.21,0.31445,1023.85
K2-174 b,K2-174,19.562307,2.6,10.9555,455.0,4455.0,0.676,0.7,-0.77269,99.9293
TOI-2154 b,TOI-2154,3.8240801,16.28664896,1005.895,1580.0,6280.0,1.396,1.233,0.43457,296.46
Kepler-1357 b,Kepler-1357,3.0091324,1.28,449.975,1177.0,5597.0,0.9,0.93,-0.14555,1015.69
Kepler-1807 b,Kepler-1807,10.86060047,2.70393215,356.24,1108.0,6455.0,1.496,1.087,0.60255,1299.32
GJ 3378 b,GJ 3378,21.45,1.32,0.91,272.0,3340.0,0.275,0.262,-2.07058,7.72274
Kepler-256 b,Kepler-256,1.620493,1.59,1225.934,1681.0,5551.0,1.301,1.037,-0.0591,1026.43
NGTS-31 b,NGTS-31,4.162734,18.04645893,643.0,1410.0,5710.0,1.7,0.96,0.443,497.376
Kepler-574 b,Kepler-574,7.65880414,2.39,120.47,858.0,5612.0,0.91,0.95,-0.21429,682.896
Kepler-1062 b,Kepler-1062,9.30412078,1.76,33.76,583.0,4597.0,0.7,0.75,-0.6822,397.455
HD 28185 c,HD 28185,9090.0,12.8,0.0134,94.85,5602.0,1.048,0.974,-0.01323,39.3809
TOI-1836 c,TOI-1836,1.7727471,2.59987579,3983.4169,2007.6,6237.0,1.6454,1.2518,0.56984,191.649
Kepler-414 b,Kepler-414,4.7,1.71,241.171,1024.0,5536.0,0.946,0.89,-0.16917,413.46
Kepler-411 d,Kepler-411,58.02035,3.319,3.9,410.0,4974.0,0.82,0.87,-0.57899,153.676
Kepler-247 c,Kepler-247,9.439452,4.09,53.899,686.0,5100.0,0.768,0.887,-0.42165,663.711
Kepler-725 b,Kepler-725,39.64372,10.8,12.1,514.0,5395.0,0.88,0.95,-0.31304,758.469
K2-317 b,K2-317,6.22,2.93,4.5848,432.0,3387.0,0.379,0.403,-1.87068,176.291
Kepler-1375 b,Kepler-1375,3.3004192,1.74,2948.362,1543.0,6704.0,1.78,1.47,0.82249,1430.84
TOI-6478 b,TOI-6478,34.005019,4.6,0.0003,204.4,3230.0,0.234,0.23,-2.24244,38.6057
Kepler-1338 b,Kepler-1338,0.935118057,0.92,4712.111,2124.0,5909.0,1.05,1.04,0.24719,753.26
WASP-59 b,WASP-59,7.919585,8.687,38.0328,670.0,4650.0,0.613,0.719,-0.79407,115.936
K2-63 c,K2-63,25.4556,3.9,139.0,958.85,6771.0,1.63,1.4,0.21948,517.534
KOI-4978 b,KOI-4978,0.941967,0.7,,,5050.28,0.966,0.859,-0.1769,936.341
Kepler-1539 b,Kepler-1539,133.3036741,2.7,1.572,301.0,5176.0,0.8,0.84,-0.42607,748.326
Kepler-614 b,Kepler-614,14.03491514,2.39,37.2,641.0,5268.0,0.81,0.85,-0.41844,527.995
Kepler-257 c,Kepler-257,6.581484,5.41,88.6,881.0,5180.0,1.037,0.916,-0.37756,780.256
TOI-5398 b,TOI-5398,10.590547,10.3,118.413,947.0,6000.0,1.051,1.146,0.11725,130.855
TOI-1820 b,TOI-1820,4.860674,12.778238,292.245,1375.0,5734.0,1.51,1.04,0.29432,248.504
Kepler-1220 b,Kepler-1220,7.42693741,1.52,177.842,899.0,5842.0,0.99,1.0,0.02481,961.907
TOI-938 b,TOI-938,8.80733882211,4.82401567,220.735,1073.0,5829.42,0.985134,1.1,0.04878,215.034
Kepler-192 d,Kepler-192,6.47027579,1.02,186.076,926.0,5487.0,0.94,0.94,-0.09429,651.674
Kepler-825 b,Kepler-825,3.77360059,1.53,734.464,1270.0,5976.0,1.08,1.03,0.11956,807.85
Kepler-1414 b,Kepler-1414,3.51576315,1.23,209.464,1033.0,4951.0,0.75,0.8,-0.46384,570.835
HD 86950 b,HD 86950,1270.0,13.0,4.9065,416.76,4805.0,8.8,1.66,1.55991,209.839
Kepler-1150 b,Kepler-1150,2.787868386,1.02,153.741,1432.0,4754.0,0.72,0.76,-0.66578,358.518
Kepler-1765 b,Kepler-1765,10.41889954,2.49508857,126.48,855.0,5692.0,1.064,0.946,-0.136,764.456
Kepler-831 b,Kepler-831,5.62153941,1.27,266.249,992.0,5732.0,0.97,0.99,0.01191,593.54
K2-257 b,K2-257,1.60588,0.83,89.1463,789.0,3725.0,0.5,0.52,-1.38099,64.0065
Kepler-27 d,Kepler-27,6.546289921,2.7061946,88.2,810.0,5251.0,0.817,0.926,-0.32941,1044.36
HIP 29442 d,TOI-469,6.429575,1.538,203.0,920.0,5289.0,0.98,0.901,-0.14921,68.192
Kepler-196 b,Kepler-196,20.739886,1.9,20.735,536.0,5128.0,0.782,0.839,-0.39257,451.312
Kepler-806 b,Kepler-806,8.09219642,1.14,413.603,1089.0,5770.0,1.16,0.99,0.40655,361.896
Kepler-1854 b,Kepler-1854,39.83110046,2.58746104,7.33,420.0,5026.0,0.759,0.8,-0.479,423.348
TOI-5624 b,TOI-5624,3.3903473,2.314,251.103,1136.0,5327.0,0.82,0.858,-0.31336,101.913
Kepler-739 b,Kepler-739,12.53248465,3.32,115.963,775.0,5601.0,0.9,0.93,0.01798,1370.65
HD 204313 b,HD 204313,2041.11539,12.9,0.124,163.43,5767.0,1.1,1.03,0.09981,47.7945
Kepler-129 d,Kepler-129,2646.0,12.6,0.1818,178.86,5770.0,1.653,1.178,0.46365,408.845
Kepler-389 c,Kepler-389,14.51143,1.46,22.735,636.0,5376.0,0.792,0.765,-0.51588,816.559
K2-158 c,K2-158,5.90279,1.28,177.6001,948.0,5503.0,0.95,0.92,-0.16298,197.299
Kepler-864 c,Kepler-864,2.42150341,1.62,1305.04,1532.0,6213.0,1.195,1.27,0.2078,2022.9
TOI-5800 b,TOI-5800,2.6278838,2.46,274.163,1108.0,4850.0,0.773,0.778,-0.51004,42.9052
TOI-2803 A b,TOI-2803 A,1.96229325,18.11371281,2150.0,1893.0,6280.0,1.245,1.118,0.33646,494.818
Kepler-1462 b,Kepler-1462,65.6488341,3.82,4.704,390.0,5756.0,1.0,1.0,-0.31369,1017.82
HD 191939 b,HD 191939,8.8803256,3.41,100.0,880.0,5348.0,0.94,0.81,-0.18709,53.6089
HD 212771 b,HD 212771,380.7,13.3,10.8749,507.69,5003.0,5.27,1.56,1.18752,111.155
Kepler-1695 b,Kepler-1695,4.7329,1.11948901,198.57,957.0,5473.19,0.987155,0.96,-0.10357,791.175
TOI-1782.02,TOI-1782,1.829024227,1.839,214.17,974.95,4336.0,0.669,0.68,-0.84649,95.2649
WASP-119 b,WASP-119,2.49979,15.6926,907.8624,1600.0,5650.0,1.2,1.02,0.07465,302.448
Kepler-893 b,Kepler-893,6.33855761,3.03,266.271,1034.0,5820.0,0.99,1.0,0.05966,1285.59
Kepler-1487 c,Kepler-1487,35.8007112,7.97,227.68,991.0,5745.0,3.955,1.801,0.55664,1014.62
KOI-7913 b,KOI-7913 A,24.278553,2.34,8.27,432.0,4324.0,0.788,0.76,-0.76792,271.277
TOI-1472 c,TOI-1472,15.5381747,3.334,32.7735,662.0,5100.0,0.84,0.87,-0.35556,121.84
Kepler-1239 b,Kepler-1239,5.19104016,2.9,462.91,1183.0,6564.0,1.57,1.4,0.44712,2140.6
Kepler-1902 b,Kepler-1902,3.822220087,1.17563613,30.84,601.0,3729.0,0.514,0.52,-1.11736,344.337
Kepler-297 b,Kepler-297,38.871826,2.87,16.464,509.0,5619.0,0.915,0.927,-0.09608,692.14
Kepler-351 d,Kepler-351,142.544247,2.72,1.989,318.0,5225.0,0.78,0.81,-0.38644,1083.91
TOI-2227 b,TOI-2227,4.22175815648,3.09885187,933.4062,1539.88,5889.54,1.20847,1.03,0.1619,165.441
K2-136 d,K2-136,25.575,1.565,7.07,420.0,4500.0,0.677,0.742,-0.7765,59.2474
Kepler-789 b,Kepler-789,8.63847725,2.12,312.34,1419.0,5870.0,1.02,1.01,0.49628,1480.16
K2-279 b,K2-279,7.122605,1.21,139.1055,879.0,5558.0,0.86,0.79,-0.20451,182.983
nu Oph c,nu Oph,3180.6,12.0,2.3098,341.48,4887.0,12.24,2.61,1.89476,46.2107
KOI-1599.02,KOI-1599,13.6088,1.9,76.81,755.0,5833.0,0.972,1.02,0.16196,1131.64
TOI-261.02,TOI-261,13.03935862135,3.34822227,243.5261,1007.53,5890.3,1.31383,1.069,0.24978,114.495
HD 109833 b,HD 109833,9.188526,2.888,63.4589,786.0,5881.0,1.0,1.08,0.07188,79.5561
HIP 71135 b,HIP 71135,87.19,4.55,1.1013,285.11,4146.0,0.681296,0.66,-0.908,32.3311
TOI-262 b,TOI-262,11.14529,2.07,56.9133,584.0,5310.0,0.853,0.913,-0.28987,43.932
K2-147 b,K2-147,0.961939,1.47286006,200.1,1077.0,3690.0,0.578,0.563,-1.25181,90.5494
Kepler-11 d,Kepler-11,22.6845,3.12,51.115,653.0,5663.0,1.065,0.961,0.1202,646.346
K2-131 b,K2-131,0.3693038,1.69,4070.0,2223.0,5120.0,0.7595,0.803,-0.47906,152.509
Kepler-218 d,Kepler-218,124.5244647,2.66,4.118,356.0,5542.0,1.02,1.01,0.00935,656.38
TOI-6054.01,TOI-6054,7.501428,2.64,570.0,1360.0,6047.0,1.662,1.107,0.52244,79.407
Kepler-1937 b,Kepler-1937,9.688599586,3.0229133,163.1,1014.0,6457.0,1.196,1.19,0.20922,905.069
TOI-2040 b,TOI-2040,3.8608576,10.32347122,216.0,1070.0,5132.0,0.87,0.92,-0.22185,144.717
HAT-P-56 b,HAT-P-56,2.79083,16.92559,3515.0,1840.0,6566.0,1.47,1.42,0.55274,320.639
HD 8574 b,HD 8574,227.0,13.4,4.1197,394.03,6064.0,1.38,1.34,0.37649,44.8264
HATS-71 b,HATS-71,3.7955202,11.478016,18.0832,586.8,3405.0,0.4783,0.4861,-1.55988,140.225
K2-341 b,K2-341,36.552551,3.21,,598.0,5817.0,1.16,0.98,0.12566,421.408
GJ 1061 b,GJ 1061,3.2073,1.04,3.8,388.11,2953.0,0.156,0.12,-2.76955,3.67278
Kepler-102 b,Kepler-102,5.286965,0.46,90.0,857.0,4909.0,0.724,0.803,-0.58436,107.796
Kepler-731 b,Kepler-731,3.855603551,13.88,456.703,1212.0,5849.0,1.06,1.03,0.03524,1257.16
K2-194 b,K2-194,39.721386,3.64229858,,,5979.0,1.281115,1.110086,0.36302,629.51
Kepler-915 b,Kepler-915,4.59489604,1.5,844.751,1319.0,6173.0,1.38,1.21,0.50553,849.036
TIC 241249530 b,TIC 241249530,165.7719,13.29385111,6.2305,438.94,6166.0,1.397,1.271,0.40824,324.448
TOI-5795 b,TOI-5795,6.1406325,5.62,240.6761,1136.78,5715.0,1.082,0.901,0.05308,156.53
K2-196 b,K2-196,48.324222,3.59970536,,,6045.0,1.538801,1.162095,0.64355,584.877
Kepler-1315 b,Kepler-1315,0.84338011,1.38,897.9,1541.0,4861.0,0.75,0.8,-0.62783,480.869
Kepler-93 c,Kepler-93,1460.0,,,,5669.0,0.92,0.91,-0.10565,95.9115
TOI-5599 b,TOI-5599,5.43691503941,7.1888212,833.218,1496.0,6137.02,1.91334,1.21,0.70069,547.948
Kepler-1912 b,Kepler-1912,6.059219837,1.35670508,201.8,976.0,5734.0,0.962,0.977,-0.04936,297.017
TOI-1260 c,TOI-1260,7.493134,2.76,29.81,651.0,4227.0,0.672,0.679,-0.88941,73.5977
Kepler-306 e,Kepler-306,44.840975,2.27,6.185,390.0,4954.0,0.719,0.75,-0.4693,775.679
K2-396 b,K2-396,0.673862,1.579,,,5236.0,0.92,0.954,-0.23007,274.864
HD 10442 b,HD 10442,1032.3,13.6,0.5054,234.49,4912.0,1.97,1.01,0.31,135.374
Kepler-198 c,Kepler-198,49.567416,2.47,11.354,465.0,5574.0,0.94,0.995,-0.1089,495.358
Kepler-129 b,Kepler-129,15.79,2.4,158.306,910.0,5770.0,1.653,1.178,0.46365,408.845
Kepler-1549 b,Kepler-1549,214.886545,2.57,1.184,286.0,5324.0,0.84,0.88,-0.27333,803.052
HD 8326 b,HD 8326,158.991,9.58,1.1342,287.23,4914.0,0.783181,0.8,-0.49184,30.6862
Kepler-1800 b,Kepler-1800,4.562029839,0.99679734,242.0,1533.0,5343.0,2.506,1.33,-0.18759,350.455
TOI-1742 b,TOI-1742,21.269084,2.36507598,58.618,694.09,5815.0,1.131,1.0861,0.12123,72.8871
BD+45 564 b,BD+45 564,307.88,13.6,0.579,238.82,5004.0,0.813064,0.81,-0.39918,53.622
HD 11343 c,HIP 8541,228.53731,13.9,23.9661,613.29,4672.0,6.84,2.009,1.31,155.121
TOI-2295 b,TOI-2295,30.033302,16.47720163,42.0912,747.0,5730.0,1.459,1.168,0.31387,126.279
Kepler-656 c,Kepler-656,5.25449393,1.41,213.25,975.0,5550.0,0.954,1.05,-0.29864,890.352
Kepler-1941 b,Kepler-1941,31.33510017,2.64976949,46.53,666.0,6404.0,1.142,1.175,0.43611,1494.39
Kepler-1311 d,Kepler-1311,197.5110016,9.65837605,6.0,391.0,5616.0,1.674,1.032,0.47186,866.331
Kepler-1316 b,Kepler-1316,87.9732136,3.54,10.714,446.0,5884.0,1.12,1.04,0.25347,800.871
TOI-6954 b,TOI-6954,4.02074127419,3.63524486,124.569,930.0,5170.87,0.947112,0.834,-0.28972,190.042
DS Tuc A b,DS Tuc A,8.138268,5.7,317.6063,850.0,5428.0,0.964,1.01,-0.13966,44.0622
TOI-128.01,TOI-128,4.9404681,2.21898,182.406,1344.51,6086.0,1.13,0.851969,0.18874,68.4727
TOI-2977 b,TOI-2977,2.3505614,13.15934334,947.8,1544.0,5691.0,1.073,0.936,0.03703,
TOI-261.01,TOI-261,3.3639254,3.0449863,874.7956,1722.49,5890.3,1.28018,0.496728,0.24978,114.495
TOI-209 b,TOI-209,4.37943587445,2.3947209,120.936,845.78,4806.66,0.742779,0.81,-0.53714,113.387
Kepler-256 d,Kepler-256,5.839172,2.48,221.1,1097.0,5551.0,1.301,1.037,-0.0591,1026.43
K2-90 c,K2-90,2.900706,1.3,80.8,908.07,4421.98,0.634754,0.704613,-0.95318,134.188
HD 11506 d,HD 11506,26500.0,12.3,0.0066,77.07,6123.0,1.24,1.22,0.33685,51.261
Kepler-1118 b,Kepler-1118,38.6715075,2.74,20.011,502.0,5688.0,0.97,0.96,-0.06047,888.325
K2-247 c,K2-247,6.49424,2.19,34.7304,688.0,4667.0,0.69,0.74,-0.88154,258.113
K2-322 b,K2-322,8.205,1.92,25.9048,635.0,4141.0,0.602,0.63,-1.03905,123.415
HD 141004 b,HD 141004,15.5083,3.77,144.73,950.73,5885.38,1.389372,1.051904,0.346,11.8148
Kepler-168 c,Kepler-168,13.193242,2.69,169.002,862.0,6282.0,1.107,1.113,0.36071,1343.6
Kepler-419 b,Kepler-419,69.7546,10.8,37.416,613.0,6430.0,1.74,1.39,0.7268,1011.36
TOI-4153 b,TOI-4153,4.6174141,16.11851425,1212.0072,1669.0,6860.0,1.605,1.572,0.71349,423.84
TOI-1422 c,TOI-1422,34.5633,2.61,26.5556,628.0,5840.0,1.019,0.9903,0.04766,155.141
TOI-4155 b,TOI-4155,3.320729,3.21,586.762,1255.0,5724.0,0.95,1.16,0.0658,240.737
GJ 9689 b,GJ 9689,18.27,3.07,4.8635,453.04,3836.0,0.57,0.59,-1.2,30.6203
Kepler-169 d,Kepler-169,8.348125,1.25,55.53,702.0,4997.0,0.763,0.825,-0.49611,406.529
Kepler-191 d,Kepler-191,5.945041017,2.28,99.6,857.0,5215.0,0.8,0.84,-0.4145,594.464
K2-8 b,K2-8,10.35239,3.58,37.7,631.0,4870.0,0.74,0.78,-0.55319,403.513
HATS-33 b,HATS-33,2.5495551,13.78707,757.1284,1429.0,5659.0,1.022,1.062,-0.01773,248.46
Kepler-1464 b,Kepler-1464,31.7785901,1.66,89.473,564.0,5828.0,1.01,1.02,0.42978,1151.73
Kepler-805 b,Kepler-805,30.8638931,2.89,86.473,743.0,6112.0,1.65,1.19,0.5408,638.49
17 Sco b,17 Sco,578.38,12.9,85.4316,847.51,4157.0,25.92,1.22,2.25435,124.953
Kepler-264 c,Kepler-264,140.101261,2.83,15.347,511.0,6158.0,1.55,1.426,0.68915,942.173
HR 858 b,HR 858,3.585287,2.004,989.7,1552.0,6354.0,1.258,1.204,0.36361,31.964
Kepler-941 b,Kepler-941,17.42395198,3.08,47.032,722.0,5539.0,0.86,0.89,-0.20576,1088.36
Kepler-1832 b,Kepler-1832,3.138789892,1.22719556,257.32,1022.0,5242.0,0.722,0.684,-0.33658,486.174
TOI-833 b,TOI-833,1.0418777,1.27,270.0682,1118.0,3920.0,0.6,0.61,-1.11104,41.7148
HD 38283 b,HD 38283,363.20001,14.0,2.4745,348.58,5981.0,1.49,1.37,0.41069,38.0615
Kepler-341 b,Kepler-341,5.195528,1.18,422.097,1085.0,6012.0,1.024,0.976,0.12721,1047.03
TIC 153919886 b,TIC 153919886,2.10510492329,2.70601108,,,4137.16,0.591697,0.581261,-1.16922,132.33
Kepler-1669 b,Kepler-1669,9.51216,2.78043818,18.66,530.0,4303.0,0.714145,0.67,-0.80265,543.444
Kepler-295 c,Kepler-295,21.526258,1.17,141.4,621.0,5603.0,0.898,0.89,0.62949,1699.19
NN Ser c,NN Ser,6987.0,12.6,,,57000.0,,0.535,,515.818
Kepler-1802 b,Kepler-1802,15.45020008,1.671,26.91,581.0,4245.0,0.637,0.649,-0.925,636.694
TOI-6008 b,TOI-6008,0.8574347,1.03,41.5,707.0,3075.0,0.242,0.23,-2.32873,23.1008
Kepler-1437 b,Kepler-1437,10.9295461,1.37,83.14,770.0,5557.0,0.9,0.93,0.31615,2101.69
Kepler-330 b,Kepler-330,8.25978,1.35,66.578,714.0,5117.0,0.722,0.848,-0.44191,717.527
Kepler-100 c,Kepler-100,12.8159,2.2,208.657,939.0,5825.0,1.49,1.08,0.39445,304.645
K2-377 b,K2-377,12.832235,1.693,,,4200.0,0.691,0.821,-0.81809,195.149
Kepler-554 b,Kepler-554,1.902208556,4.29,877.945,1346.0,5447.0,0.92,0.93,-0.11758,690.525
Kepler-208 e,Kepler-208,16.259458,1.48,106.345,880.0,6092.0,1.314,1.082,0.30912,775.328
Kepler-1287 b,Kepler-1287,11.47685909,1.54,78.156,796.0,5715.0,0.94,0.96,-0.09078,1003.26
Kepler-646 b,Kepler-646,15.87364565,1.99,38.229,632.0,5634.0,0.91,0.93,-0.25878,451.794
Kepler-1880 b,Kepler-1880,6.309219837,2.11686218,31.73,606.0,4380.0,0.53,0.524,-0.76168,611.041
Kepler-587 b,Kepler-587,10.94027841,2.23,70.965,764.0,5549.0,0.89,0.92,-0.23792,787.894
EPIC 201238110 b,EPIC 201238110,28.1656,1.87,,,3587.0,0.374,0.41,-1.50834,159.259
K2-240 c,K2-240,20.523,1.8,3.9456,389.0,3810.0,0.54,0.58,-1.27572,72.9105
Kepler-1495 b,Kepler-1495,85.273256,2.94,9.1,443.0,5831.0,1.04,1.03,0.0523,1355.54
Kepler-508 b,Kepler-508,25.30889748,1.64,60.372,710.0,6025.0,1.25,1.16,0.28949,324.618
HD 191939 f,HD 191939,2898.0,13.2,0.0472,125.0,5348.0,0.94,0.81,-0.18709,53.6089
HN Peg b,HN Peg,,11.7768,0.0,10.77,6186.0,1.006954,1.08,0.06024,18.1186
K2-413 b,K2-413,0.8094,0.7599,921.755,1535.2,4116.0,0.7,0.808,-0.83322,285.162
KOI-351 h,KOI-351,331.60296,11.252,1.849,294.0,6031.13,1.185,1.242,0.26853,848.254
HD 60779 c,HD 60779,104.79,5.79,,,6081.0,1.129,1.05,0.19479,35.4445
K2-19 c,K2-19,11.906,4.1,51.0,679.0,5322.0,0.82,0.88,-0.29196,289.827
TOI-3160 A b,TOI-3160 A,3.971281,13.7646283,933.0,1539.0,6190.0,1.346,1.088,0.3784,567.678
Kepler-1333 b,Kepler-1333,109.6471842,2.81,3.298,428.0,5628.0,0.92,0.94,-0.18777,932.446
Kepler-1715 b,Kepler-1715,35.59730148,4.14042267,53.0,646.0,6212.0,1.209,1.082,0.41691,522.605
Kepler-1885 b,Kepler-1885,2.522559881,1.51110555,499.07,1205.0,5591.0,0.86,0.977,-0.17642,818.482
TOI-1803 c,TOI-1803,12.885779,4.29,22.0,588.0,4687.0,0.715,0.756,-0.65365,119.24
Kepler-1116 b,Kepler-1116,41.6977827,2.54,15.793,488.0,5641.0,0.93,0.95,-0.14676,1008.57
Kepler-232 b,Kepler-232,4.431222,3.08,410.583,1104.0,5847.0,0.968,0.97,0.05183,1349.13
HD 141399 d,HD 141399,1069.8,13.7,0.364,220.0,5600.0,1.387236,1.07,0.2014,37.0169
HIP 57274 b,HIP 57274,8.1352,,316.085,725.95,4510.0,0.78,0.29,0.19,25.8618
Kepler-398 d,Kepler-398,6.83437001,0.88,40.831,636.0,4557.0,0.67,0.72,-0.81101,177.355
HD 158259 b,HD 158259,2.178,1.28228,759.183,1462.0,5801.89,1.21,1.08,0.21233,27.0498
Kepler-577 b,Kepler-577,25.69578251,2.55,5.688,314.0,4984.0,0.73,0.78,-0.555,524.247
Kepler-953 b,Kepler-953,88.40655258,4.21,5.84,410.0,5416.0,0.99,0.95,-0.119,258.893
HD 124330 b,HD 124330,270.66,14.0,2.9422,348.79,5873.0,1.30446,1.15,0.33766,60.1977
Kepler-1966 b,Kepler-1966,8.617429733,1.10479327,68.28,733.0,5009.0,0.84,0.797,-0.56655,484.601
Kepler-212 c,Kepler-212,31.805174,2.74,54.662,664.0,5852.0,1.455,1.166,0.38347,687.194
HD 238914 b,HD 238914,4100.0,12.8,2.179,343.67,4769.0,12.73,1.47,1.85,519.452
Kepler-44 b,Kepler-44,3.2467293,12.22,1109.223,1544.0,5800.0,1.35,1.12,0.34743,1188.0
Kepler-158 b,Kepler-158,16.709184,2.12,13.634,500.0,4623.0,0.624,0.655,-0.75667,315.177
Kepler-1080 b,Kepler-1080,77.2548396,3.28,55.45,548.0,5956.0,1.16,1.1,0.86064,1382.82
Kepler-1228 b,Kepler-1228,0.577369579,1.54,1598.664,1757.0,5063.0,0.74,0.78,-0.5546,515.453
TOI-5786 b,TOI-5786,12.779107,8.54,374.462,1040.0,6235.0,1.36,1.23,0.39733,192.475
Kepler-1850 b,Kepler-1850,1.385800004,0.72909663,245.15,1008.0,4239.0,0.6,0.611,-0.81005,250.199
75 Cet c,75 Cet,2051.62,13.9,3.3569,376.92,4809.0,10.38,1.92,1.7145,82.9613
TOI-2345 b,TOI-2345,1.0528573,1.504,791.0,1478.0,4687.0,0.729,0.727,-0.63639,81.6541
DMPP-1 e,DMPP-1,5.516,1.86,492.4756,1314.0,6196.0,1.26,1.21,0.31955,62.5388
Kepler-548 b,Kepler-548,4.454194338,11.99,237.035,1017.0,5535.0,0.9,0.93,-0.2012,751.776
Kepler-260 c,Kepler-260,76.050178,1.74,6.775,372.0,5250.0,0.862,1.013,-0.09198,627.365
Kepler-1460 b,Kepler-1460,29.9633247,1.96,5.469,391.0,4422.0,0.67,0.7,-0.84407,553.218
HD 133131 B b,HD 133131 B,5769.0,13.3,0.0259,112.28,5805.0,0.989538,0.93,-0.0092,51.2993
HD 158259 d,HD 158259,5.1980814,2.18,,,5801.89,1.21,1.08,0.21233,27.0498
WASP-138 b,WASP-138,3.634433,12.21781,1133.73,1590.0,6272.0,1.36,1.22,0.43503,414.234
TOI-5181 A b,TOI-5181 A,3.8922295,13.34989601,1053.0,1585.0,6060.0,1.53,1.25,0.45788,480.155
Kepler-599 b,Kepler-599,15.65562652,2.84,24.467,623.0,5127.0,0.79,0.83,-0.52232,558.517
Kepler-158 d,Kepler-158,0.645088,0.43,,,4895.97,0.668,0.656,-0.75667,315.177
Kepler-575 b,Kepler-575,9.37891944,2.39,141.987,803.0,5710.0,0.95,0.97,-0.08379,853.977
EPIC 246851721 b,EPIC 246851721,6.180235,11.780659,642.0,1401.0,6202.0,1.586,1.317,0.52634,372.632
HD 1461 b,HD 1461,5.77152,2.42,309.8969,1185.14,5765.0,1.152288,1.02,0.0954,23.4534
Gl 725 A b,Gl 725 A,11.2201,1.48,3.3572,376.1,3433.0,0.351,0.33,-1.809,3.5214
Kepler-1218 b,Kepler-1218,22.9221266,1.44,84.83,684.0,5986.0,1.1,1.06,0.36296,840.503
Kepler-1891 b,Kepler-1891,4.02229023,1.52139156,253.28,1017.0,5516.0,0.827,0.873,-0.23134,596.24
Kepler-782 b,Kepler-782,158.6853308,3.21,3.987,350.0,5867.0,1.01,0.98,0.10995,446.844
Kepler-330 c,Kepler-330,15.955387,1.95,27.676,573.0,5117.0,0.722,0.848,-0.44191,717.527
Kepler-987 b,Kepler-987,105.3033148,3.26,3.853,351.0,5637.0,0.91,0.97,-0.14468,914.126
Kepler-385 d,Kepler-385,56.4159,2.6186448,15.0,535.0,5829.0,1.157,1.05,0.14374,1432.61
Kepler-115 c,Kepler-115,8.990889,2.6,209.101,960.0,5979.0,1.205,1.042,0.22007,623.609
TOI-2120 b,TOI-2120,5.7998164,2.122,3.61,384.0,3131.0,0.245,0.211,-2.28651,32.1755
K2-395 b,K2-395,4.803352,2.597,,,5007.0,0.783,0.952,-0.41264,286.727
KOI-1833 d,Kepler-968,7.685,2.58,27.35,613.0,4413.0,0.667,0.681,-0.7626,290.324
Kepler-734 b,Kepler-734,6.104852856,3.56,89.25,784.0,5326.0,0.78,0.85,0.37395,1157.21
HD 104067 c,HD 104067,13.8992,3.69,27.4455,648.36,4952.0,0.78,0.82,-0.51256,20.3632
Kepler-514 b,Kepler-514,5.65179605,1.72,506.412,1248.0,6106.0,1.44,1.28,0.35265,455.336
Kepler-1456 b,Kepler-1456,18.1373829,1.14,8.234,433.0,4231.0,0.62,0.64,-0.957,370.312
TOI-1411 b,TOI-1411,1.4520527,1.19880592,266.85,976.4,4115.0,0.614,0.6045,-1.01323,32.4778
Kepler-1614 b,Kepler-1614,3.9466141,1.49,276.373,981.0,5121.0,0.76,0.79,-0.27096,1191.19
CoRoT-20 b,CoRoT-20,9.24285,9.41556,180.8704,1024.0,5880.0,1.02,1.14,0.17,844.061
K2-187 d,K2-187,7.149584,2.4,122.8195,865.0,5438.0,0.83,0.966999,-0.19607,330.916
HD 44219 b,HD 44219,472.0,14.1,1.1462,283.89,5752.0,1.32,1.2,0.26,52.9051
Kepler-142 c,Kepler-142,4.761702,2.86,399.444,1201.0,5790.0,1.269,0.978,0.10706,548.686
HD 72659 b,HD 72659,3549.0,13.2,0.1115,155.34,5929.0,1.36,1.033,0.37397,51.8949
Kepler-652 b,Kepler-652,4.182002531,2.49,211.884,974.0,5490.0,0.88,0.97,-0.27008,394.55
TOI-332 b,TOI-332,0.777038,3.2,4180.32,1871.0,5251.0,0.87,0.88,-0.22143,222.852
K2-62 b,K2-62,6.67199,2.02,46.7,666.0,4455.0,0.696,0.67,-0.72658,112.467
K2-380 b,K2-380,9.401312,2.729,,,5911.0,1.32,0.993,0.20189,249.303
Kepler-785 b,Kepler-785,1.973760926,13.02,163.862,753.0,4739.0,0.71,0.77,-0.68251,642.051
K2-224 b,K2-224,4.47904,1.56,215.6156,1002.0,5620.0,0.84,0.91,-0.24102,275.255
Kepler-1066 b,Kepler-1066,1.931559839,2.36,710.019,1290.0,5762.0,0.98,0.98,-0.18995,344.251
Kepler-1315 c,Kepler-1315,6.566060066,1.84398883,57.6,777.0,4818.0,0.856,0.809,-0.62783,480.869
TOI-375 d,TOI-375,297.9,13.6,5.96,434.0,5259.9,2.9,1.441,0.75997,396.213
KIC 9663113 b,KIC 9663113,572.3847,4.6,3.356,264.0,6065.0,1.03,0.98,0.7919,1594.74
NGTS-12 b,NGTS-12,7.532806,11.747032,416.0,1257.0,5690.0,1.589,1.021,0.33843,446.442
Kepler-1240 b,Kepler-1240,4.8663815,1.15,539.129,1121.0,5682.0,0.96,0.98,0.22254,862.186
KIC 7917485 b,KIC 7917485,840.0,12.4,,,7067.0,2.009938,1.63,0.99564,1382.89
HD 26161 b,HD 26161,10942.29013,11.9,0.0243,110.98,6057.62,1.455981,1.12,0.39304,40.9128
Kepler-1323 b,Kepler-1323,0.929906678,1.52,5067.603,2291.0,6169.0,1.4,1.18,0.29462,465.417
TOI-2379 b,TOI-2379,5.4693827,11.72459381,25.3,624.0,3707.0,0.622,0.645,-1.12907,211.247
Kepler-657 b,Kepler-657,24.54350418,3.52,62.2,616.0,5808.0,1.01,1.01,0.27898,1691.88
K2-198 c,K2-198,3.3596055,1.423,,1229.9,5212.9,0.757,0.799,-0.40084,110.567
HD 170469 b,HD 170469,1145.0,14.1,0.3188,209.6,5842.0,1.24,1.1,0.204,60.178
Kepler-139 d,Kepler-139,7.305699922,1.695,172.3,972.0,5622.0,1.045,1.078,0.01598,391.038
Kepler-1639 b,Kepler-1639,9.878482,2.58,187.848,1003.0,6150.0,1.18,1.12,0.14514,1031.31
TOI-2580 b,TOI-2580,3.39775,17.37392009,1730.0,2410.0,6120.0,1.81,1.33,0.61595,379.253
Kepler-1000 b,Kepler-1000,120.0181272,4.76,18.0,473.0,6453.0,1.51,1.4,0.7147,1115.62
TOI-2088 b,TOI-2088,124.72997,3.6831179,1.7338,300.33,5081.0,0.8481,0.9027,-0.36151,126.46
HIP 98599 b,HIP 98599,2656.0,12.7,0.1724,171.08,5978.0,1.39484,1.19,0.43205,75.9428
K2-154 b,K2-154,3.67626,1.99,57.5,715.0,4097.0,0.63,0.65,-1.01773,129.356
Kepler-240 b,Kepler-240,4.144495,1.37,142.736,864.0,4985.0,0.739,0.868,-0.52355,746.927
HIP 38594 c,HIP 38594,3477.768,7.94,0.006,79.96,4086.3,0.626646,0.61,-1.06243,17.7886
Kepler-145 c,Kepler-145,42.882,4.32,67.193,709.0,6022.0,1.85,1.32,0.69164,566.85
Kepler-144 b,Kepler-144,5.885273,1.33,426.719,1253.0,6075.0,1.235,1.154,0.28203,384.917
TOI-1846 b,TOI-1846,3.9306737,1.792,17.35,568.1,3568.0,0.397,0.418,-1.63714,47.2496
Kepler-1957 b,Kepler-1957,2.186619997,0.94374867,345.07,1099.0,4904.0,0.772,0.745,-0.60069,460.899
Kepler-219 b,Kepler-219,4.585512,2.95,456.732,1307.0,5786.0,1.491,1.164,0.2139,787.07
TIC 365102760 b,TIC 365102760,4.21285367,6.21,1316.4951,1676.12,4900.0,3.13,1.17,0.707,555.546
Kepler-1153 b,Kepler-1153,1.755835327,1.73,761.808,1343.0,5470.0,0.88,0.91,-0.28448,1119.49
Kepler-327 b,Kepler-327,2.549575,1.11,73.056,682.0,3799.0,0.492,0.591913,-1.25964,241.987
K2-72 b,K2-72,5.577212,1.08,8.5,466.13,3360.47,0.330989,0.271365,-1.83673,66.4321
TOI-5126 c,TOI-5126,17.8999,3.86,96.0,971.0,6150.0,1.241,1.24,0.29885,160.414
Kepler-405 b,Kepler-405,10.613839,2.08,55.623,785.0,5818.0,0.893,0.873,-0.33143,1065.08
Kepler-451 d,2MASS J19383260+4603591,43.0,13.5,,,29564.0,0.203,0.48,1.45,396.332
Kepler-1421 b,Kepler-1421,6.9131112,0.93,649.151,1209.0,6335.0,1.42,1.25,0.59941,783.401
K2-332 b,K2-332,17.70632,2.2,,266.0,3315.0,0.28,0.27,-2.06542,123.202
Kepler-1288 b,Kepler-1288,2.76122421,1.12,1342.5,2017.0,6132.0,1.29,1.2,0.30207,814.078
GJ 1151 c,GJ 1151,389.7,3.25,0.0102,88.3,3280.0,0.1781,0.1639,-2.47952,8.03625
Kepler-80 c,Kepler-80,9.52355,2.74,36.482,495.0,4540.0,0.678,0.73,-0.76955,369.451
Kepler-925 b,Kepler-925,33.8678531,2.34,5.833,394.0,4673.0,0.72,0.77,-0.68406,611.115
Kepler-194 d,Kepler-194,52.814973,2.4,12.863,562.0,6089.0,1.025,0.94,0.0427,1097.97
Kepler-945 b,Kepler-945,31.0033814,2.63,31.702,616.0,5718.0,0.97,0.97,0.02447,1651.25
HD 156846 b,HD 156846,359.51001,12.4,3.97,382.49,6090.0,1.9,1.38,0.69723,47.7332
TOI-2025 b,TOI-2025,8.8720982,11.89272852,343.7178,1166.0,5977.0,1.459,1.199,0.38739,335.985
Kepler-1878 b,Kepler-1878,4.445879936,2.92019781,302.6,1063.0,5918.0,0.865,0.956,0.18689,1494.3
Kepler-1447 b,Kepler-1447,56.6747285,2.9,10.349,522.0,5722.0,0.95,0.97,-0.04217,890.296
Kepler-1805 b,Kepler-1805,8.847940445,1.54502915,12.48,479.0,3867.0,0.552,0.581,-1.17695,221.639
HD 158259 f,HD 158259,12.028,2.35,,,5801.89,1.21,1.08,0.21233,27.0498
Kepler-370 b,Kepler-370,4.57953,1.59,361.514,1040.0,5852.0,0.9,0.982,0.00609,1167.94
Kepler-956 b,Kepler-956,5.248672631,3.0,307.058,1056.0,6040.0,1.15,1.1,0.05208,544.939
HD 63433 b,HD 63433,7.1079475,2.14,145.5707,967.11,5553.0,0.934,0.956,-0.1261,22.4035
Kepler-1142 b,Kepler-1142,18.3027248,1.47,147.817,902.0,5685.0,0.96,0.97,0.43724,1273.51
Kepler-853 b,Kepler-853,7.16892463,1.69,499.301,1187.0,6350.0,1.55,1.3,0.51032,568.676
Kepler-451 c,2MASS J19383260+4603591,1460.0,13.5,,,29564.0,0.203,0.48,1.45,396.332
WISPIT 1 b,WISPIT 1,,12.4,0.0,12.94,4670.0,1.1161,0.72,-0.32014,230.007
TOI-2529 b,TOI-2529,64.5949,11.54525012,70.9731,636.0,5802.0,1.7,1.11,0.46389,296.271
KOI-1599.01,KOI-1599,20.4415,1.9,44.8,660.0,5833.0,0.972,1.02,0.16196,1131.64
Kepler-1759 b,Kepler-1759,3.720230103,0.9037791,195.7,954.0,5017.0,0.797,0.76,-0.56331,385.348
Kepler-1215 b,Kepler-1215,4.76703963,1.22,253.964,1046.0,5616.0,0.93,0.95,-0.18176,661.022
Kepler-1733 b,Kepler-1733,9.229579926,3.63582354,257.11,1021.0,6320.0,1.252,1.273,0.42985,2080.51
Kepler-357 c,Kepler-357,16.85837,2.67,19.404,576.0,5036.0,0.834,0.794,-0.55635,688.573
Kepler-194 c,Kepler-194,17.308032,2.59,56.955,815.0,6089.0,1.025,0.94,0.0427,1097.97
Kepler-1056 b,Kepler-1056,27.495606,3.01,56.91,590.0,6127.0,1.2,1.12,0.22658,982.51
Kepler-1424 b,Kepler-1424,29.6091744,1.16,58.6,629.0,5838.0,1.07,1.02,0.27098,661.421
Kepler-1642 c,Kepler-1642,6.6513802,2.66,89.632,1095.0,5355.0,0.84,0.88,-0.40452,413.873
HD 164595 b,HD 164595,40.0,4.16,19.6697,589.0,5790.0,1.023606,0.99,0.01725,28.254
K2-24 c,K2-24,42.34732,7.93,20.0,591.0,5726.0,1.185,1.091,0.15836,170.562
Kepler-235 d,Kepler-235,20.060548,2.05,4.03,401.0,4255.0,0.554,0.581,-1.10237,428.018
HD 97037 b,HD 97037,6449.08337,12.1,0.0357,120.99,5874.1,1.26356,1.06,0.23365,32.413
Kepler-776 b,Kepler-776,4.89718784,1.28,135.082,904.0,5071.0,0.78,0.83,-0.43656,727.904
K2-352 b,K2-352,3.665912,1.37,,1160.0,5791.0,0.95,0.98,-0.06326,176.051
TOI-3288 b,TOI-3288,1.4338647,12.24020692,213.8,973.0,4072.0,0.672,0.643,-0.95195,200.5
Kepler-1420 b,Kepler-1420,6.69960006,1.28,131.526,806.0,5187.0,0.79,0.82,-0.23199,1054.37
K2-333 b,K2-333,14.759287,6.18,102.1266,826.0,5880.0,1.22,1.06,0.16523,343.99
Kepler-79 e,Kepler-79,81.0665,3.53,18.78,511.0,6389.0,1.316,1.244,0.342,1020.72
Kepler-20 d,Kepler-20,77.611455,2.606,5.71,430.0,5495.0,0.9164,0.929,-0.16451,282.563
DMPP-1 c,DMPP-1,10.03,3.31,220.4556,1239.0,6196.0,1.26,1.21,0.31955,62.5388
Kepler-947 b,Kepler-947,26.9644317,2.28,51.95,573.0,5508.0,0.87,0.9,0.14245,1730.78
Kepler-689 b,Kepler-689,22.36656079,2.89,35.337,536.0,5518.0,0.88,0.91,-0.15327,1131.73
NGC 2682 YBP 1194 b,NGC 2682 YBP 1194,6.959,12.3,,,5780.0,0.99,1.01,-0.01121,872.92
HD 211970 b,HD 211970,25.201,3.66,4.2125,398.77,4127.0,0.574175,0.61,-1.06479,13.1277
Kepler-336 c,Kepler-336,9.600001,2.1,206.91,967.0,5867.0,1.304,1.09,0.26,768.86
Kepler-423 b,Kepler-423,2.6843285,13.361,649.148,1605.0,5560.0,0.95,0.85,-0.018,758.753
2M0437 b,2MASS J04372171+2651014,,13.0,0.0,1450.0,3100.0,0.84,0.17,-1.16368,128.484
Kepler-561 b,Kepler-561,58.3620495,6.96,7.565,446.0,5646.0,0.94,0.96,-0.17974,621.378
24 Boo b,24 Boo,30.33,13.9,2001.2754,1840.86,4816.0,12.19,1.05,1.87691,95.9863
HD 74156 c,HD 74156,2448.48726,12.5,0.186,187.52,6068.0,1.510576,1.1,0.40075,57.603
Kepler-1365 c,Kepler-1365,4.77468005,0.8,864.037,1137.0,5770.0,1.05,1.0,0.42479,840.128
HD 20003 c,HD 20003,33.9239,3.89,18.6659,573.89,5494.0,0.921637,0.875,-0.14267,41.8316
Kepler-716 b,Kepler-716,10.37168453,2.9,42.493,720.0,5099.0,0.78,0.83,-0.50424,635.009
TOI-4562 b,TOI-4562,225.1064,12.53,3.2011,318.0,6096.0,1.152,1.192,0.25285,339.605
HD 134606 b,HD 134606,12.089,2.97,106.1131,894.63,5576.0,1.158,1.046,0.06483,26.7909
K2-66 b,K2-66,5.06963,2.49,840.0,1372.0,5887.0,1.67,1.11,0.50621,513.877
TIC 437041147 b,TIC 437041147,3.82301421497,2.21526814,,,5224.36,0.961092,0.931,-0.15853,246.6
Kepler-583 b,Kepler-583,6.5100253,2.28,178.699,1017.0,5523.0,0.91,0.94,-0.10059,867.271
Kepler-1649 c,Kepler-1649,19.53527,1.06,0.75,234.0,3240.0,0.2317,0.1977,-2.28735,92.1913
WASP-57 b,WASP-57,2.83891856,11.76945,702.385,1338.0,5600.0,0.927,0.886,-0.00509,398.276
Kepler-381 d,Kepler-381,8.256299973,1.0667865,436.7,1387.0,6197.0,2.188,1.198,0.5139,267.323
TOI-1199 b,TOI-1199,3.671463,10.5140239,324.114,1486.0,5710.0,1.45,1.23,0.30428,248.427
TOI-4961 b,TOI-4961,7.479182,12.34108775,115.0,919.0,5380.0,0.912,0.912,-0.20135,213.073
Kepler-118 c,Kepler-118,20.17202,7.68,21.409,564.0,5274.0,1.094,0.811,-0.37737,574.228
Kepler-278 b,Kepler-278,30.1556,3.955,110.0,586.0,4965.0,2.861,1.227,0.64933,443.03
K2-268 e,K2-268,6.131243,1.33,,801.0,5106.0,0.78,0.84,-0.42942,327.783
Kepler-1254 d,Kepler-1254,5.72717226,1.31,71.31,794.0,4985.0,0.75,0.78,-0.57202,622.818
HD 167768 b,HD 167768,20.6532,13.9,2042.741,1873.59,4851.0,9.7,1.08,1.66932,107.214
TOI-1036 b,TOI-1036,3.77952125496,6.28499593,466.528,1294.0,5664.68,1.17554,1.03,0.14017,184.015
EPIC 212424622 b,EPIC 212424622,18.0983,2.17,,,5782.33,1.2247,1.106,0.17917,611.804
Kepler-1915 b,Kepler-1915,13.83539963,3.21798413,101.05,809.0,6020.0,1.057,1.03,0.06133,1514.66
Kepler-1734 b,Kepler-1734,6.796850204,3.08851092,222.91,985.0,6061.0,0.97,1.05,0.14406,1482.83
Kepler-960 b,Kepler-960,3.12686223,2.29,129.223,1391.0,4755.0,0.72,0.77,-0.6289,284.916
HD 208897 b,HD 208897,358.27,13.7,10.8876,507.24,4860.0,4.98,1.25,1.09,67.4872
Kepler-1386 b,Kepler-1386,6.73972381,1.24,196.533,1011.0,5733.0,1.03,1.02,0.00882,835.882
Kepler-1921 c,Kepler-1921,3.15722086,1.41,2436.47,1791.0,6120.0,2.0,1.251,0.80624,928.989
Kepler-1225 b,Kepler-1225,7.01075434,1.82,324.282,1453.0,6140.0,1.19,1.13,0.33289,1347.52
Kepler-1708 b,Kepler-1708,737.1131,9.96,0.561,245.02,6157.0,1.117,1.088,0.182,1666.69
HD 96700 b,HD 96700,8.1245,2.93,228.5794,1089.02,5845.0,1.16,0.89,0.13988,25.4111
Kepler-208 b,Kepler-208,4.22864,1.63,639.576,1379.0,6092.0,1.314,1.082,0.30912,775.328
Kepler-1146 b,Kepler-1146,2.352265797,1.23,227.962,1019.0,4692.0,0.7,0.74,-0.64244,703.038
WASP-100 b,WASP-100,2.84938,14.90797,5502.8822,2099.0,6900.0,1.57,0.77,0.76571,364.411
Kepler-1643 b,Kepler-1643,5.342657,2.32,137.753,799.0,4916.0,0.855,0.845,-0.47156,341.774
Kepler-215 d,Kepler-215,30.864423,2.39,21.404,527.0,5739.0,1.027,0.788,-0.1172,485.997
EPIC 212737443 b,EPIC 212737443,13.603,2.586,18.4919,536.0,4684.0,0.673,0.69,-0.75057,336.25
TOI-2169 A b,TOI-2169 A,8.2148282,12.50922246,577.0,1364.0,6270.0,1.82,1.42,0.66558,351.487
K2-259 b,K2-259,15.48043,2.32,90.9529,795.0,6059.0,1.13,1.14,0.16711,416.457
TOI-5292 A b,TOI-5292 A,2.02191,12.64373023,102.0,809.0,3919.0,0.611,0.596,-1.10127,337.095
Kepler-401 c,Kepler-401,47.318218,2.15,51.996,598.0,6117.0,1.333,1.173,0.56611,965.56
Kepler-888 b,Kepler-888,70.6979061,1.76,7.854,417.0,5875.0,0.9,0.97,-0.04319,420.817
Kepler-740 b,Kepler-740,3.584101216,4.57,432.866,1131.0,5438.0,0.87,0.91,-0.12268,1442.02
Kepler-1673 b,Kepler-1673,33.7888,2.9355194,30.5,611.0,6014.95,1.13166,1.11,0.17906,727.187
Kepler-1322 c,Kepler-1322,6.459980011,2.15492527,144.06,883.0,5704.0,0.804,0.897,-0.10053,1350.32
Kepler-1211 b,Kepler-1211,11.01816836,2.55,130.9,840.0,5705.0,0.94,0.96,0.13445,1826.53
HIP 78530 b,HIP 78530,,12.0,0.0,2700.0,10500.0,2.10876,2.5,1.3684,136.759
Kepler-48 f,Kepler-48,5219.681854,13.8,0.0157,95.68,5190.0,0.836,0.916,-0.28926,306.738
Kepler-1750 b,Kepler-1750,205.9120026,6.00434637,1.85,298.0,5644.0,0.969,0.981,0.06117,1497.33
TOI-4308 b,TOI-4308,9.151201,2.4189,55.3616,763.05,5243.0,0.7934,0.9,-0.36795,108.932
HD 18015 b,HD 18015,2278.0,13.1,0.6286,242.98,5603.0,3.13,1.49,0.9738,123.801
TOI-1798.02,TOI-1798,0.437811822,1.464,3345.44,1935.83,5165.0,0.78,0.87,-0.41567,113.181
Kepler-24 b,Kepler-24,8.14,2.348,252.246,1050.0,6028.0,1.099,1.06,0.064,1156.81
Kepler-1875 b,Kepler-1875,34.45859909,3.22686692,23.05,559.0,6161.0,0.862,0.95,0.4066,1660.45
Kepler-1642 b,Kepler-1642,12.2057513,3.2,39.915,895.0,5355.0,0.84,0.88,-0.40452,413.873
HD 33142 c,HD 33142,810.2,13.9,2.619,353.91,5025.4,4.17,1.52,1.00043,121.375
Kepler-864 b,Kepler-864,5.83376092,2.4,464.765,1143.0,5754.0,1.0,1.0,0.2078,2022.9
HD 181720 b,HD 181720,956.0,14.0,0.5671,249.06,5736.0,1.5,1.03,0.288,60.2046
TOI-6677 b,TOI-6677,5.45060661625,5.83507112,2.09,334.0,6572.28,1.57167,1.45,0.6672,340.52
Kepler-1394 b,Kepler-1394,3.93766373,1.39,2023.005,1947.0,6481.0,2.55,1.64,0.81107,640.409
Kepler-1672 b,Kepler-1672,150.878,2.97022762,4.4,423.0,6131.95,1.08841,1.16,0.17867,391.181
HD 331093 b,HD 331093,621.62,13.6,0.4895,234.84,5544.0,1.1112,1.03,0.00646,50.1928
Kepler-58 d,Kepler-58,40.101371,2.94,18.244,583.0,6099.0,1.127,1.024,-0.00422,969.252
Kepler-404 c,Kepler-404,14.751166,1.72,33.153,678.0,5654.0,0.884,0.86,-0.33704,812.524
Kepler-1254 b,Kepler-1254,9.99113313,1.55,33.978,660.0,4985.0,0.75,0.78,-0.57202,622.818
HD 37124 d,HD 37124,1862.0,14.0,0.098,159.79,5698.64,0.949168,0.85,-0.11224,31.6634
WASP-3 b,WASP-3,1.84683,15.91678,1845.3,2020.0,6400.0,1.44,1.62,0.43416,231.161
Kepler-1936 b,Kepler-1936,126.5569992,3.16615594,9.4,524.0,6501.0,1.854,1.419,0.45627,871.096
Kepler-1615 b,Kepler-1615,47.3126192,2.06,31.171,658.0,5865.0,1.05,1.04,0.38923,1393.83
Kepler-327 d,Kepler-327,13.969457,1.73,7.59,387.0,3799.0,0.492,0.591913,-1.25964,241.987
Kepler-1301 b,Kepler-1301,9.08237046,1.4,76.139,734.0,5188.0,0.81,0.85,-0.34618,854.28
Kepler-784 c,Kepler-784,17.157236,1.55,119.87,844.0,5676.0,1.487,1.016,0.85693,1303.72
Kepler-1553 b,Kepler-1553,4.24261881,1.15,166.106,926.0,5288.0,0.81,0.85,-0.33811,692.594
Kepler-1862 b,Kepler-1862,16.05730057,2.203,41.04,645.0,5644.0,0.806,0.9,-0.21515,1232.19
Kepler-990 b,Kepler-990,9.91723428,2.6,108.3,903.0,5948.0,1.08,1.05,-0.05003,802.163
Kepler-1537 b,Kepler-1537,1.444453798,1.18,713.168,1800.0,5079.0,0.77,0.81,-0.42348,517.292
HATS-28 b,HATS-28,3.1810781,13.383546,407.8485,1253.0,5498.0,0.922,0.929,-0.15739,535.383
HR 858 d,HR 858,11.230511,2.001,217.0,1061.0,6354.0,1.258,1.204,0.36361,31.964
TOI-2193 A b,TOI-2193 A,2.1225735,19.83989584,1600.0,1763.0,5966.0,1.248,1.082,0.25018,337.064
GJ 9773 b,GJ 9773,2965.0,14.2,0.0021,59.89,3528.0,0.362,0.358,-1.73666,15.9211
Kepler-1785 b,Kepler-1785,19.58550072,2.70422447,47.3,666.0,5618.0,0.996,0.911,0.00308,745.74
Kepler-130 d,Kepler-130,87.517905,1.64,9.834,451.0,5884.0,1.127,0.927,0.19831,316.663
HD 13808 c,HD 13808,53.753,3.13,5.6365,424.57,5035.0,0.781,0.771,-0.43455,28.2305
Kepler-340 b,Kepler-340,14.844387,2.53,274.318,1092.0,6620.0,1.85,1.65,0.86749,808.762
HD 125271 b,HD 125271,14901.99295,12.4,0.0021,59.78,4703.93,0.751364,0.75,-0.60376,39.3466
Kepler-1085 b,Kepler-1085,219.3217528,7.22,2.055,313.0,6000.0,1.14,1.11,0.07867,1364.53
Kepler-1404 b,Kepler-1404,15.9314739,2.01,39.001,596.0,5261.0,0.8,0.84,-0.37049,962.183
K2-99 c,K2-99,522.2,12.6,3.8779,390.0,6069.0,2.55,1.44,0.89927,519.229
TOI-1728 b,TOI-1728,3.49151,5.05,57.78,767.0,3980.0,0.6243,0.646,-1.05552,60.798
HATS-74 A b,HATS-74 A,1.73185606,11.56766808,106.9,895.1,3776.9,0.5758,0.601,-1.2161,299.389
Kepler-1207 b,Kepler-1207,13.68237119,1.62,352.508,802.0,5909.0,1.06,1.06,0.63789,1754.19
Kepler-1636 b,Kepler-1636,425.47785,3.23,1.217,248.0,5797.0,1.02,1.01,0.23674,1947.54
Kepler-1267 b,Kepler-1267,13.0313945,3.01,86.469,774.0,6096.0,1.2,1.15,0.0025,1379.43
K2-73 c,K2-73,1000.0,13.0,0.285,186.1,5867.0,1.058,1.02,0.07609,269.183
Kepler-1795 b,Kepler-1795,13.36019993,1.66301611,17.3,520.0,4500.0,0.688,0.768,-0.757,
K2-285 b,K2-285,3.471745,2.59,234.31,1088.9,4975.0,0.787,0.83,-0.42183,154.961
WISPIT 1 c,WISPIT 1,,12.8,0.0,8.21,4670.0,1.1161,0.72,-0.32014,230.007
TIC 349520724 b,TIC 349520724,7.94044635021,2.82626313,,,5098.6,0.818771,0.89,-0.3523,241.105
LP 714-47 b,LP 714-47,4.052032,4.25,38.5441,722.8,4123.0,0.536,0.542,-1.12494,52.616
Kepler-963 b,Kepler-963,9.97683705,2.66,83.494,802.0,5461.0,0.87,0.91,-0.22463,771.494
XO-2 S b,XO-2 S,18.22,10.9,41.519,706.59,5325.0,1.02,0.98,-0.12302,151.398
Kepler-1748 b,Kepler-1748,5.823520184,2.71275017,196.33,955.0,5774.0,0.864,0.916,-0.34954,1083.28
Kepler-336 d,Kepler-336,20.678772,2.37,74.36,749.0,5867.0,1.304,1.09,0.26,768.86
Kepler-712 b,Kepler-712,21.02247699,3.41,15.801,521.0,5148.0,0.78,0.84,-0.48393,872.493
TOI-4364 b,TOI-4364,5.424019,2.01,13.3328,488.0,3528.0,0.4684,0.487,-1.51215,43.9662
Kepler-247 b,Kepler-247,3.33616,1.64,216.111,970.0,5100.0,0.768,0.887,-0.42165,663.711
TOI-5628 A b,TOI-5628 A,4.3416612,8.29464572,45.5107,492.0,3310.0,0.35,0.36,-1.88,110.03
EPIC 201427007 b,EPIC 201427007,0.72091,1.5,,,5633.0,0.94,0.93,-0.04875,706.391
TOI-2992 b,TOI-2992,3.007812,13.75341932,1484.0,1726.0,6000.0,1.545,1.21,0.4456,542.026
K2-268 b,K2-268,2.151676,1.5,392.1704,1136.0,5106.0,0.78,0.84,-0.42942,327.783
Kepler-1096 b,Kepler-1096,2.892217506,1.24,124.866,794.0,4306.0,0.63,0.66,-0.84044,377.976
TOI-615 b,TOI-615,4.6615983,18.97680433,1286.0,1666.0,6850.0,1.732,1.449,0.7679,360.408
HAT-P-28 b,HAT-P-28,3.257215,13.585,554.7122,1384.0,5680.0,1.103,1.025,0.053,401.319
Kepler-667 b,Kepler-667,41.43962808,4.73,71.817,516.0,5327.0,0.87,0.91,0.55691,2302.45
Kepler-557 b,Kepler-557,3.705989551,2.67,2885.663,1281.0,6068.0,1.16,1.11,0.72814,2097.12
EPIC 206024342 d,EPIC 206024342,14.647531,2.6,,,5724.0,1.1,0.928,-0.16992,369.888
rho CrB c,rho CrB,102.036,5.68,9.85,448.1,5817.0,1.3617,1.0,0.23198,17.4671
Kepler-483 b,Kepler-483,30.229104,3.21,61.495,755.0,6346.0,1.47,1.28,0.43879,860.355
HD 73534 b,HD 73534,1750.0,13.7,0.3721,220.25,4917.0,2.58,1.16,0.522,83.3321
HD 35843 b,HD 35843,9.8991,2.29,96.8492,872.3,5666.0,0.897,0.94,-0.12494,69.6026
Kepler-116 b,Kepler-116,5.968734,3.42,594.451,1251.0,6142.0,1.454,1.198,0.42073,955.168
HAT-P-62 b,HAT-P-62,2.6453235,12.02723629,867.2,1512.0,5629.0,1.17,1.023,0.09061,348.815
TOI-3896 b,TOI-3896,4.37730369667,3.14949237,144.988,966.0,5110.91,0.747752,0.86,-0.45834,181.653
Kepler-443 b,Kepler-443,177.6693,2.33,0.86,233.0,4723.0,0.706,0.738,-0.664,802.271
TOI-4504 d,TOI-4504,41.2871975,11.26,12.5915,524.8,5315.0,0.93,0.875,-0.20761,342.605
HD 150010 b,HD 150010,562.0,13.3,48.9796,681.22,4153.0,16.2,1.3,1.98227,144.49
Kepler-552 b,Kepler-552,5.263415765,3.95,358.994,1103.0,5863.0,1.04,1.03,0.06292,843.689
TOI-2719 b,TOI-2719,3.37594,5.98,874.29,1710.0,5762.0,1.69,1.02,0.43619,588.368
HD 23596 b,HD 23596,1535.11912,12.4,0.3957,219.49,6040.0,1.53,1.1,0.45821,52.0018
HATS-46 b,HATS-46,4.7423749,10.65974065,209.7699,1082.1,5451.0,0.894,0.869,-0.1986,453.808
TOI-426 b,TOI-426,1.32050258,2.19,1711.0,1790.0,5750.0,0.99,1.0,-0.022,113.59
TOI-1452 b,TOI-1452,11.06201,1.672,1.8,326.0,3185.0,0.275,0.249,-2.1549,30.5212
TOI-2084 b,TOI-2084,6.0784247,2.47,12.8,527.0,3551.0,0.475,0.453,-1.49214,114.549
TOI-2152 A b,TOI-2152,3.3773512,14.35870428,2195.7249,1802.0,6630.0,1.612,1.516,0.65321,303.006
TOI-426 c,TOI-426,235.8,13.6,1.73,319.2,5750.0,0.99,1.0,-0.022,113.59
K2-347 b,K2-347,7.187257,2.41,,640.0,4599.0,0.63,0.66,-0.89434,320.336
Kepler-812 b,Kepler-812,10.11716531,3.55,421.917,1163.0,6761.0,1.71,1.45,0.75193,1482.74
TOI-2266 b,TOI-2266,2.326318,1.54,13.0,550.0,3200.0,0.24,0.23,-2.16716,51.6004
Kepler-1187 b,Kepler-1187,18.87064068,2.61,72.957,701.0,5975.0,1.09,1.06,0.13585,1020.53
Kepler-1547 b,Kepler-1547,0.692979676,0.9,5760.944,3186.0,6078.0,1.18,1.12,0.22242,674.695
Kepler-170 b,Kepler-170,7.930592,3.2,136.522,899.0,5679.0,1.035,1.066,-0.05453,738.657
GJ 15 A b,GJ 15 A,11.4407,1.55,4.2691,550.0,3607.0,0.38,0.38,-1.655,3.56228
Kepler-100 b,Kepler-100,6.88734,1.34,478.214,1155.0,5837.0,1.51,1.13,0.39445,304.645
Kepler-1258 b,Kepler-1258,0.984940167,0.86,2775.0,2335.0,5839.0,0.99,0.99,0.09384,717.555
NSVS 14256825 b,NSVS 14256825,3225.0,12.3,9.6678,473.47,40000.0,0.188,0.419,1.97364,820.877
TOI-1266 b,TOI-1266,10.8945,2.52,4.72,415.0,3563.0,0.4232,0.437,-1.58021,36.0118
Kepler-659 b,Kepler-659,17.671796,2.5,21.309,513.0,4870.0,0.74,0.79,-0.52596,722.64
GJ 27.1 b,GJ 27.1,15.819,3.66,2.5488,387.13,3542.0,0.518887,0.53,-1.58503,23.6062
TOI-4495 c,TOI-4495,5.18553,4.03,346.626,1365.0,6210.0,1.309,1.247,0.36656,132.214
Kepler-798 b,Kepler-798,13.71933369,2.39,141.888,864.0,6224.0,1.29,1.19,0.22222,972.274
TOI-5082.01,TOI-5082,4.240122,2.54811,254.588,1164.91,5670.0,0.93,0.99665,-0.08961,43.1406
Kepler-364 c,Kepler-364,59.980627,2.15,22.234,568.0,6108.0,1.284,1.076,0.35128,891.462
TOI-1260 d,TOI-1260,16.608164,3.12,10.32,499.0,4227.0,0.672,0.679,-0.88941,73.5977
HD 50499 b,HD 50499,2447.1,13.5,0.1619,174.69,6102.0,1.351,1.253,0.37632,46.2845
HD 20794 f,HD 20794,647.6,2.28,0.3746,214.52,5368.0,0.93,0.79,-0.16311,6.00278
Kepler-1595 b,Kepler-1595,4.56380468,1.23,185.568,980.0,5203.0,0.8,0.84,-0.36327,845.022
HD 99109 b,HD 99109,439.29999,14.3,0.5465,239.32,5282.0,0.98,0.76,-0.17178,54.7901
KOI-3503 b,KOI-3503,21.185,1.19,90.2,785.0,6001.0,1.255,0.858,0.30005,887.064
Kepler-526 b,Kepler-526,5.458498316,1.99,584.354,1099.0,5894.0,1.14,1.15,0.35055,666.146
HD 28109 c,HD 28109,55.99712,4.13,29.9535,643.0,6189.0,1.425,1.227,0.43297,139.611
K2-11 b,K2-11,39.93767,7.55,9.84,734.0,5433.0,5.15,1.35,-0.31039,329.309
NGTS-26 b,NGTS-26,4.5199279,14.88552637,523.0,1331.0,5550.0,1.16,0.96,0.10106,1093.69
KOI-319 b,KOI-319,46.14827,10.67,60.4,703.0,5880.0,2.064,1.325,0.71818,660.138
TOI-1743 b,TOI-1743,4.266046,1.83,10.8837,485.0,3277.0,0.338,0.339,-1.97074,41.2758
Kepler-1837 b,Kepler-1837,5.906089783,2.06673842,247.83,1012.0,5966.0,0.961,1.049,-0.06826,1229.18
Kepler-1986 b,Kepler-1986,19.5489666,1.89,26.62,579.0,5549.0,0.732,0.776,-0.41148,912.085
Kepler-696 b,Kepler-696,4.190425575,6.14,607.525,1234.0,5903.0,1.08,1.06,0.15095,1416.44
Kepler-189 c,Kepler-189,20.134866,2.38,18.811,544.0,5235.0,0.75,0.803,-0.44774,591.534
HD 105618 b,HD 105618,10.02245,5.44,182.6347,1023.19,5671.0,1.27399,1.01,0.17967,70.0837
TOI-1301.01,TOI-1301,6.096407209,2.477,72.55,737.36,4820.0,0.732,0.77,-0.59857,90.8693
Kepler-1497 b,Kepler-1497,8.74199772,1.66,172.38,924.0,5675.0,0.95,0.96,-0.0734,1122.0
EPIC 212624936 b,EPIC 212624936,0.578657,1.2,,,5765.0,0.93,1.0,-0.12371,561.929
Kepler-194 b,Kepler-194,2.092281,1.51,953.173,1648.0,6089.0,1.025,0.94,0.0427,1097.97
Kepler-661 b,Kepler-661,6.029301321,3.07,45.528,678.0,4483.0,0.67,0.7,-0.81411,534.788
Kepler-529 c,Kepler-529,12.8345022,2.0,149.42,891.0,6087.0,1.14,1.07,0.207,799.008
HAT-P-61 b,HAT-P-61,1.90231289,10.07687365,849.5,1505.0,5587.0,0.938,1.004,-0.1152,338.84
TOI-2589 b,TOI-2589,61.6277,12.10569916,21.7464,592.0,5579.0,1.07,0.93,-0.00436,200.273
HD 95872 b,HD 95872,4375.0,13.0,0.0216,103.45,5312.0,0.84,0.7,-0.24208,72.2195
Kepler-1412 b,Kepler-1412,3.6146051,0.83,1087.781,1397.0,5880.0,1.27,1.06,0.38332,755.678
Kepler-760 c,Kepler-760,2.46697439,1.48,453.648,1139.0,5322.0,0.85,0.89,-0.27997,792.336
2MASS J0249-0557 c,2MASS J0249-0557 A,,17.37392009,0.0,1723.0,2859.0,0.315959,0.046,-2.59,66.0613
TOI-4504 c,TOI-4504,82.819093,11.17,0.2639,412.5,5315.0,0.93,0.875,-0.20761,342.605
Kepler-1540 b,Kepler-1540,125.4131177,2.49,0.849,266.0,4540.0,0.69,0.74,-0.81759,244.96
TIC 445839811 b,TIC 445839811,11.1086260318,2.47771211,,,5408.25,0.850041,0.95,-0.24255,235.655
Kepler-225 c,Kepler-225,18.794234,1.84,9.903,412.0,3682.0,0.48,0.593,-0.99568,561.101
Kepler-180 b,Kepler-180,13.817124,1.5,72.119,781.0,5731.0,1.063,0.95,-0.13204,695.65
HD 18438 b,HD 18438,803.0,12.1,210.6576,1208.15,3860.0,88.475,1.84,2.96802,224.146
HD 154088 b,HD 154088,18.56,2.46,41.2119,689.99,5374.0,0.95,0.91,-0.13077,18.2692
HD 24064 b,HD 24064,535.59998,12.3,211.3995,1088.02,4052.0,40.0,1.61,2.54628,300.247
Kepler-1349 b,Kepler-1349,2.12823928,0.7,1862.33,1668.0,6086.0,1.28,1.16,0.34263,276.323
HD 29399 b,HD 29399,892.7,13.5,2.7435,358.32,4845.0,4.5,1.17,1.00173,44.1518
TOI-4511 b,TOI-4511,10.98090968596,2.75304932,938.995,1542.0,5418.77,1.00145,1.017,-0.01811,121.832
Kepler-411 e,Kepler-411,31.509728,3.28,7.6205,503.0,4974.0,0.82,0.87,-0.57899,153.676
eps Ind A b,eps Ind A,25450.0,12.7,0.001,275.0,4700.0,0.713,0.8,-0.6216,3.63857
Kepler-1306 b,Kepler-1306,16.29595382,1.91,52.146,678.0,5727.0,0.97,0.98,-0.06343,1107.5
TOI-2200 b,TOI-2200,2.93602836512,6.96310517,288.087,1147.0,5036.17,0.826247,0.85,-0.39105,251.245
K2-285 c,K2-285,7.138048,3.53,50.35,741.4,4975.0,0.787,0.83,-0.42183,154.961
Kepler-345 b,Kepler-345,7.415563,0.74,35.37,622.0,4504.0,0.623,0.61,-0.49534,260.0
Kepler-539 c,Kepler-539,1000.0,13.3,0.1486,253.0,5820.0,0.952,1.048,-0.06048,307.318
HD 33844 b,HD 33844,551.40002,13.4,5.7778,430.22,4861.0,5.39,1.84,1.17,105.779
GJ 317 c,GJ 317,6500.0,13.6,0.0008,47.67,3496.0,0.403,0.402,-1.68663,15.1968
Kepler-467 b,Kepler-467,24.99324193,2.25,72.749,712.0,5809.0,1.37,1.05,0.32254,466.265
Kepler-964 b,Kepler-964,13.5225106,2.12,43.916,652.0,5427.0,0.84,0.93,-0.306,454.626
TOI-1386 c,TOI-1386,232.0,10.3,1.771,327.4,5735.0,1.0235,1.0363,0.0103,146.858
HD 99706 c,HD 99706,1278.0,12.8,,,4891.0,5.4,1.72,1.18752,146.6
Kepler-1262 b,Kepler-1262,8.67900242,1.82,142.545,949.0,5771.0,0.98,0.99,-0.10541,1054.87
BEBOP-3 b,BEBOP-3,547.0,14.2,1.159,287.88,6033.0,1.414,1.083,0.38321,119.052
Kepler-1071 b,Kepler-1071,6.1799844,2.38,45.12,814.0,5215.0,0.81,0.86,-0.31262,1042.27
Kepler-1515 b,Kepler-1515,214.3114164,9.55,6.017,380.0,6511.0,1.41,1.3,0.56587,539.321
Kepler-1809 b,Kepler-1809,3.7572999,1.513,158.2,877.0,4901.0,0.716,0.807,-0.47061,409.602
K2-242 b,K2-242,6.51389,2.54,6.3759,416.0,3459.0,0.37,0.38,-1.808,109.237
TIC 77319217 b,TIC 77319217,7.54830765124,3.10879526,,,5961.52,1.18439,1.16,0.25039,267.62
Kepler-649 b,Kepler-649,29.90722674,2.26,25.147,564.0,5871.0,0.94,0.97,-0.0439,513.748
HAT-P-55 b,HAT-P-55,3.5852313,14.84069045,583.0,1367.0,5804.0,1.105,1.028,0.09656,511.388
Kepler-344 c,Kepler-344,125.596809,2.95,2.673,360.0,5774.0,0.976,0.931,-0.18481,1002.94
HIP 65891 b,HIP 65891,1089.6,12.7,5.617,429.05,5000.0,8.93,2.5,1.65,150.292
GJ 4274 c,GJ 4274,69.57,2.83,0.1,157.32,3228.0,0.19,0.18,-2.46218,7.23556
Kepler-1111 b,Kepler-1111,8.79617863,2.0,118.52,938.0,6077.0,1.15,1.1,-0.0903,841.536
Kepler-172 b,Kepler-172,2.940309,2.35,639.476,1256.0,5526.0,1.085,1.081,-0.03187,828.592
K2-139 b,K2-139,28.380619,9.11,15.5562,524.0,5370.0,0.88,0.96,-0.29948,153.856
HD 64121 b,HD 64121,623.0,13.2,7.7628,464.77,5078.0,5.44,1.64,1.24797,129.966
Kepler-902 b,Kepler-902,40.1099547,2.54,24.875,556.0,5647.0,0.93,0.95,0.10835,1165.34
Kepler-894 b,Kepler-894,9.803224,2.78,119.881,896.0,5603.0,0.85,0.87,-0.12306,1162.91
Kepler-1794 b,Kepler-1794,9.762980461,1.79426276,57.59,703.0,5052.0,0.816,0.773,-0.6106,561.229
TOI-1064 b,TOI-1064,6.443868,2.587,62.9,784.0,4734.0,0.726,0.748,-0.62342,68.0726
Kepler-884 b,Kepler-884,5.69919514,1.23,139.5,964.0,5715.0,0.94,1.0,-0.31335,476.733
Kepler-1019 b,Kepler-1019,1.411229847,1.46,330.249,1164.0,4433.0,0.67,0.7,-0.80636,194.182
WASP-28 b,WASP-28,3.40883495,13.66374747,695.65,1456.0,6084.0,1.083,0.993,0.15,348.494
GJ 3341 b,GJ 3341,14.207,2.46,3.6578,377.62,3526.0,0.439,0.47,-1.538,23.619
TOI-4552 b,TOI-4552,0.30110032,1.11,263.0,1122.0,3258.0,0.2869,0.2619,-2.07779,27.2684
GJ 1289 b,GJ 1289,111.74,2.38,0.0754,150.0,3296.0,0.245012,0.21,-2.25995,8.35147
Kepler-555 b,Kepler-555,16.21775407,2.83,129.374,664.0,5894.0,1.04,1.03,0.26392,973.121
Kepler-683 b,Kepler-683,2.539183179,1.97,702.281,1332.0,5703.0,0.95,0.96,-0.04054,1023.07
HATS-10 b,HATS-10,3.312846,10.861521,836.8558,1407.0,5880.0,1.105,1.101,0.117,534.889
Kepler-1977 b,Kepler-1977,4.53702121,1.66,95.61,798.0,4805.0,0.688,0.769,-0.69414,592.711
Kepler-715 b,Kepler-715,10.00652995,3.75,181.408,876.0,5871.0,1.04,1.04,0.16457,1327.44
TOI-1694 b,TOI-1694,3.7701389,5.27,195.2882,1037.0,5005.0,0.812,0.828,-0.41908,124.68
Kepler-164 d,Kepler-164,28.986769,2.45,35.89,637.0,5888.0,1.148,1.036,0.11291,890.758
Kepler-786 b,Kepler-786,53.5293487,2.43,3.658,348.0,4838.0,0.74,0.81,-0.58348,485.318
TOI-3785 b,TOI-3785,4.6747373,5.14,19.1,582.0,3576.0,0.5,0.52,-1.43533,79.7634
WASP-145 A b,WASP-145 A,1.7690381,10.0881,313.4012,1200.0,4900.0,0.68,0.76,-0.68352,91.299
WASP-136 b,WASP-136,5.21536178778,16.81347105,1843.4633,1630.0,6250.0,2.39014,1.41,0.82265,275.587
HATS-12 b,HATS-12,3.142702,7.76,566.4817,1446.0,6357.0,1.17,1.16,0.86332,746.138
TOI-1296 b,TOI-1296,3.9443736,14.11645916,1078.5987,1414.84,5567.0,1.7031,1.1576,0.40157,323.265
HD 98736 b,HD 98736,968.8,13.3,0.1734,179.53,5271.0,0.93,0.92,-0.22,32.4459
Kepler-1136 b,Kepler-1136,2.361724329,1.64,150.055,922.0,4512.0,0.68,0.72,-0.85345,491.406
GJ 667 C f,GJ 667 C,39.026,1.45,0.5633,,3350.0,,0.33,-1.863,7.24396
Kepler-635 b,Kepler-635,23.44971004,2.64,193.927,802.0,6174.0,1.51,1.33,0.73514,1141.08
TOI-1279 b,TOI-1279,9.61419,2.66146528,74.7359,759.0,5457.0,0.8426,0.8784,-0.24336,107.055
Kepler-468 b,Kepler-468,38.478757067,13.34,11.241,484.0,5498.0,0.87,0.96,-0.28606,442.871
DE CVn b,DE CVn,4098.1,12.4,0.0008,46.91,3579.0,0.424754,0.51,-1.57398,30.5225
TOI-682.01,TOI-682,6.8392388,3.74186,234.46,1090.0,5085.0,1.08,0.85,-0.14982,83.1548
USco CTIO 108 b,USco CTIO 108,,12.3,0.0,2.96,2700.0,0.345365,0.06,-1.95,144.019
Kepler-1496 b,Kepler-1496,64.6588017,2.22,18.383,535.0,6182.0,1.27,1.18,0.3041,1307.66
HD 102272 b,HD 102272,127.58,12.9,176.4116,1038.01,4790.0,10.3,1.45,1.66167,347.097
Kepler-366 c,Kepler-366,12.51616,1.79,286.6,848.0,6209.0,1.048,1.088,0.57277,1856.28
KOI-2513.01,KOI-2513,19.00547,2.80224517,78.19,758.0,5900.0,1.2,0.91,0.197,1369.87
Kepler-537 b,Kepler-537,3.247555219,1.41,442.522,1181.0,5763.0,0.99,1.07,-0.03874,439.4
GJ 3323 b,GJ 3323,5.3636,1.23,2.58,290.06,3159.0,0.119,0.164,-2.56864,5.37484
TOI-4495 b,TOI-4495,2.56699,2.483,1001.28,1735.0,6210.0,1.309,1.247,0.36656,132.214
Kepler-1761 b,Kepler-1761,4.043540001,1.39109603,33.34,613.0,3871.0,0.532,0.573,-1.1701,221.186
NGTS-6 b,NGTS-6,0.882059,14.863134,983.4246,1283.9,4730.0,0.754,0.767,-0.59176,308.262
Kepler-920 c,Kepler-920,100.8274113,3.8,3.986,364.0,5403.0,0.85,0.89,-0.18293,1001.68
Kepler-818 b,Kepler-818,10.035385814,5.11,100.779,786.0,5638.0,0.92,0.94,-0.124,925.037
Kepler-139 c,Kepler-139,157.072878,3.38,3.023,350.0,5594.0,1.3,1.078,0.01598,391.038
Kepler-959 b,Kepler-959,14.80074836,4.38,165.868,1912.0,7005.0,2.01,1.6,0.73752,807.729
BD-210397 c,BD-210397,6240.0,12.9,0.0039,69.51,4051.0,0.747,0.69,-0.86967,23.7324
Kepler-1436 b,Kepler-1436,9.705716,1.31,772.079,1001.0,5972.0,1.09,1.06,0.80118,2530.62
HU Aqr AB c,HU Aqr,4368.0,12.9,,,5952.0,,0.88,,192.19807871
Kepler-1597 b,Kepler-1597,2.94654179,1.06,1431.311,1497.0,6377.0,1.39,1.25,0.43429,1221.05
WASP-83 b,WASP-83,4.971252,11.65736,238.875,1120.0,5510.0,1.05,1.11,-0.04966,271.103
HD 116029 c,HD 116029,907.0,13.7,,,4951.0,4.6,1.33,1.05308,123.245
Kepler-282 e,Kepler-282,44.347,3.1,24.114,484.0,5656.0,0.89,0.97,0.10587,1337.61
XO-2 S c,XO-2 S,120.059,13.6,3.3572,376.79,5325.0,1.02,0.98,-0.12302,151.398
Kepler-850 b,Kepler-850,7.19303878,1.78,329.283,995.0,5932.0,1.09,1.06,0.17325,1661.28
Kepler-65 d,Kepler-65,8.13123,1.52,394.549,1117.0,6211.0,1.41,1.25,0.4674,303.728
Kepler-1090 b,Kepler-1090,198.680179,2.25,1.825,297.0,5321.0,0.82,0.86,-0.14595,858.77
TOI-715 b,TOI-715,19.288004,1.55,0.67,234.0,3075.0,0.24,0.225,-2.30899,42.4048
GJ 393 b,GJ 393,7.02679,1.17,9.21,485.0,3579.0,0.426,0.426,-1.57073,7.03149
Kepler-1680 b,Kepler-1680,8.77424,1.35954736,49.0,771.0,5021.0,0.723259,0.834,-0.52356,310.315
Gaia-2 b,Gaia-2,3.6915224,14.81827249,512.0235,1213.23,5720.0,1.064,1.0,0.0574,209.229
WASP-124 b,WASP-124,3.37265,13.89916,748.0,1400.0,6050.0,1.02,1.07,0.14934,448.637
TOI-1439 b,TOI-1439,27.644,4.2427861,68.4355,748.4,5841.0,1.6184,1.2313,0.44091,230.306
GJ 1061 c,GJ 1061,6.6821,1.19,1.4,304.12,2953.0,0.156,0.12,-2.76955,3.67278
K2-50 b,K2-50,8.7529,1.59,18.8,580.53,4326.0,0.546,0.611,-0.87356,257.443
Kepler-23 b,Kepler-23,7.1,1.638,446.107,1157.0,5828.0,1.548,1.078,0.39783,835.756
Kepler-257 b,Kepler-257,2.382667,2.61,343.6,1237.0,5180.0,1.037,0.916,-0.37756,780.256
TOI-1736 c,TOI-1736,571.25,12.5,0.9,249.0,5636.0,1.4286,1.0373,0.27068,88.9482
Kepler-310 d,Kepler-310,92.876125,2.47,3.664,353.0,5797.0,0.876,0.854,-0.23934,602.268
WASP-192 b,WASP-192,2.8786765,13.78707,471.142,1620.0,5910.0,1.32,1.09,0.28203,508.885
Kepler-184 b,Kepler-184,10.687576,2.36,70.361,780.0,5788.0,0.873,0.872,-0.22509,610.326
Kepler-1744 b,Kepler-1744,37.10110092,3.76754004,21.0,532.0,5986.0,0.85,0.886,-0.09777,1091.63
Kepler-1107 b,Kepler-1107,0.571038518,1.34,2387.261,1897.0,5268.0,0.82,0.86,-0.41703,428.798
Kepler-40 b,Kepler-40,6.87349,13.11,1187.965,1620.0,6510.0,2.13,1.48,0.81889,2305.01
TOI-908 b,TOI-908,3.183792,3.186,80.884,1317.0,5626.0,1.028,0.95,-0.03953,175.748
Kepler-851 b,Kepler-851,8.50699658,1.68,103.828,900.0,5455.0,0.85,0.89,-0.273,839.255
HD 99492 c,HD 99492,95.233,4.42,,,4929.0,0.822539,0.85,-0.4749,18.2038
G 264-012 c,G 264-012,8.0518,1.76,3.87,387.0,3326.0,0.305,0.297,-1.97224,16.009
Kepler-827 b,Kepler-827,51.92927591,5.63,23.602,574.0,5602.0,0.91,0.93,0.23172,2046.68
Kepler-228 c,Kepler-228,4.134444,2.7,457.318,1160.0,6043.0,1.014,1.006,0.11115,1644.61
K2-346 b,K2-346,26.201446,2.26,8.8138,450.0,4801.0,0.7,0.71,-0.66264,105.58
Kepler-77 b,Kepler-77,3.57878087,10.761,432.871,1440.0,5520.0,0.99,0.95,-0.046,639.411
Kepler-1509 b,Kepler-1509,25.4338197,1.85,83.081,667.0,5780.0,0.99,1.0,0.39912,2002.96
GJ 581 b,GJ 581,5.3686,4.79,7.7669,464.32,3500.0,0.302,0.295,-1.90781,6.2981
K2-403 b,K2-403,33.589979,5.333,134.883,949.0,5511.0,0.886,0.784,-0.17121,246.599
HD 43691 b,HD 43691,36.9987,13.2,55.8272,761.79,6093.0,1.6,1.32,0.5,85.6009
Kepler-1574 b,Kepler-1574,6.9424334,1.29,289.778,1003.0,5892.0,1.08,1.06,0.15604,1384.16
Kepler-238 f,Kepler-238,50.447,2.0,35.869,568.0,5800.0,0.96,1.06,0.43048,1798.75
K2-253 b,K2-253,4.00167,12.67,365.8185,1238.0,6027.0,1.1,1.08,-0.07738,876.565
Kepler-1290 b,Kepler-1290,4.69500134,1.42,443.221,1098.0,5660.0,0.93,0.95,0.06899,1593.7
Kepler-68 d,Kepler-68,632.62,13.9,0.7889,260.75,5847.0,1.2564,1.057,0.23106,144.166
Kepler-218 b,Kepler-218,3.619337,1.48,460.656,1156.0,5502.0,1.063,1.019,0.00935,656.38
Kepler-645 b,Kepler-645,3.275822621,2.1,1364.762,1730.0,6170.0,1.21,1.13,0.45106,1173.57
TOI-1450 A b,TOI-1450 A,2.0439274,1.13,44.9493,722.0,3437.0,0.483,0.48,-1.56499,22.4467
HD 206610 b,HD 206610,673.2,13.4,6.2426,437.88,4842.0,6.12,1.55,1.27646,147.192
Kepler-99 b,Kepler-99,4.60358,1.48,108.042,810.0,4782.0,0.73,0.79,-0.58545,208.369
Kepler-1010 b,Kepler-1010,34.2685705,2.32,10.17,477.0,5253.0,0.82,0.86,-0.41164,579.273
Kepler-687 b,Kepler-687,20.50586978,3.52,15.648,518.0,4841.0,0.73,0.77,-0.56669,633.66
Kepler-1855 b,Kepler-1855,0.727330983,1.216205,86.97,849.0,3460.0,0.356,0.385,-1.2949,
UCAC4 328-061594 b,UCAC4 328-061594,,12.1,,,,,1.19,,39.9089
Kepler-1363 b,Kepler-1363,2.94194094,1.25,191.919,988.0,4839.0,0.72,0.76,-0.62622,541.714
Kepler-296 b,Kepler-296,10.864384,1.61,6.5,495.0,3740.0,0.48,0.498,-1.50864,167.0
BD+48 738 b,BD+48 738,392.6,13.9,48.9779,705.93,4414.0,11.0,0.74,1.69,871.493
HR 8799 c,HR 8799,69000.0,13.0,0.0034,1200.0,7204.58,1.49338,1.5,0.69197,41.2441
Kepler-1773 b,Kepler-1773,40.80970001,3.50469499,39.2,623.0,6183.0,1.3,1.241,0.40462,681.255
Kepler-989 b,Kepler-989,7.964315352,2.21,74.35,805.0,5074.0,0.78,0.82,-0.42689,491.978
Kepler-1508 b,Kepler-1508,20.7056504,1.33,116.145,967.0,6158.0,1.22,1.14,0.53713,1260.28
TOI-7041 b,TOI-7041,9.691,11.43316031,143.259,882.37,4700.0,4.1,1.07,0.88081,439.52
K2-37 c,K2-37,6.42966,2.41,118.0,839.0,5352.0,0.809,0.84,-0.40798,179.943
2MASS J19383260+4603591 b,2MASS J19383260+4603591,406.0,13.4,33.2985,669.65,29564.0,0.203,0.48,1.45,396.332
TOI-1260 b,TOI-1260,3.127463,2.41,95.58,871.0,4227.0,0.672,0.679,-0.88941,73.5977
HIP 39330 b,HIP 39330,4650.0,13.5,0.044,125.05,5748.0,1.02786,0.96,0.05041,36.3958
Kepler-52 c,Kepler-52,16.3850021,1.84,8.55,433.0,4075.0,0.52,0.54,-0.99568,321.542
Kepler-1637 b,Kepler-1637,6.10960324,0.89,337.78,1093.0,5789.0,1.02,1.02,0.0229,567.187
Kepler-1990 b,Kepler-1990,1.73513619,3.27,1372.87,1554.0,5751.0,1.071,1.028,0.11702,392.739
TOI-1749 c,TOI-1749,4.4929,2.12,36.1539,673.0,3985.0,0.55,0.58,-1.15649,99.5561
GJ 9714 b,GJ 9714,19240.75467,12.5,0.0009,47.68,4263.0,0.662662,0.67,-0.88386,20.5121
Kepler-312 b,Kepler-312,1.772419,1.29,4124.022,1685.0,6115.0,1.467,1.314,0.59751,797.72
Kepler-1671 b,Kepler-1671,4.16787,1.32557381,205.0,962.0,5135.55,0.929771,0.866,-0.26621,357.059
Kepler-466 b,Kepler-466,51.07926307,2.85,12.5,503.0,5927.0,1.05,1.04,-0.06719,530.122
UZ For c,UZ For,1916.25,,,,5286.9,,0.7,,239.60387482
HD 63765 b,HD 63765,358.0,14.2,0.627,246.9,5449.0,0.83,0.65,-0.25647,32.5376
TOI-7008 b,TOI-7008,0.84069041367,4.94735276,1679.35,1783.0,5116.06,0.95255,0.88,-0.23357,410.467
Kepler-1038 c,Kepler-1038,7.127659798,1.4162338,89.24,784.0,5159.0,0.821,0.868,-0.362,584.136
TOI-3877 b,TOI-3877,4.123596,11.67975789,729.0,1445.0,5731.0,1.445,1.16,0.3075,493.77
Kepler-1699 b,Kepler-1699,3.49082,1.56671124,245.65,1010.0,5575.53,0.725,0.81,-0.339,818.759
HD 143105 b,HD 143105,2.1974,13.7,2502.0025,2028.25,6380.0,1.647304,1.51,0.55557,46.7789
HD 191939 e,HD 191939,101.12,13.0,3.9,390.0,5348.0,0.94,0.81,-0.18709,53.6089
Kepler-1569 b,Kepler-1569,5.79180156,1.68,495.652,1222.0,6319.0,1.4,1.25,0.33545,945.454
Kepler-859 b,Kepler-859,20.38177573,3.09,14.897,528.0,5020.0,0.77,0.81,-0.55638,839.903
HD 83443 b,HD 83443,2.985628,14.1,477.4442,1262.68,5442.0,0.94,1.0,-0.10403,40.8991
Kepler-106 b,Kepler-106,6.16486,0.82,277.216,1021.0,5858.0,1.04,1.0,0.08255,444.322
Kepler-834 b,Kepler-834,13.32388301,2.02,11.845,378.0,4554.0,0.66,0.7,-0.7453,633.937
K2-249 b,K2-249,12.409,2.79,163.7274,1061.0,6504.0,1.57,1.32,0.33627,521.716
Kepler-454 c,Kepler-454,524.19,12.9,0.6814,249.58,5687.0,1.066,1.03,0.05259,230.869
HD 33283 b,HD 33283,18.1991,12.5,191.9541,1034.4,5935.0,1.97,1.38,0.64,89.8623
Kepler-169 e,Kepler-169,13.767102,2.2,28.548,595.0,4997.0,0.763,0.825,-0.49611,406.529
GJ 536 b,GJ 536,8.70874,2.41,9.9,451.0,3641.0,0.529,0.528,-1.35291,10.4092
Kepler-37 e,Kepler-37,51.196,0.37,7.6252,401.0,5288.0,0.772,0.8,-0.32187,63.9207
Kepler-37 b,Kepler-37,13.36702,0.3098,44.5,718.0,5357.0,0.789,0.79,-0.32187,63.9207
TOI-2236 b,TOI-2236,3.5315902,14.36991326,1356.0,1688.0,6248.0,1.573,1.343,0.53275,355.59
HD 159868 c,HD 159868,351.0,14.0,3.3758,383.37,5534.0,2.13,1.19,0.55574,55.8503
Kepler-1665 b,Kepler-1665,11.9548,2.83910787,40.4,906.0,5049.84,0.777785,0.842,-0.45048,335.515
HIP 111909 b,HIP 111909,487.08,13.7,6.0097,436.91,4891.0,4.53,1.28,1.02,88.077
Kepler-1125 b,Kepler-1125,17.6700642,1.84,41.04,778.0,5683.0,0.94,0.95,0.64744,2011.41
Kepler-384 b,Kepler-384,22.597053,1.12,101.549,670.0,5577.0,0.882,0.882,0.39588,895.678
HD 37605 b,HD 37605,55.01292,13.2,7.8531,465.76,5329.0,0.91,0.94,-0.22,46.7864
Kepler-1618 b,Kepler-1618,6.10826019,1.26,903.908,1267.0,6620.0,1.65,1.41,0.69003,1229.25
Kepler-352 d,Kepler-352,6.887279987,0.80628032,81.3,788.0,5208.0,0.772,0.796,-0.43235,252.733
K2-148 c,K2-148,6.9226,1.73,26.5,630.02,4079.0,0.632,0.65,-0.99568,124.458
NGTS-9 b,NGTS-9,4.43527,11.99363,729.0,1448.0,6330.0,1.38,1.34,0.38944,609.128
Kepler-584 b,Kepler-584,35.1810304,4.21,76.339,664.0,6195.0,1.24,1.17,0.52004,1848.84
Kepler-92 b,Kepler-92,13.749,3.51,257.776,975.0,5883.0,1.7,1.21,0.55818,477.992
TOI-277 b,TOI-277,3.994,2.65,28.236,587.92,4031.0,0.362,0.16,-1.3504,64.6692
EPIC 212297394 b,EPIC 212297394,2.289363,1.48,,1149.0,5171.0,0.8,0.83,-0.46654,418.395
TIC 67686059 b,TIC 67686059,3.52163529551,2.59125922,,,5090.09,0.820458,0.86,-0.38623,249.203
K2-270 b,K2-270,1.543069,1.38,497.0717,1203.0,4877.0,0.77,0.85,-0.51819,280.518
TIC 160113658 b,TIC 160113658,6.72952262077,3.49015778,,,4817.31,0.789834,0.76,-0.54309,200.156
Kepler-533 b,Kepler-533,28.51120525,3.38,8.769,423.0,4758.0,0.72,0.78,-0.62007,302.955
VHS J125601.92-125723.9 b,VHS J125601.92-125723.9,5800000.0,13.67495645,0.0,1194.0,2620.0,,0.07,-3.14,12.7
HD 23079 c,HD 23079,5.748913,2.8,,,5994.0,1.08,1.16,0.13033,33.4591
Kepler-55 e,Kepler-55,4.617534,1.55,73.157,728.0,4503.0,0.619,0.631,-0.76324,578.796
GJ 887 b,GJ 887,9.2619,1.8,7.8,426.0,3688.0,0.468,0.495,-1.43415,3.28679
Kepler-1467 b,Kepler-1467,47.0569043,3.3,7.917,411.0,5332.0,0.82,0.86,-0.35052,852.888
Kepler-199 c,Kepler-199,67.093408,3.25,7.885,420.0,5644.0,0.967,0.96,-0.09685,521.054
HD 222076 b,HD 222076,871.0,13.5,2.5381,346.88,4806.0,4.1,1.07,0.92942,91.1538
Kepler-282 b,Kepler-282,9.220524,1.01,195.935,817.0,5602.0,0.904,0.86,0.10587,1337.61
K2-388 b,K2-388,6.33932,3.9,138.0,874.0,5310.0,0.91,0.93,-0.21167,290.495
TOI-1224 b,TOI-1224,4.1782745,2.104,13.9295,541.0,3326.0,0.404,0.4,-1.6968,37.3312
Kepler-623 b,Kepler-623,9.07097734,3.01,77.098,825.0,5443.0,0.86,0.9,-0.31821,737.702
WASP-176 b,WASP-176,3.899052,16.869545,1703.2413,1721.0,5941.0,1.925,1.345,0.61653,568.42
Kepler-363 d,Kepler-363,11.932125,2.05,203.761,905.0,5593.0,1.485,1.226,0.36465,762.596
HD 4917 b,HD 4917,400.5,13.5,20.9781,479.78,4802.0,5.01,1.32,1.45591,204.277
KOBE-1 c,KOBE-1,29.671,3.56,3.91,392.5,4135.0,0.619,0.629,-0.99576,23.9718
Kepler-970 b,Kepler-970,16.736525,2.609,11.111,464.0,4290.0,0.71,0.67,-0.77469,331.545
HAT-P-70 b,HAT-P-70,2.74432452,20.96083,5405.6,2562.0,8450.0,1.858,1.89,1.22272,330.739
Kepler-943 b,Kepler-943,49.7701438,5.93,10.16,455.0,5612.0,0.91,0.93,0.40676,2300.53
Kepler-10 b,Kepler-10,0.8374907,1.47,3741.78,2188.0,5708.0,1.065,0.91,0.05467,185.506
Kepler-271 d,Kepler-271,5.24972541,0.66,189.343,954.0,5555.0,0.87,0.9,-0.25319,404.542
TOI-1233.01,HD 108236,14.175685,2.539,53.8795,708.0,5660.0,0.877,0.869,-0.14997,64.5978
HD 221585 b,HD 221585,1173.0,13.5,0.4965,242.77,5620.0,1.850575,1.19,0.4216,55.8535
TIC 18942729 b,TIC 18942729,0.99817838064,2.00021315,,,4360.11,0.825257,0.652,-0.73197,115.169
HD 22496 b,HD 22496,5.09071,2.22,26.0,573.0,4385.0,0.674,0.684,-1.17393,13.5956
Kepler-1640 b,Kepler-1640,7.5844126,4.82,537.4,1228.0,6324.0,1.43,1.27,0.47,1859.78
Kepler-589 c,Kepler-589,3.52466011,1.11727238,344.61,1098.0,5372.0,0.916,0.832,-0.34669,612.803
Kepler-647 b,Kepler-647,16.2254649,1.17,162.794,788.0,6020.0,1.07,1.03,0.41834,1087.87
Gaia-1 b,Gaia-1,3.052524,13.77583728,426.5351,1159.07,5470.0,0.952,0.949,-0.1588,363.66
Kepler-1527 b,Kepler-1527,160.129918,4.77,7.813,450.0,6224.0,1.32,1.21,0.48222,1842.13
Kepler-1980 b,Kepler-1980,33.0257179,2.21,23.95,564.0,5819.0,0.99,1.049,0.22397,1709.4
TOI-122 b,TOI-122,5.07803,2.72,8.8,471.0,3403.0,0.334,0.312,-1.85387,62.118
HATS-52 b,HATS-52,1.36665436,15.490838,1310.22,1834.0,6010.0,1.046,1.111,0.06819,555.134
Kepler-250 d,Kepler-250,17.648312,2.18,21.463,579.0,5160.0,0.805,0.806,-0.45709,760.585
Kepler-1298 b,Kepler-1298,7.12811928,1.31,1003.027,1373.0,6339.0,2.0,1.45,0.83982,544.163
Kepler-1361 b,Kepler-1361,3.57554956,0.86,186.069,1061.0,5131.0,0.79,0.83,-0.43672,389.143
Kepler-619 b,Kepler-619,5.404272197,3.16,224.146,1073.0,5980.0,1.11,1.09,-0.04002,900.678
K2-99 b,K2-99,18.24783,11.88151954,357.0,1184.0,6069.0,2.55,1.44,0.89927,519.229
TOI-532 b,TOI-532,2.3266508,5.82,94.1,867.0,3927.0,0.612,0.639,-1.09528,135.047
HD 210277 b,HD 210277,442.19,13.6,0.7275,259.86,5538.0,1.07,1.01,-0.032,21.2985
Kepler-178 b,Kepler-178,9.576694,2.9,84.571,846.0,5676.0,1.066,0.852,-0.20778,716.025
Kepler-1604 b,Kepler-1604,0.683684256,1.41,1391.4,2023.0,4976.0,0.76,0.81,-0.52707,541.189
Kepler-984 b,Kepler-984,43.0342272,2.12,13.991,484.0,5610.0,0.93,0.96,-0.10846,460.188
HD 13724 c,HD 13724,142.22895,8.18,3.9773,393.06,5835.31,1.04198,1.004,0.05467,43.465
Kepler-1286 b,Kepler-1286,11.25402929,2.15,151.77,888.0,5753.0,0.98,1.0,0.12822,1354.46
Kepler-318 b,Kepler-318,4.662715,4.71,333.149,1039.0,5746.0,1.189,1.073,0.00394,489.141
Kepler-732 b,Kepler-732,9.467814048,2.18,8.559,407.0,3631.0,0.46,0.49,-1.375,174.826
HIP 109600 b,HIP 109600,232.08,13.2,1.6736,312.88,5530.0,0.971958,0.87,-0.07873,66.3361
Kepler-407 b,Kepler-407,0.6693124,1.19,4102.008,1983.0,5487.0,1.04,0.99,-0.10791,338.368
GJ 1148 c,GJ 1148,532.58,9.71,0.0163,99.38,3287.0,0.358519,0.344045,-1.86908,11.0143
Kepler-897 b,Kepler-897,8.0472642,2.39,354.221,855.0,5839.0,1.04,1.03,0.28762,1519.25
Kepler-435 b,Kepler-435,8.6001536,22.31,677.917,1729.0,6161.0,3.21,1.538,1.129,1418.77
HD 184010 d,HD 184010,836.4,14.3,3.5509,381.37,4971.0,4.86,1.35,1.11694,60.7993
WASP-70 A b,WASP-70 A,3.7130203,13.047,649.1548,1387.0,5763.0,1.215,1.106,0.1624,222.355
TOI-1798.01,TOI-1798,8.021522331,2.448,69.26,734.31,5165.0,0.78,0.87,-0.41567,113.181
TOI-444 b,TOI-444,17.9636,2.77,23.4694,609.0,5225.0,0.779,0.96,-0.41794,57.3973
TOI-2202 b,TOI-2202,11.9126075,10.95117414,42.7254,652.07,5169.0,0.808,0.841,-0.40121,235.933
TrES-1 b,TrES-1,3.03007,12.66617,318.4582,1140.0,5230.0,0.85,1.04,-0.30071,159.658
Kepler-1052 c,Kepler-1052,180.921729,2.3,1.96,302.0,5818.0,0.848,0.937,-0.04685,943.444
Kepler-206 b,Kepler-206,7.781987,1.2,192.273,983.0,5764.0,1.185,0.957,0.08357,594.447
Kepler-763 b,Kepler-763,1.19655156,1.22,974.089,1414.0,5166.0,0.8,0.84,-0.3339,962.459
Kepler-155 b,Kepler-155,5.931194,2.09,23.5,614.0,4508.0,0.62,0.635,-1.21,293.499
ups And c,ups And,241.258,12.3,4.8931,407.56,6156.77,1.56,1.3,0.52541,13.4054
NGTS-34 b,NGTS-34,43.12655,3.65,36.0339,624.0,6134.0,1.367,1.266,0.37658,120.475
K2-274 b,K2-274,14.1330314,2.08,33.3287,655.0,5044.0,0.7,0.79,-0.50903,228.327
DH Tau b,DH Tau,,30.2643,0.0,2200.0,4371.0,0.27,0.33,-0.21153,134.846
HD 200964 c,HD 200964,852.5,13.7,3.0164,380.62,4982.0,4.92,1.39,1.064,72.5922
TOI-1011 b,TOI-1011,2.470498,1.45,575.597,1364.0,5475.0,0.92,0.91,-0.1549,52.62
Kepler-1583 b,Kepler-1583,9.32807355,0.6,124.307,788.0,5645.0,0.91,0.94,-0.01774,403.933
HATS-32 b,HATS-32,2.8126548,14.000041,614.5934,1437.0,5700.0,1.097,1.099,0.0569,745.116
ZTF J1828+2308 b,ZTF J1828+2308,0.1120067,11.13051784,,,15900.0,0.0131,0.61,-2.0,201.827
Kepler-1876 b,Kepler-1876,6.99205,0.853,475.0,1299.0,6104.0,1.477,1.187,0.42894,259.935
TOI-6564 b,TOI-6564,3.985413,16.39873876,1257.4271,1445.0,5943.0,1.7,1.18,0.50581,191.372
K2-219 c,K2-219,6.66767,1.43839723,,,5753.0,1.189232,1.021545,0.15097,325.4
HD 37124 b,HD 37124,154.378,14.0,2.7119,366.48,5698.64,0.949168,0.85,-0.11224,31.6634
Kepler-881 b,Kepler-881,4.44448017,1.78,538.569,1217.0,5961.0,1.09,1.06,0.11975,1375.18
TOI-333 b,TOI-333,3.7852503,4.26,650.4959,1445.0,6241.0,1.1,1.2,0.21559,352.269
Kepler-60 c,Kepler-60,8.9187,1.9,236.0,1023.0,5905.0,1.257,1.041,0.36906,1025.1
Kepler-665 b,Kepler-665,16.01310205,2.6,20.719,593.0,4913.0,0.74,0.79,-0.59538,612.838
Kepler-1848 b,Kepler-1848,5.604020119,1.4088539,94.3,774.0,4847.0,0.737,0.756,-0.51304,309.696
TOI-2096 c,TOI-2096,6.38784,1.914,3.7,349.0,3300.0,0.235,0.231,-2.22768,48.4809
Kepler-1698 b,Kepler-1698,1.2107,1.07315686,697.6,1351.0,4975.03,0.741698,0.822,-0.51767,222.345
HIP 14810 c,HIP 14810,147.747,13.6,3.2423,373.22,5544.0,1.07,1.01,-0.01,50.48
HD 25463 c,HD 25463,3.04405,1.36354953,1413.5,1585.57,6353.0,1.4182,1.251,0.47276,45.6181
Kepler-1869 c,Kepler-1869,1.716828304,0.74,1056.84,1455.0,5808.0,0.902,0.987,-0.05012,113.025
Kepler-292 b,Kepler-292,2.580827,1.32,394.301,1130.0,5299.0,0.826,0.865,-0.33691,1056.48
Kepler-33 b,Kepler-33,5.66793,1.74,744.011,1336.0,5904.0,1.82,1.291,0.556,1209.16
Kepler-601 b,Kepler-601,5.378868441,1.9,110.619,833.0,5160.0,0.79,0.85,-0.42817,414.825
TOI-1347 b,TOI-1347,0.84742346,1.8,1876.1315,1400.0,5464.0,0.83,0.913,-0.25964,147.476
K2-417 b,K2-417,6.535,3.31,15.8226,558.0,3861.0,0.5776,0.569,-1.20204,94.0424
Kepler-1020 b,Kepler-1020,96.9151496,2.28,2.339,325.0,5227.0,0.8,0.87,-0.43597,415.358
Kepler-1346 b,Kepler-1346,3.40165668,1.58,545.575,1236.0,6133.0,1.21,1.14,-0.00806,843.701
TOI-1750 b,TOI-1750,11.33727129656,2.78943837,33.352,612.92,4683.75,0.768675,0.767,-0.56157,162.46
HD 180314 b,HD 180314,394.73,12.0,20.9853,597.64,4917.0,9.2,2.6,1.64345,122.362
Kepler-181 c,Kepler-181,4.302149,1.99,168.188,937.0,5333.0,0.749,0.81,-0.37878,609.283
Kepler-953 c,Kepler-953,9.10967112,1.19,121.04,873.0,5416.0,0.99,0.95,-0.119,258.893
TOI-1696 b,TOI-1696,2.500311,3.09,13.5,489.0,3185.0,0.2775,0.255,-2.14813,64.9172
TIC 77552382 b,TIC 77552382,3.51025904942,5.69176189,701.7449,1433.88,4981.07,0.886956,0.83,-0.35293,373.415
HD 96167 b,HD 96167,498.04,14.0,2.0941,333.63,5733.0,1.94,1.27,0.57,85.3006
Kepler-1770 b,Kepler-1770,16.84189987,2.84141754,56.43,699.0,5602.0,1.009,0.941,-0.2091,582.942
Kepler-292 e,Kepler-292,11.97901,2.67,50.924,678.0,5299.0,0.826,0.865,-0.33691,1056.48
Kepler-154 b,Kepler-154,33.040532,2.26,28.11,561.0,5690.0,1.001,0.933,0.03322,915.212
Kepler-1660 AB b,Kepler-1660 A,239.5044,12.9,7.2787,415.08,6305.24,1.491,1.1366,0.66823,1188.54
Kepler-379 b,Kepler-379,20.09838,1.66,90.346,775.0,6054.0,1.306,1.125,0.27953,731.274
HAT-P-33 b,HAT-P-33,3.47447,20.73665,1701.38,1782.0,6446.0,1.79,1.82,0.618,396.11
Kepler-567 b,Kepler-567,16.54297375,2.25,26.137,611.0,5148.0,0.79,0.84,-0.40926,558.81
KIC 8121913 b,KIC 8121913,3.294601,13.4,,,5975.3,2.233,1.456,0.73994,707.303
K2-198 d,K2-198,7.4500177,2.438,,943.2,5212.9,0.757,0.799,-0.40084,110.567
Kepler-176 e,Kepler-176,51.16579,1.45,6.22,398.0,5295.0,0.83,0.87,-0.40427,527.321
HD 109246 b,HD 109246,68.27,13.9,11.568,507.43,5844.0,1.07,1.2,0.10028,67.8349
TOI-5489 c,TOI-5489,4.92126,1.28,13.8663,536.0,3547.0,0.42,0.41,-1.60776,45.0907
K2-415 b,K2-415,4.0179694,1.015,4.82,412.4,3173.0,0.1965,0.1635,-2.45469,21.8182
Kepler-800 b,Kepler-800,14.13176026,2.85,44.872,675.0,5315.0,0.82,0.85,-0.35798,1019.26
Kepler-327 c,Kepler-327,5.212333,1.03,28.272,537.0,3799.0,0.492,0.591913,-1.25964,241.987
Kepler-28 c,Kepler-28,8.99,1.857,35.898,509.0,4499.3,0.664,0.684,-0.74494,438.359
K2-271 b,K2-271,8.562421,7.28,133.8067,893.0,5644.0,0.99,0.83,-0.04982,564.454
KMT-2018-BLG-0748L b,KMT-2018-BLG-0748L,,9.01,,,,,0.087,,7300.0
KMT-2024-BLG-1870L b,KMT-2024-BLG-1870L,,13.8,,,,,0.67,,5480.0
KMT-2017-BLG-0849L b,KMT-2017-BLG-0849L,,2.41,,,,,0.19,,7220.0
Kepler-1418 b,Kepler-1418,22.4764425,1.66,7.29,419.0,4770.0,0.72,0.77,-0.616,499.0
OGLE-2016-BLG-0613L AB b,OGLE-2016-BLG-0613L AB,,13.0,,,,,0.72,,3410.0
TOI-1694 c,TOI-1694,386.25,13.8,0.4016,222.0,5005.0,0.812,0.828,-0.41908,124.68
HD 9446 c,HD 9446,192.9,13.4,2.5718,345.42,5793.0,1.0,1.0,0.04139,50.3503
MASCARA-4 b,MASCARA-4,2.8240932,16.98160576,4913.69,2250.0,7800.0,1.79,1.75,1.08743,170.696
Kepler-1846 b,Kepler-1846,14.82009983,1.76378826,24.5,552.0,4825.0,0.732,0.785,-0.53047,374.615
HD 147873 b,HD 147873,116.596,12.8,21.9829,603.16,5972.0,2.29,1.38,0.77743,109.055
Kepler-224 e,Kepler-224,18.643577,1.97,18.732,517.0,5018.0,0.676,0.777,-0.51445,782.088
Kepler-1670 b,Kepler-1670,20.4998,3.3564801,67.67,731.0,5838.0,1.51889,1.05,0.3828,2065.98
Kepler-92 c,Kepler-92,26.723,2.6,106.207,781.0,5883.0,1.7,1.21,0.55818,477.992
Kepler-1799 b,Kepler-1799,11.9296999,4.12801189,83.04,770.0,5831.0,0.921,1.016,0.31428,2254.69
KMT-2021-BLG-0736L b,KMT-2021-BLG-0736L,,4.86,,,,,0.6,,7000.0
PSR B1620-26 b,PSR B1620-26,,13.3,,,,,1.35,,
TYC 8998-760-1 b,TYC 8998-760-1,,21.18497352,0.0,2638.0,4573.0,1.02,1.0,-0.34,94.6177
OGLE-2017-BLG-1434L b,OGLE-2017-BLG-1434L,,1.94,,,,,0.234,,860.0
KMT-2019-BLG-2783L b,KMT-2019-BLG-2783L,,13.7,,,,,0.34,,5910.0
OGLE-2016-BLG-1093L b,OGLE-2016-BLG-1093L,,14.0,,,,,0.46,,8120.0
MOA-2010-BLG-117L b,MOA-2010-BLG-117L,,14.2,,,,,0.58,,3500.0
OGLE-2006-BLG-109L b,OGLE-2006-BLG-109L,1788.5,14.0,,82.0,,,0.51,,1510.0
OGLE-2012-BLG-0406L b,OGLE-2012-BLG-0406L,,13.2,,,,,0.44,,4970.0
Kepler-1265 b,Kepler-1265,6.49441289,1.35,58.15,732.0,4630.0,0.69,0.71,-0.70004,583.641
HD 332231 b,HD 332231,18.712024,9.07303305,98.09,798.3,6128.0,1.266,1.1642,0.30792,80.6665
HD 233604 b,HD 233604,192.0,12.7,100.7764,882.5,4791.0,10.9,1.5,1.75,847.058
Kepler-1591 b,Kepler-1591,8.18504949,1.27,439.434,892.0,6082.0,1.16,1.1,0.43389,1419.58
HD 22532 b,HD 22532,872.6,13.4,5.2078,420.41,5038.0,5.69,1.57,1.27416,161.183
TOI-7189 b,TOI-7189,2.89055,10.9,49.3,738.0,3775.0,0.591,0.612,-1.18709,192.09
TOI-7265 B b,TOI-7265 B,4.17232,10.7,17.7,571.0,3503.0,0.497,0.521,-1.46852,143.97
KMT-2021-BLG-0322L b,KMT-2021-BLG-0322L,,12.7,,,,,0.62,,6600.0
MOA-2016-BLG-526L b,MOA-2016-BLG-526L,,3.97,,,,,0.37,,6930.0
TOI-6695 c,TOI-6695,242.4,13.6,4.9413,415.0,6400.0,1.517,1.338,0.54033,282.536
Kepler-249 b,Kepler-249,3.306539,1.09,24.26,554.0,3568.0,0.482,0.510238,-1.49485,190.401
OGLE-2018-BLG-1185L b,OGLE-2018-BLG-1185L,,2.83,,,,,0.37,,7400.0
WISEP J121756.91+162640.2 A b,WISEP J121756.91+162640.2 A,,10.468,0.0,450.0,575.0,0.091,0.029,-6.09,10.1
KMT-2024-BLG-0176L b,KMT-2024-BLG-0176L,,14.0,,,,,0.103,,8340.0
KMT-2021-BLG-1150L b,KMT-2021-BLG-1150L,,13.9,,,,,0.73,,3800.0
KMT-2017-BLG-1146L b,KMT-2017-BLG-1146L,,14.0,,,,,0.33,,6500.0
MOA-2007-BLG-400L b,MOA-2007-BLG-400L,,13.5,,34.0,,,0.69,,6890.0
UZ For b,UZ For,5840.0,,,,5286.9,,0.7,,239.60387482
TWA 7 b,TWA 7,,12.7,0.0,316.0,3509.0,0.917173,0.46,-0.93967,33.9958
Kepler-1222 b,Kepler-1222,1.916944254,0.79,416.231,1246.0,5239.0,0.8,0.84,-0.45761,415.218
Kepler-463 b,Kepler-463,8.981016833,3.05,166.039,880.0,5661.0,0.9,0.87,0.07904,394.804
TOI-2337 b,TOI-2337,2.99432,10.08808263,619.5809,1272.46,4780.0,3.22,1.325,0.689,536.046
HD 202206 c,HD 202206,1299.22,13.1,0.1908,183.35,5764.23,1.04,1.06,0.03743,45.9665
MOA-2010-BLG-477L b,MOA-2010-BLG-477L,,13.6,,,5950.0,,0.67,,2300.0
OGLE-2017-BLG-1522L b,OGLE-2017-BLG-1522L,,14.0,,,,,0.045,,7490.0
Kepler-566 b,Kepler-566,18.42794624,2.15,16.879,526.0,5132.0,0.79,0.83,-0.52379,564.277
Kepler-1224 b,Kepler-1224,13.32351601,1.33,132.663,872.0,6155.0,1.22,1.18,0.29282,559.598
WASP-149 b,WASP-149,1.332813,15.24421375,1966.0,1855.0,5750.0,1.08,1.05,0.04343,211.73
KMT-2019-BLG-1042L b,KMT-2019-BLG-1042L,,9.05,,,,,0.3,,6600.0
KMT-2019-BLG-0298L b,KMT-2019-BLG-0298L,,13.4,,,,,0.7,,6710.0
WASP-60 b,WASP-60,4.305,9.86392,925.4935,1479.0,5900.0,1.17,1.19,0.34748,431.052
KMT-2019-BLG-0371L b,KMT-2019-BLG-0371L,,12.6,,,,,0.09,,7010.0
TOI-5916 b,TOI-5916,2.36712341,11.8,43.8,716.0,3541.0,0.487,0.518,-1.45717,199.724
OGLE-2017-BLG-1237L b,OGLE-2017-BLG-1237L,,13.0,,,,,0.46,,6030.0
OGLE-2017-BLG-0640L b,OGLE-2017-BLG-0640L,,13.5,,,,,0.32,,6630.0
MXB 1658-298 b,MXB 1658-298,760.0,12.0,,,,,1.98,,
KMT-2018-BLG-0029L b,KMT-2018-BLG-0029L,,2.67,,,,,1.14,,3380.0
Kepler-619 c,Kepler-619,1.208465026,1.69,1652.907,1767.0,5980.0,1.11,1.09,-0.04002,900.678
Kepler-186 b,Kepler-186,3.8867907,1.07,37.372,571.0,3788.0,0.472,0.478,-1.385,177.594
K2-183 d,K2-183,22.620344,2.3,31.6618,615.0,5482.0,0.87,0.942219,-0.13179,329.041
Kepler-1677 b,Kepler-1677,22.064,2.70216183,59.4,712.0,6013.72,1.24959,1.11,0.2648,735.369
KMT-2018-BLG-0087L b,KMT-2018-BLG-0087L,,10.1,,,,,0.1,,7020.0
KOI-55 c,KOI-55,0.342887,0.867,396618.3609,6910.74,27730.0,0.203,0.496,1.36,1231.02
KMT-2024-BLG-1044L b,KMT-2024-BLG-1044L,,2.7,,,,,0.069,,7140.0
KMT-2019-BLG-0297L b,KMT-2019-BLG-0297L,,12.1,,,,,0.21,,3090.0
OGLE-2012-BLG-0724L b,OGLE-2012-BLG-0724L,,14.3,,,,,0.29,,6700.0
TOI-603 b,TOI-603,16.179846,7.37,157.0,899.0,6027.0,1.477,1.24,0.41363,205.924
Kepler-1620 b,Kepler-1620,101.951829,1.61,7.92,428.0,6157.0,1.23,1.15,0.293,895.069
KMT-2019-BLG-0578L b,KMT-2019-BLG-0578L,,13.7,,,,,0.28,,7300.0
Kepler-85 e,Kepler-85,25.216751,1.27,24.318,559.0,5436.0,0.893,0.947,-0.2123,765.025
TOI-2128 b,TOI-2128,16.34136,2.08874836,86.2315,780.53,5968.0,1.1174,1.0251,0.15625,36.578
Kepler-1693 c,Kepler-1693,5.363709927,0.97698289,296.73,1059.0,5553.0,1.098,0.941,-0.21808,760.065
TOI-5174 b,TOI-5174,12.214286,5.351,100.9112,808.37,5643.77,1.09457,1.0,0.03946,197.243
WASP-172 b,WASP-172,5.477433,17.59813,1506.5,1740.0,6900.0,1.91,1.49,0.93444,538.11
Kepler-403 b,Kepler-403,7.031462,1.25,689.457,1194.0,6090.0,1.329,1.299,0.64405,840.269
KMT-2022-BLG-2286L b,KMT-2022-BLG-2286L,,12.1,,,,,0.2,,7320.0
Kepler-1493 b,Kepler-1493,15.0217983,1.41,137.91,874.0,5863.0,1.29,1.06,0.249,555.051
OGLE-2019-BLG-0249L b,OGLE-2019-BLG-0249L,,12.7,,,,,0.91,,6370.0
Kepler-137 c,Kepler-137,18.735753,1.88,29.775,568.0,5187.0,0.802,0.85,-0.29234,302.979
TOI-2114 b,TOI-2114,6.209959,14.54925695,1130.0,1472.0,6400.0,1.97,1.309,0.77041,317.845
TOI-5806 b,TOI-5806,3.1856381,15.13212395,1660.0,1621.0,6730.0,1.387,1.333,0.54986,119.199
OGLE-2018-BLG-1011L c,OGLE-2018-BLG-1011L,,13.2,,,,,0.18,,7100.0
TOI-7169 b,TOI-7169,3.4373125,16.53324653,1169.0,1631.0,5714.0,1.5,0.885,0.34183,467.151
OGLE-2018-BLG-0677L b,OGLE-2018-BLG-0677L,,1.82,,,,,0.12,,7580.0
OGLE-2019-BLG-0679L b,OGLE-2019-BLG-0679L,,13.1,,,,,0.66,,5630.0
MOA-bin-1L b,MOA-bin-1L,,13.0,,,,,0.75,,5100.0
Kepler-365 b,Kepler-365,10.664903,2.04,132.15,865.0,6012.0,1.048,1.02,0.112,1038.99
KMT-2020-BLG-0414L c,KMT-2020-BLG-0414L,,11.9,,,,,0.49,,1220.0
HD 11977 b,HD 11977,711.0,12.7,18.5126,547.97,4970.0,10.09,1.91,1.83858,67.9331
Kepler-1038 b,Kepler-1038,148.4603382,3.53,1.512,285.0,5335.0,0.83,0.87,-0.362,584.136
Kepler-250 c,Kepler-250,7.156804,2.28,71.499,782.0,5160.0,0.805,0.806,-0.45709,760.585
eps CrB b,eps CrB,417.9,12.7,101.7001,853.92,4406.0,21.0,1.7,2.23521,69.8683
TOI-521 b,TOI-521,1.54285047,1.98,66.0,794.0,3544.0,0.421,0.42,-1.5986,60.9425
OGLE-2015-BLG-0954L b,OGLE-2015-BLG-0954L,,13.1,,,,,0.3,,1200.0
KOI-134 c,KOI-134,33.95,9.86,79.051,798.82,6160.0,1.667,1.407,0.62325,1159.21
HD 127195 c,HD 127195,836.99,14.1,,,4981.0,4.16,1.34,0.98272,84.7167
HD 125136 b,HD 125136,849.77,13.3,,,4959.0,5.39,1.55,1.19866,121.257
KMT-2019-BLG-0953L b,KMT-2019-BLG-0953L,,4.06,,,,,0.28,,7200.0
OGLE-2017-BLG-1691L b,OGLE-2017-BLG-1691L,,3.92,,,,,0.45,,7290.0
alf Ari b,alf Ari,380.8,13.4,59.6537,747.22,4553.0,13.9,1.5,1.934,20.21019
TOI-2180 b,TOI-2180,260.79,11.32107051,2.71,348.0,5695.0,1.636,1.111,0.40552,116.685
KMT-2024-BLG-0404L c,KMT-2024-BLG-0404L,,4.33,,,,,0.09,,7210.0
Kepler-122 e,Kepler-122,37.993273,2.6,36.299,618.0,6050.0,1.216,0.982,0.26993,1027.45
Kepler-411 c,Kepler-411,7.834435,4.421,56.0,838.0,4974.0,0.82,0.87,-0.57899,153.676
OGLE-2018-BLG-1428L b,OGLE-2018-BLG-1428L,,14.0,,,,,0.43,,6220.0
KMT-2021-BLG-1689L b,KMT-2021-BLG-1689L,,7.71,,,4570.0,,0.58,,7200.0
MOA-2010-BLG-073L b,MOA-2010-BLG-073L,,12.4,,,,,0.16,,2800.0
KMT-2017-BLG-2197L b,KMT-2017-BLG-2197L,,12.5,,,,,0.36,,7800.0
KMT-2018-BLG-1988L b,KMT-2018-BLG-1988L,,2.22,,,,,0.47,,4150.0
Kepler-302 b,Kepler-302,30.184104,4.06,31.247,634.0,5740.0,1.22,1.021,0.04949,1402.58
GJ 3779 b,GJ 3779,3.0232,2.75,12.8254,526.94,3324.0,0.281,0.27,-2.06198,13.743
Kepler-985 b,Kepler-985,116.331901,2.98,2.4,323.0,5434.0,0.85,0.91,-0.28282,679.361
Kepler-248 b,Kepler-248,6.308205,3.02,79.311,819.0,5190.0,0.831,0.838,-0.41834,738.792
Kepler-836 b,Kepler-836,11.36112327,2.73,135.797,869.0,5895.0,1.04,1.03,0.04883,980.035
TOI-1224 c,TOI-1224,17.945466,2.884,1.9952,303.12,3326.0,0.404,0.4,-1.6968,37.3312
Kepler-142 d,Kepler-142,41.809118,2.16,22.072,582.0,5790.0,1.269,0.978,0.10706,548.686
OGLE-2019-BLG-0304L b,OGLE-2019-BLG-0304L,,14.2,,,,,0.27,,6980.0
MOA-2022-BLG-563L b,MOA-2022-BLG-563L,,14.0,,,,,0.48,,6530.0
KMT-2021-BLG-2010L b,KMT-2021-BLG-2010L,,13.8,,,,,0.37,,7090.0
KMT-2024-BLG-1005L b,KMT-2024-BLG-1005L,,12.1,,,,,0.055,,6950.0
KMT-2021-BLG-1077L c,KMT-2021-BLG-1077L,,10.6,,,,,0.14,,8240.0
Kepler-1676 b,Kepler-1676,29.9221,3.3769596,33.45,782.0,5878.3,1.06066,1.07,0.0835,
K2-65 b,K2-65,12.6475,1.58,45.0,723.51,5213.0,0.84,0.87,-0.328,72.2
OGLE-2018-BLG-0799L b,OGLE-2018-BLG-0799L,,10.9,,,,,0.093,,4050.0
KMT-2023-BLG-0466L b,KMT-2023-BLG-0466L,,13.1,,,,,0.44,,6800.0
BD+63 1405 b,BD+63 1405,1198.48,12.4,0.0911,150.69,5000.0,0.804724,0.816,-0.41295,38.0473
WASP-73 b,WASP-73,4.08722,15.91678,2242.3605,1790.0,6030.0,2.55,2.52,0.79502,316.678
Kepler-733 b,Kepler-733,20.83424726,2.82,24.507,595.0,5418.0,0.86,0.9,-0.29785,916.706
Kepler-124 d,Kepler-124,30.950851,1.11,10.499,428.0,4984.0,0.636,0.706,-0.46737,420.046
Kepler-244 c,Kepler-244,9.767292,2.05,81.574,791.0,5554.0,0.803,0.933,-0.25619,1036.49
Kepler-2001 c,Kepler-2001,14.092583189,1.82,30.1,597.0,5081.0,0.77,0.864,-0.54627,776.55
KMT-2021-BLG-0852L b,KMT-2021-BLG-0852L,,14.2,,,,,0.75,,7230.0
Kepler-32 b,Kepler-32,5.90124,2.2,22.025,514.0,3900.0,0.53,0.58,-1.29243,323.847
TOI-5108 b,TOI-5108,6.753581,6.6,122.785,1180.0,5808.0,1.29,1.1,0.27505,130.919
KMT-2016-BLG-2605L b,KMT-2016-BLG-2605L,,14.0,,,,,0.064,,6421.0
OGLE-2018-BLG-0977L b,OGLE-2018-BLG-0977L,,2.41,,,,,0.47,,6500.0
OGLE-2007-BLG-368L b,OGLE-2007-BLG-368L,,4.72,,,,,0.64,,5900.0
MOA-2011-BLG-262L b,MOA-2011-BLG-262L,,4.29,,,,,0.11,,7200.0
Kepler-132 c,Kepler-132,6.414914,1.28,271.0,1069.0,6003.0,1.178,0.929,0.211,349.549
KMT-2025-BLG-0481L b,KMT-2025-BLG-0481L,,14.1,,,,,0.22,,7980.0
KMT-2019-BLG-1339L b,KMT-2019-BLG-1339L,,13.7,,,,,0.48,,6120.0
OGLE-2017-BLG-1140L b,OGLE-2017-BLG-1140L,,13.5,,,,,0.211,,
KMT-2022-BLG-1790L b,KMT-2022-BLG-1790L,,13.5,,,,,0.58,,6480.0
KMT-2018-BLG-1996L b,KMT-2018-BLG-1996L,,13.7,,,,,0.69,,5910.0
Kepler-47 b,Kepler-47,49.4643,3.05,10.1419,490.2,5636.0,0.936,0.957,-0.076,1025.02
HD 190007 b,HD 190007,11.724128,4.06,24.6845,651.41,4610.0,0.79,0.77,-0.68,12.7141
Kepler-1219 b,Kepler-1219,16.10467749,2.12,430.691,1159.0,5944.0,1.94,1.25,0.92552,880.895
Kepler-1808 b,Kepler-1808,23.3404007,3.02511302,30.94,601.0,5530.0,0.892,0.773,-0.06242,1022.01
Kepler-824 b,Kepler-824,4.51436633,1.87,454.604,1231.0,6035.0,1.22,1.15,0.12216,1201.4
HD 95089 b,HD 95089,464.4,13.7,7.2989,458.34,4918.0,5.08,1.54,1.13033,136.957
Kepler-610 c,Kepler-610,151.86392,3.3,2.297,318.0,5943.0,1.13,1.1,-0.11034,845.824
Kepler-410 A b,Kepler-410 A,17.833648,2.838,159.5,866.0,6273.0,1.352,1.214,0.435,147.527
DMPP-6 b,DMPP-6,7.6027,2.28,340.697,1203.65,6182.09,1.27,1.079,0.31544,54.6303
Gaia22dkvL b,Gaia22dkvL,,14.1,,,,,1.145,,1270.0
MOA-2022-BLG-249L b,MOA-2022-BLG-249L,,2.04,,,,,0.18,,2000.0
Kepler-1063 b,Kepler-1063,14.07971466,1.49,54.93,931.0,5945.0,1.14,1.09,0.166,343.226
KMT-2021-BLG-1303L b,KMT-2021-BLG-1303L,,13.6,,,,,0.57,,6280.0
OGLE-2018-BLG-0596L b,OGLE-2018-BLG-0596L,,3.81,,,,,0.231,,5650.0
KMT-2023-BLG-0830L b,KMT-2023-BLG-0830L,,4.41,,,,,0.22,,7250.0
KMT-2023-BLG-0735L b,KMT-2023-BLG-0735L,,6.97,,,,,0.61,,6390.0
KMT-2021-BLG-0320L b,KMT-2021-BLG-0320L,,6.2,,,,,0.32,,6950.0
OGLE-2023-BLG-0766L b,OGLE-2023-BLG-0766L,,13.7,,,,,0.39,,7400.0
Kepler-1628 b,Kepler-1628,76.378033,6.43,0.79,240.0,3724.0,0.52,0.55,-1.33,352.0
OGLE2-TR-L9 b,OGLE2-TR-L9,2.4855335,18.046,4135.4482,2034.0,6933.0,1.53,1.52,0.51197,1627.63
TOI-5736 b,TOI-5736,0.64899,1.56,493.4827,1311.0,3949.0,0.58,0.57,-1.1332,92.3604
Kepler-1577 b,Kepler-1577,6.30560247,1.13,57.751,1125.0,4862.0,0.74,0.78,-0.60727,510.029
K2-13 b,K2-13,39.91488,1.89,22.8,511.0,5698.0,0.78,0.8,-0.13534,342.394
Kepler-122 f,Kepler-122,56.268,1.75,21.524,543.0,5917.0,0.949,1.03,0.26993,1027.45
Kepler-414 c,Kepler-414,7.171,3.01,137.086,890.0,5536.0,0.946,0.89,-0.16917,413.46
TOI-1533 b,TOI-1533,3.6457974,2.89,173.908,1011.0,5146.0,0.849,0.88,-0.34679,100.051
Kepler-675 b,Kepler-675,2.33743801,2.44,308.547,1070.0,4945.0,0.75,0.79,-0.50669,665.68
Kepler-1489 c,Kepler-1489,0.680741,0.51,,,5565.53,0.957,0.977,0.19764,1283.05
K2-190 c,K2-190,21.574023,1.09308317,,,5631.0,0.912206,0.904597,-0.06781,160.679
Kepler-276 c,Kepler-276,31.884,2.9,19.793,563.0,5693.0,1.03,1.1,-0.08948,1144.86
HD 148164 b,HD 148164,328.55,13.7,2.1682,337.89,6032.0,1.34,1.21,0.33,77.1971
Kepler-1996 b,Kepler-1996,32.376183,2.26,5.61,392.0,4580.0,0.675,0.748,-0.65721,440.561
HIP 107772 b,HIP 107772,55.199,3.64,1.163,280.92,4006.0,0.513922,0.63,-1.16322,23.6434
Kepler-446 c,Kepler-446,3.036179,1.11,6.705,520.0,3359.0,0.24,0.22,-2.24766,96.339
KIC 3526061 b,KIC 3526061,3552.0,12.1,0.6208,248.63,4829.0,5.86,1.42,1.21484,401.229
HD 11964 c,HD 11964,37.91,5.38,54.875,757.54,5303.0,2.00971,0.91,0.45905,33.5369
Kepler-1482 b,Kepler-1482,12.25383217,1.01,86.499,678.0,5381.0,0.84,0.88,-0.08288,567.556
TOI-5515 b,TOI-5515,8.59225810839,2.65362762,86.6267,778.1,5483.65,0.835682,0.963,-0.24167,135.459
TOI-2184 b,TOI-2184,6.90683,11.39953337,1429.0,1676.05,5966.0,2.9,1.53,0.98154,788.317
HD 102329 c,HD 102329,1123.0,13.5,,,4830.0,6.3,1.3,1.29226,217.107
HD 39194 b,HD 39194,5.63692,1.99,112.2269,915.16,5205.0,0.783742,0.86,-0.40894,26.4131
HD 199509 b,HD 199509,99.62167,7.43,4.5393,410.73,5796.02,0.92,1.04,-0.08419,24.3056
Kepler-325 d,Kepler-325,38.715185,2.79,12.083,498.0,5752.0,1.003,0.914,-0.25468,823.242
Kepler-1940 b,Kepler-1940,4.950610161,1.54732469,145.23,885.0,5431.0,0.717,0.802,-0.37735,798.595
TOI-2545 b,TOI-2545,7.994037,2.75,258.8217,1022.99,5846.29,1.25324,1.055,0.21828,107.118
Kepler-1612 b,Kepler-1612,3.91795101,1.03,269.248,1030.0,5643.0,0.94,0.96,-0.18821,764.726
HD 136352 c,HD 136352,27.59221,2.916,35.1,677.0,5664.0,1.058,0.87,0.0162,14.682
EPIC 201615463 c,K2-166,3.80464,1.22,,,5960.0,1.61,1.073,0.45848,476.882
Kepler-225 b,Kepler-225,6.738975,1.2,38.883,579.0,3682.0,0.48,0.593,-0.99568,561.101
HD 20868 b,HD 20868,380.85001,13.7,0.3278,207.11,4802.0,0.76,0.39,-0.529,47.7223
Kepler-1930 b,Kepler-1930,13.02680016,1.52955541,31.6,643.0,5083.0,0.844,0.844,-0.50545,275.694
Kepler-1439 b,Kepler-1439,8.07392849,1.46,9.081,420.0,3578.0,0.43,0.46,-1.54394,225.393
HD 155193 b,HD 155193,352.65,14.0,4.0461,391.86,6239.0,1.76439,1.221,0.6411,57.7995
TOI-1266 c,TOI-1266,18.8027,1.98,2.42,346.0,3563.0,0.4232,0.437,-1.58021,36.0118
Kepler-1536 b,Kepler-1536,364.758031,3.14,0.193,166.0,4434.0,0.67,0.71,-0.8224,387.248
HD 134987 b,HD 134987,258.17999,13.5,2.7435,339.45,5736.0,1.22,1.1,0.25527,26.1804
Kepler-961 b,Kepler-961,16.87727414,2.55,40.4,642.0,5582.0,0.9,0.96,-0.19378,574.314
Kepler-539 b,Kepler-539,125.63243,8.373123,3.681,387.6,5820.0,0.952,1.048,-0.06048,307.318
HD 5278 c,HD 5278,40.87,4.49,32.6706,664.95,6203.0,1.194,1.126,0.28035,57.5846
Kepler-319 c,Kepler-319,6.941357,2.63,136.343,876.0,5526.0,0.903,0.933,-0.18116,503.436
HD 179079 b,HD 179079,14.479,,162.7656,997.61,5646.0,1.63,1.14,0.38,69.7116
Kepler-1099 b,Kepler-1099,2.168452593,2.83,766.344,1558.0,5837.0,1.0,1.01,-0.11906,1022.8
Kepler-244 d,Kepler-244,20.050401,2.31,31.267,622.0,5554.0,0.803,0.933,-0.25619,1036.49
NY Vir c,NY Vir,8799.0,12.8,,,32780.0,0.151,0.459,1.37508,544.024
Kepler-377 b,Kepler-377,12.509529,1.39,139.112,875.0,5949.0,1.224,1.043,0.21756,823.804
Kepler-879 b,Kepler-879,33.3855938,2.57,29.128,580.0,5792.0,1.02,1.02,0.0334,802.672
Kepler-705 b,Kepler-705,56.0560538,2.11,0.729,265.0,3722.0,0.51,0.53,-1.385,276.881
Kepler-163 c,Kepler-163,21.347262,2.26,30.238,648.0,5776.0,0.917,0.882,-0.13799,689.814
TOI-778 b,TOI-778,4.633611,15.4,734.672,1561.0,6643.0,1.71,1.4,0.76042,161.743
Kepler-1355 b,Kepler-1355,1.289588112,1.46,944.873,1448.0,5352.0,0.83,0.88,-0.32922,911.269
KOI-134 b,KOI-134,67.1277,12.03844527,45.0,659.0,6160.0,1.667,1.407,0.62325,1159.21
Kepler-138 b,Kepler-138,10.3134,0.64,9.9,452.0,3841.0,0.535,0.535,-1.25181,66.8624
Kepler-1542 e,Kepler-1542,5.10115756,0.76,369.999,1065.0,5564.0,0.99,0.94,0.07026,399.114
Kepler-1579 b,Kepler-1579,0.849907889,0.84,396.64,1139.0,4584.0,0.7,0.75,-0.94024,466.0
K2-264 c,K2-264,19.660302,2.668,2.5922,331.0,3660.0,0.473,0.496,-1.48149,185.605
Kepler-1073 d,Kepler-1073,2.504760027,1.48770949,828.59,1369.0,5509.0,1.116,0.924,-0.01023,809.897
Kepler-510 b,Kepler-510,19.55659418,2.47,114.389,797.0,5746.0,1.41,0.91,0.33243,386.177
HD 164509 b,HD 164509,280.17,14.3,1.7417,319.12,5859.0,1.11,1.12,0.12,53.1119
TIC 34085383 b,TIC 34085383,3.47793368523,3.91982296,,,4694.84,0.809951,0.733,-0.56869,149.12
TYC 3667-1280-1 b,TYC 3667-1280-1,26.468,12.8,543.953,1350.0,5130.0,6.26,1.87,1.38,477.516
HATS-59 c,HATS-59,1422.0,12.3,0.159,175.9,5670.0,1.036,1.038,-0.00436,642.884
Kepler-1605 b,Kepler-1605,85.7565495,1.08,16.734,528.0,5280.0,0.82,0.86,0.42869,546.23
Ross 458 c,Ross 458,,14.01125,0.0,4.32,3965.42,0.562566,0.556419,-1.29769,11.5094
SR 12 AB c,SR 12 AB,,12.3,,,3828.93,1.103075,,-0.62778,112.31721584
HD 187123 b,HD 187123,3.0965828,14.2,738.4255,1450.9,5790.0,1.15043,1.04,0.12713,45.9548
OGLE-TR-132 b,OGLE-TR-132,1.689868,13.45,2550.8364,2013.0,6210.0,1.32,1.305,0.371,2012.62
OGLE-TR-56 b,OGLE-TR-56,1.2119189,15.278,3942.3204,2212.0,6050.0,1.363,1.228,0.35,282.83913869
WASP-156 b,WASP-156,3.8361629,6.15,150.0,934.5,5036.0,0.8268,0.8712,-0.41794,122.066
HD 22781 b,HD 22781,528.07,12.3,0.2456,193.48,5027.0,0.743475,0.75,-0.47556,32.6034
Kepler-16 b,Kepler-16,228.776,8.4493,0.2517,205.9,4450.0,0.6489,0.6897,-0.90301,75.0852
Kepler-27 c,Kepler-27,31.3309,4.9,11.067,481.0,5400.0,0.59,0.65,-0.32941,1044.36
WASP-23 b,WASP-23,2.9444256,10.783,317.4314,1076.55,5150.0,0.765,0.78,-0.37679,207.49
Kepler-27 b,Kepler-27,15.3348,4.0,28.681,610.0,5400.0,0.59,0.65,-0.32941,1044.36
HD 114783 b,HD 114783,493.7,13.7,0.3152,210.79,5135.0,0.840622,0.853,-0.3725,21.0628
HD 19994 b,HD 19994,466.2,13.6,2.2324,350.1,6188.0,1.79647,1.365,0.58,22.5242
47 UMa b,47 UMa,1078.0,13.2,0.3576,215.23,5872.0,1.21334,1.06,0.1978,13.7967
Kepler-18 c,Kepler-18,7.64159,5.49,126.081,899.0,5345.0,1.108,0.972,-0.031,433.047
Kepler-18 b,Kepler-18,3.504725,2.0,355.735,1165.0,5345.0,1.108,0.972,-0.031,433.047
Kepler-31 c,Kepler-31,42.6318,5.3,35.254,615.0,6340.0,1.22,1.21,0.30134,1664.64
Kepler-32 e,Kepler-32,2.896,1.5,56.649,652.0,3900.0,0.53,0.58,-1.29243,323.847
61 Vir b,61 Vir,4.215,2.11,318.8418,1177.85,5577.0,0.963,0.942,-0.095,8.50332
61 Vir c,61 Vir,38.021,4.46,16.9856,565.87,5577.0,0.963,0.942,-0.095,8.50332
47 UMa d,47 UMa,14002.0,13.5,0.0117,91.58,5872.0,1.21334,1.06,0.1978,13.7967
47 UMa c,47 UMa,2391.0,14.2,0.1217,164.38,5872.0,1.21334,1.06,0.1978,13.7967
BD-08 2823 c,BD-08 2823,237.6,12.5,0.5117,233.85,4746.0,0.71,0.74,-0.62597,41.3342
CoRoT-23 b,CoRoT-23,3.6313,11.77,530.0221,1660.0,5900.0,1.61,1.14,0.08678,1060.97
Kepler-18 d,Kepler-18,14.85888,6.98,51.922,720.0,5345.0,1.108,0.972,-0.031,433.047
HATS-1 b,HATS-1,3.446459,14.594,489.9461,1359.0,5870.0,1.038,0.986,0.04139,283.971
HD 47186 c,HD 47186,1353.6,13.0,0.1925,183.18,5657.0,1.08,0.96,0.04298,37.4574
HD 196885 A b,HD 196885 A,1333.0,13.2,0.4271,224.21,6254.0,1.31,1.28,0.38,34.1692
CoRoT-6 b,CoRoT-6,8.886593,13.068,145.1436,1017.0,6090.0,1.025,1.05,0.02573,645.294
HR 8799 b,HR 8799,170000.0,13.0,0.0011,1200.0,7204.58,1.49338,1.5,0.69197,41.2441
HAT-P-37 b,HAT-P-37,2.797436,13.204,412.3914,1271.0,5500.0,0.877,0.929,-0.208,390.594
Kepler-42 b,Kepler-42,1.2137672,0.78,22.388,519.0,3068.0,0.17,0.13,-2.62,40.0595
Kepler-32 d,Kepler-32,22.7802,2.7,3.631,328.0,3900.0,0.53,0.58,-1.29243,323.847
Kepler-32 f,Kepler-32,0.74296,0.82,349.645,1026.0,3900.0,0.53,0.58,-1.29243,323.847
BD+20 2457 b,BD+20 2457,379.63,12.1,703.4998,1159.67,4137.0,49.0,2.8,3.17,1539.71
HR 8799 d,HR 8799,37000.0,13.0,0.0085,1300.0,7204.58,1.49338,1.5,0.69197,41.2441
GJ 179 b,GJ 179,2288.0,13.8,0.0028,64.53,3370.0,0.38,0.357,-1.796,12.356
SWEEPS-4 b,SWEEPS-4,4.2,9.079,,,,1.18,1.24,,8500.0
Kepler-42 c,Kepler-42,0.45328509,0.73,82.125,720.0,3068.0,0.17,0.13,-2.62,40.0595
Kepler-33 c,Kepler-33,13.17562,3.2,241.759,1009.0,5904.0,1.82,1.291,0.556,1209.16
Kepler-35 b,Kepler-35,131.458,8.16,2.5804,352.89,5606.0,1.0284,0.8877,-0.027,1819.17
CoRoT-16 b,CoRoT-16,5.35227,13.11,96.1756,1195.53,5650.0,1.19,1.098,-0.43496,732.409
HD 240210 b,HD 240210,501.75,12.8,26.3684,970.67,4297.0,25.456816,0.82,1.55,372.405
BD+20 2457 c,BD+20 2457,621.99,12.4,366.1069,984.96,4137.0,49.0,2.8,3.17,1539.71
HD 110014 b,HD 110014,835.477,12.4,43.9799,669.84,4445.0,20.9,2.17,2.30408,100.758
HIP 5158 b,HIP 5158,345.72,13.6,0.1389,219.65,4962.0,0.75,0.78,-0.95861,51.6026
Kepler-33 e,Kepler-33,31.7844,4.02,74.72,752.0,5904.0,1.82,1.291,0.556,1209.16
Kepler-33 d,Kepler-33,21.77596,5.35,123.691,853.0,5904.0,1.82,1.291,0.556,1209.16
BD+20 274 b,BD+20 274,578.2,13.0,53.9651,755.7,4296.0,17.3,0.8,1.96,1322.51
KELT-1 b,KELT-1,1.217514,12.442,5165.92,2361.0,6516.0,1.471,1.335,0.545,268.43
CoRoT-5 b,CoRoT-5,4.0378962,15.558,786.2949,1438.0,6100.0,1.186,1.0,0.18,882.472
HD 134987 c,HD 134987,5000.0,13.9,0.0535,125.03,5585.0,1.25,1.1,0.25527,26.1804
HD 147018 b,HD 147018,44.236,13.4,12.4842,519.98,5441.0,0.937948,0.927,-0.14757,40.4256
Kepler-33 f,Kepler-33,41.02902,4.46,53.183,691.0,5904.0,1.82,1.291,0.556,1209.16
Kepler-31 b,Kepler-31,20.8613,5.5,91.474,781.0,6340.0,1.22,1.21,0.30134,1664.64
Kepler-34 b,Kepler-34,288.822,8.564,1.2545,294.42,5913.0,1.1618,1.0479,0.173,1800.82
HD 45350 b,HD 45350,963.6,13.5,0.375,217.81,5566.0,1.26442,0.98,0.14065,46.8733
HD 147018 c,HD 147018,1008.0,12.7,0.1927,183.28,5441.0,0.937948,0.927,-0.14757,40.4256
CFBDSIR J145829+101343 b,CFBDSIR J145829+101343,10037.5,12.4,,370.0,580.5,,0.021,,23.1
HD 220773 b,HD 220773,3724.7,13.6,0.129,167.02,5940.0,1.679696,1.16,0.49796,50.5103
HD 147513 b,HD 147513,528.4,13.7,0.5609,244.43,5883.0,0.98,1.11,-0.01,12.9032
HD 129445 b,HD 129445,1840.0,13.3,0.1462,173.36,5646.0,1.175816,0.99,0.08968,67.4386
WASP-5 b,WASP-5,1.6284279,12.184,1559.4762,1706.0,5700.0,1.029,0.96,0.06717,309.137
OGLE-TR-111 b,OGLE-TR-111,4.0144463,11.421971,204.9529,1019.0,5040.0,0.83,0.82,-0.33862,1068.33
HD 8535 b,HD 8535,1313.0,14.0,0.3584,206.21,6136.0,1.19,1.13,0.33266,55.4401
MOA-2009-BLG-266L b,MOA-2009-BLG-266L,2800.0,3.21,,,,,0.56,,3040.0
GJ 667 C b,GJ 667 C,7.203,2.25,5.3902,,3350.0,,0.33,-1.863,7.24396
HIP 5158 c,HIP 5158,9017.76,12.2,0.0046,72.63,4813.0,0.754089,0.78,-0.5608,51.6026
HAT-P-23 b,HAT-P-23,1.212884,15.334,2796.2342,2056.0,5905.0,1.203,1.13,0.199,364.813
HAT-P-20 b,HAT-P-20,2.875317,9.718,85.1168,970.0,4595.0,0.694,0.756,-0.721,71.0374
CoRoT-17 b,CoRoT-17,3.7681,11.43,640.9232,1626.0,5740.0,1.59,1.04,0.13421,1176.12
HD 132563 b,HD 132563,1544.0,13.6,0.3447,213.27,6289.0,1.29577,1.231,0.37408,105.155
Kepler-45 b,Kepler-45,2.455239,10.76,68.37,1000.0,3820.0,0.55,0.59,-1.27572,381.949
HU Aqr AB b,HU Aqr,2390.0,12.8,,,5952.0,,0.88,,192.19807871
Kepler-417 b,Kepler-417,12.331,2.31,43.624,671.0,5177.0,0.806,0.9,-0.41061,973.989
Kepler-37 d,Kepler-37,39.7922622,2.03,10.39,499.0,5357.0,0.789,0.79,-0.32187,63.9207
GJ 3634 b,GJ 3634,2.64561,2.83,24.2793,656.45,3517.0,0.43,0.45,-1.699,20.3779
Kepler-14 b,Kepler-14,6.790123,12.733,1029.51,1605.0,6395.0,2.048,1.512,0.799,798.0
CoRoT-18 b,CoRoT-18,1.9000693,14.68,823.7009,1550.0,5440.0,1.0,0.95,-0.17,764.889
Kepler-15 b,Kepler-15,4.942782,10.76,430.677,1251.0,5515.0,0.992,1.018,-0.087,739.412
KOI-55 b,KOI-55,0.240104,0.759,636352.1258,7777.78,27730.0,0.203,0.496,1.36,1231.02
PSR J1719-1438 b,PSR J1719-1438,0.090706293,,,,4500.0,,1.4,,1200.0
CoRoT-14 b,CoRoT-14,1.51214,12.22,1803.4781,1952.0,6035.0,1.21,1.13,0.11884,1744.6
HD 11964 b,HD 11964,1945.0,14.1,0.2882,203.93,5303.0,2.00971,0.91,0.45905,33.5369
HAT-P-4 b,HAT-P-4,3.056536,14.28,1438.0,1686.0,5860.0,1.596,1.248,0.431,320.451
OGLE-TR-10 b,OGLE-TR-10,3.101278,14.011,818.5035,1702.0,5950.0,1.17,1.14,0.188,1344.97
OGLE-TR-113 b,OGLE-TR-113,1.4324752,12.251,528.4147,1342.0,4790.0,0.774,0.779,-0.529,566.459
HD 192310 b,HD 192310,74.72,4.27,3.7598,355.0,5166.0,0.857922,0.8,-0.41454,8.79687
OGLE-2014-BLG-1760L b,OGLE-2014-BLG-1760L,,13.8,,,,,0.803,,7056.0
OGLE-2013-BLG-0132L b,OGLE-2013-BLG-0132L,,11.6,,,,,0.54,,3900.0
Kepler-277 b,Kepler-277,17.324,2.92,198.245,964.0,5946.0,1.69,1.12,0.56791,976.643
KMT-2017-BLG-1194L b,KMT-2017-BLG-1194L,,1.7,,,,,0.41,,4240.0
KMT-2017-BLG-2331L b,KMT-2017-BLG-2331L,,14.2,,,,,0.4,,8030.0
HD 41004 A b,HD 41004 A,963.0,13.2,,,5310.0,0.85,0.95,-0.293,36.69117
OGLE-2019-BLG-0299L b,OGLE-2019-BLG-0299L,,12.7,,,,,0.59,,5830.0
Kepler-476 b,Kepler-476,14.00640607,3.08,100.09,807.0,5837.0,1.09,1.03,0.0949,813.535
KMT-2021-BLG-2294L b,KMT-2021-BLG-2294L,,5.02,,,,,0.14,,6800.0
KMT-2022-BLG-1013L b,KMT-2022-BLG-1013L,,12.1,,,,,0.18,,7710.0
Kepler-247 d,Kepler-247,20.4737,4.5,15.9,530.0,5094.0,0.791,0.884,-0.42165,663.711
Kepler-1976 b,Kepler-1976,4.959319244,12.21,349.4,1103.0,5712.0,1.082,0.976,0.04119,1314.51
WASP-155 b,WASP-155,3.110413,13.45077684,771.0,1468.0,5660.0,1.24,1.09,0.14142,399.63
KMT-2019-BLG-0414L b,KMT-2019-BLG-0414L,,12.9,,,,,0.74,,4410.0
HD 62509 b,HD 62509,589.64,13.3,15.2164,549.6,4892.63,8.9,2.0,1.612,10.34
Kepler-65 b,Kepler-65,2.15491,1.42,2316.095,1740.0,6211.0,1.41,1.25,0.4674,303.728
RR Cae b,RR Cae,4343.5,13.0,0.0003,35.94,3904.0,0.193119,0.44,-2.10762,21.1916
WASP-65 b,WASP-65,2.3114243,12.464,957.0053,1480.0,5600.0,1.01,0.93,0.05497,273.703
Kepler-30 c,Kepler-30,60.323105,12.3,6.217,411.0,5498.0,0.95,0.99,-0.23658,914.221
Kepler-38 b,Kepler-38,105.599,4.3,14.4568,475.0,5623.0,1.752,0.941,0.49161,1174.59
WASP-8 c,WASP-8,4323.0,12.5,0.0314,116.99,5690.0,0.96,1.04,-0.05754,89.9606
ROXs 42 B b,ROXs 42 B,,12.5,0.0,1975.0,3433.0,1.33658,1.0,-0.79156,143.59
WASP-1 b,WASP-1,2.5199454,16.623,2121.5175,1812.0,6110.0,1.47,1.24,0.44091,393.072
Kepler-50 c,Kepler-50,9.37647,2.17,388.444,1125.0,6225.0,1.58,1.24,0.53582,250.11
BD+15 2940 b,BD+15 2940,137.48,13.7,352.2269,1207.75,4796.0,14.7,1.1,2.01,426.42
Kepler-87 b,Kepler-87,114.73635,13.49,9.203,478.0,5600.0,1.82,1.1,0.32604,1232.9
WASP-75 b,WASP-75,2.484193,14.235,1657.0,1710.0,6100.0,1.26,1.14,0.30426,294.001
Kepler-87 c,Kepler-87,191.2318,6.14,4.656,403.0,5600.0,1.82,1.1,0.32604,1232.9
HD 40307 b,HD 40307,4.3123,,104.8355,910.0,4956.0,0.716684,0.77,-0.639,12.9363
WTS-1 b,WTS-1,3.352057,16.7,554.9183,1500.0,6250.0,1.15,1.2,0.08842,2346.01
HD 40307 c,HD 40307,9.6184,,35.9672,696.0,4956.0,0.716684,0.77,-0.639,12.9363
CoRoT-26 b,CoRoT-26,4.20474,14.12,1021.0065,1600.0,5590.0,1.79,1.09,0.451,1045.18
91 Aqr b,91 Aqr,181.4,13.1,100.506,891.73,4665.0,11.0,1.4,1.69239,44.0304
tau Gem b,tau Gem,305.5,12.1,241.3109,1012.69,4388.0,26.8,2.3,2.51895,112.537
HAT-P-42 b,HAT-P-42,4.641878,14.348,684.0973,1428.0,5743.0,1.53,1.178,0.356,405.238
Kepler-56 c,Kepler-56,21.40239,9.8,317.206,1087.0,4840.0,4.23,1.32,0.90455,912.994
HD 40307 d,HD 40307,20.432,,13.1581,541.0,4956.0,0.716684,0.77,-0.639,12.9363
HD 40307 f,HD 40307,51.76,2.13,3.7636,398.0,4956.0,0.716684,0.77,-0.639,12.9363
Kepler-186 e,Kepler-186,22.407704,1.27,3.608,319.0,3788.0,0.472,0.478,-1.385,177.594
Kepler-186 c,Kepler-186,7.267302,1.25,13.98,464.0,3788.0,0.472,0.478,-1.385,177.594
GJ 163 c,GJ 163,25.63058,2.5,1.2457,305.07,3500.0,0.409738,0.4,-1.708,15.1285
GJ 163 d,GJ 163,603.95116,5.92,0.0184,106.43,3500.0,0.409738,0.4,-1.708,15.1285
Kepler-56 b,Kepler-56,10.5016,6.51,819.245,1378.0,4840.0,4.23,1.32,0.90455,912.994
HD 208527 b,HD 208527,875.5,12.5,165.4934,959.79,4035.0,51.1,1.6,2.86322,312.202
HD 40307 g,HD 40307,197.8,2.56,0.6378,255.0,4956.0,0.716684,0.77,-0.639,12.9363
Kepler-186 d,Kepler-186,13.342996,1.4,7.204,379.0,3788.0,0.472,0.478,-1.385,177.594
GU Psc b,GU Psc,,14.179,0.0,1050.0,4031.81,0.450458,0.325,-1.60189,47.5501
HIP 63242 b,HIP 63242,124.6,12.5,133.6297,993.26,4830.0,10.275655,1.54,1.63,156.456
Kepler-11 b,Kepler-11,10.3039,1.8,146.36,849.0,5663.0,1.065,0.961,0.1202,646.346
KOI-351 f,KOI-351,124.9144,2.88,6.796,407.0,6080.0,1.2,1.2,0.26853,848.254
CoRoT-1 b,CoRoT-1,1.5089557,16.7,2852.63,1898.0,5950.0,1.11,0.95,0.29793,787.909
HAT-P-45 b,HAT-P-45,3.128992,15.984,1052.239,1652.0,6330.0,1.319,1.259,0.4,298.64
HAT-P-44 b,HAT-P-44,4.301219,13.922,185.119,1108.0,5295.0,0.949,0.942,-0.194,347.85
Kepler-11 e,Kepler-11,31.9996,4.19,32.34,582.0,5663.0,1.065,0.961,0.1202,646.346
HD 95086 b,HD 95086,,12.9,0.0021,1000.0,7595.0,1.48667,1.6,0.82124,86.2279
BD-06 1339 b,BD-06 1339,3.8728,,51.8934,834.97,4324.0,0.686355,0.7,-1.022,20.2695
HD 103774 b,HD 103774,5.8881,13.3,714.1738,1487.08,6489.0,1.581047,1.335,0.544,56.4089
HAT-P-44 c,HAT-P-44,872.2,13.0,0.2084,187.92,5295.0,0.949,0.942,-0.194,347.85
HATS-5 b,HATS-5,4.763387,10.223,183.2395,1025.0,5304.0,0.871,0.936,-0.268,246.384
Kepler-11 g,Kepler-11,118.3807,3.33,5.65,376.0,5663.0,1.065,0.961,0.1202,646.346
KOI-351 e,KOI-351,91.93913,2.66,10.228,450.0,6080.0,1.2,1.2,0.26853,848.254
KOI-351 c,KOI-351,8.719375,1.19,236.315,987.0,6080.0,1.2,1.2,0.26853,848.254
HD 109271 b,HD 109271,7.8543,4.31,320.4393,1128.86,5783.0,1.294595,1.047,0.301,55.8716
HD 109271 c,HD 109271,30.93,5.27,52.058,716.68,5783.0,1.294595,1.047,0.301,55.8716
bet Cnc b,bet Cnc,605.2,12.6,274.8541,1039.74,4092.1,47.2,1.7,2.9,89.0472
mu Leo b,mu Leo,357.8,13.3,51.7863,704.49,4538.2,11.4,1.5,1.797,32.6081
Kepler-11 c,Kepler-11,13.0241,2.87,107.224,786.0,5663.0,1.065,0.961,0.1202,646.346
OGLE-2012-BLG-0358L b,OGLE-2012-BLG-0358L,,13.4,,,,,0.022,,1760.0
HD 166724 b,HD 166724,5144.0,13.0,0.0105,94.83,5127.0,0.797485,0.81,-0.509,45.1342
WASP-64 b,WASP-64,1.5732918,14.247,1563.6374,1689.0,5400.0,1.058,1.004,-0.022,369.926
Kepler-67 b,Kepler-67,15.7259,2.94,30.6,602.0,5331.0,0.778,0.865,-0.37633,1131.19
GJ 667 C c,GJ 667 C,28.14,1.77,0.8774,,3350.0,,0.33,-1.863,7.24396
HAT-P-38 b,HAT-P-38,4.640382,9.247,243.0337,1082.0,5330.0,0.923,0.886,-0.208,255.206
OGLE-2011-BLG-0251L b,OGLE-2011-BLG-0251L,,14.2,,,,,0.26,,2570.0
PH1 b,PH1,138.317,6.18,10.7524,481.0,6407.0,1.734,1.528,0.66,1033.16
Kepler-415 b,Kepler-415,4.176,1.21,69.834,694.0,4362.0,0.643,0.67,-0.80504,530.487
Kepler-338 c,Kepler-338,24.310856,2.34,119.648,831.0,5923.0,1.735,1.105,0.5857,552.798
WASP-126 b,WASP-126,3.28883,10.51358773,759.3374,1480.0,5800.0,1.27,1.12,0.15879,216.526
Kepler-1544 b,Kepler-1544,168.811174,1.78,0.833,269.0,4886.0,0.74,0.81,-0.606,335.09
GJ 667 C e,GJ 667 C,62.24,1.45,0.3022,,3350.0,,0.33,-1.863,7.24396
HD 207832 c,HD 207832,1155.7,14.0,0.1732,179.84,5710.0,0.901,0.94,-0.112,58.9291
HAT-P-39 b,HAT-P-39,3.54387,17.609,1915.6934,1752.0,6430.0,1.625,1.404,0.607,697.004
HD 150706 b,HD 150706,5894.0,13.3,0.024,108.81,5961.0,0.96,1.17,0.03175,28.2697
HIP 57274 d,HIP 57274,431.7,14.2,1.5183,183.59,4640.0,0.68,0.73,0.19,25.8618
Kepler-82 e,Kepler-82,5.902206,2.47,144.337,926.0,5428.0,0.945,0.946,-0.18507,904.326
Kepler-417 c,Kepler-417,15.943,2.69,30.968,616.0,5177.0,0.806,0.9,-0.41061,973.989
CoRoT-2 b,CoRoT-2,1.7429935,16.432,932.9076,1521.0,5625.0,0.906,0.96,-0.13055,213.283
TOI-1272 b,TOI-1272,3.3159765,4.26,120.595,1051.0,4985.0,0.8,0.828,-0.46547,137.572
Kepler-82 f,Kepler-82,75.732,4.84,5.6657,423.57,5401.0,0.898,0.91,-0.18507,904.326
TOI-1883 b,TOI-1883,4.508,5.65,14.7,544.0,3554.0,0.506,0.495,-1.43063,115.369
Oph 11 b,Oph 11,7300000.0,12.3,0.0,2175.0,2375.0,0.232692,0.016,-2.77,136.16559197
Kepler-338 d,Kepler-338,44.431014,3.0,53.556,680.0,5923.0,1.735,1.105,0.5857,552.798
Kepler-418 b,Kepler-418,86.67856,13.45,8.877,434.0,5820.0,1.09,0.98,0.11114,1002.53
DP Leo b,DP Leo,10220.0,12.7,0.0001,24.39,13500.0,0.0115,0.69,-2.4,305.684
Kepler-58 b,Kepler-58,10.2184954,2.78,112.992,920.0,5843.0,1.03,0.95,-0.00422,969.252
Kepler-59 c,Kepler-59,17.9801235,1.98,107.741,752.0,6074.0,0.94,1.04,0.32374,1163.22
Kepler-130 c,Kepler-130,27.50868,2.9,46.011,683.0,5879.0,1.17,1.0,0.155,316.663
CoRoT-27 b,CoRoT-27,3.57532,11.287,300.8697,1500.0,5900.0,1.08,1.05,-0.16641,1010.28
HIP 105854 b,HIP 105854,184.2,12.6,71.2902,822.14,4780.0,10.305119,2.1,1.67,78.6381
Kapteyn c,Kapteyn,121.54,2.54,0.1666,165.59,3550.0,0.291,0.281,-1.79289,3.93305
2MASS J01225093-2439505 b,2MASS J01225093-2439505,,11.209,0.0,1600.0,3530.0,0.36645,0.4,-1.72,33.8281
Kepler-63 b,Kepler-63,9.4341505,6.11,100.371,791.0,5576.0,0.901,0.984,-0.157,194.033
Kepler-53 c,Kepler-53,38.5583038,3.17,23.176,550.0,5858.0,0.89,0.98,0.03558,1366.07
Kepler-54 c,Kepler-54,12.0717249,1.23,3.07,395.0,3705.0,0.5,0.51,-1.30103,271.701
Kepler-83 c,Kepler-83,20.09,2.36,5.9,362.0,4082.0,0.61,0.66,-1.10237,400.409
Kepler-81 b,Kepler-81,5.955,2.42,39.95,635.0,4385.0,0.59,0.64,-0.88941,348.291
Kepler-55 c,Kepler-55,42.1516418,2.21,3.84,349.0,4362.0,0.58,0.62,-0.76324,578.796
Kepler-59 b,Kepler-59,11.8681707,1.1,187.51,864.0,6074.0,0.94,1.04,0.32374,1163.22
HD 82943 b,HD 82943,441.47,13.5,1.117,286.13,5935.0,1.1826,1.08,0.19405,27.5902
HD 154857 c,HD 154857,3452.0,13.2,0.1601,154.88,5605.0,1.76,1.718,0.66269,63.4482
Kepler-62 d,Kepler-62,18.16406,1.95,17.21,510.0,4925.0,0.64,0.69,-0.678,300.874
Kepler-62 b,Kepler-62,5.714932,1.31,80.326,750.0,4925.0,0.64,0.69,-0.678,300.874
Kepler-83 b,Kepler-83,9.77,2.83,15.412,460.0,4082.0,0.61,0.66,-1.10237,400.409
POTS-1 b,POTS-1,3.1606296,10.548,58.7159,841.95,4400.0,0.588,0.695,-1.0869,747.959
Kepler-54 b,Kepler-54,8.0109434,2.1,12.357,453.0,3705.0,0.5,0.51,-1.30103,271.701
Kepler-55 b,Kepler-55,27.9481449,2.43,6.642,400.0,4362.0,0.58,0.62,-0.76324,578.796
HD 82943 c,HD 82943,220.078,13.4,2.8285,360.95,5935.0,1.1826,1.08,0.19405,27.5902
Kepler-413 b,Kepler-413,66.262,4.347,2.9436,334.96,4700.0,0.7761,0.82,-0.42994,847.536
Kepler-61 b,Kepler-61,59.87756,2.15,1.69,273.0,4017.0,0.62,0.635,-0.97062,335.079
HAT-P-27 b,HAT-P-27,3.039577,11.43,336.0384,1091.99,5316.0,0.864673,0.916,-0.26926,199.173
Qatar-4 b,Qatar-4,1.8053564,12.722215,614.0,1385.0,5215.0,0.849,0.896,-0.31785,329.036
WTS-2 b,WTS-2,1.0187068,15.277867,2544.6509,2000.0,5000.0,0.752,0.82,-0.28812,1030.76834437
HD 4203 c,HD 4203,6700.0,13.3,0.0406,124.96,5582.0,1.49795,0.99,0.29285,81.3795
Kepler-193 c,Kepler-193,50.697494,2.75,16.026,595.0,6335.0,1.147,1.051,0.09956,1009.1
Kepler-207 b,Kepler-207,1.611865,1.57,4097.318,1930.0,5920.0,1.588,1.313,0.5343,875.519
Kepler-313 b,Kepler-313,14.970418,2.53,142.4,883.0,5727.0,1.536,1.114,0.31196,1079.39524871
Kepler-120 c,Kepler-120,12.794585,1.53,16.625,455.0,4096.0,0.534,0.654,-0.67701,388.63
Kepler-238 e,Kepler-238,23.654,5.6,98.461,731.0,5800.0,0.96,1.06,0.43048,1798.75
Kepler-328 b,Kepler-328,34.921,2.3,57.079,602.0,6064.0,1.06,1.15,0.44013,2213.19
Kepler-280 b,Kepler-280,2.139542,1.45,821.894,1425.0,5744.0,0.886,0.962,-0.06437,780.361
Kepler-275 c,Kepler-275,16.088134,3.38,146.5,875.0,6165.0,1.383,1.189,0.44934,2034.25
Kepler-214 b,Kepler-214,15.660544,2.61,196.402,758.0,6169.0,1.352,1.11,0.5108,1208.44
Kepler-219 c,Kepler-219,22.714613,3.58,54.105,766.0,5786.0,1.491,1.164,0.2139,787.07
Kepler-331 b,Kepler-331,8.457496,1.82,35.984,540.0,4347.0,0.492,0.653,-0.78358,580.119
Kepler-340 c,Kepler-340,22.824669,3.37,154.653,946.0,6620.0,1.85,1.65,0.86749,808.762
TOI-4438 b,TOI-4438,7.446295,2.4,6.0,446.0,3501.0,0.365,0.345,-1.76802,30.0346
Kepler-293 b,Kepler-293,19.254196,3.07,28.944,657.0,5804.0,0.957,0.934,-0.23265,974.633
Kepler-291 b,Kepler-291,3.546511,2.16,627.374,1212.0,6002.0,1.016,1.023,0.07135,1786.48
Kepler-224 d,Kepler-224,11.349393,2.3,36.293,610.0,5018.0,0.676,0.777,-0.51445,782.088
Kepler-124 c,Kepler-124,13.821375,1.75,30.716,560.0,4984.0,0.636,0.706,-0.46737,420.046
DMPP-7 b,DMPP-7,4.92666,9.78,749.4682,1456.0,6096.0,1.49,1.23,0.44113,101.386
HD 127195 b,HD 127195,534.5,14.0,,,4981.0,4.16,1.34,0.98272,84.7167
Kepler-111 b,Kepler-111,3.341815,1.58,677.503,1356.0,5952.0,1.157,1.171,0.19471,657.223
Kepler-148 c,Kepler-148,4.180043,3.6,187.197,957.0,5272.0,0.851,0.86,-0.38342,791.163
Kepler-179 b,Kepler-179,2.735926,1.64,360.262,1075.0,5302.0,0.759,0.893,-0.27765,605.68
Kepler-290 c,Kepler-290,36.77031,2.7,6.596,437.0,5147.0,0.743,0.756,-0.58591,694.627
Kepler-302 c,Kepler-302,127.282184,12.45,4.585,392.0,5740.0,1.22,1.021,0.04949,1402.58
Kepler-226 b,Kepler-226,3.940997,1.55,270.402,1018.0,5571.0,0.802,0.904,-0.23921,980.138
Kepler-333 b,Kepler-333,12.551158,1.32,16.819,480.0,4259.0,0.534,0.601,-0.92812,324.413
Kepler-343 b,Kepler-343,8.96855,2.41,206.072,1024.0,5807.0,1.433,1.055,0.2162,927.193
Kepler-197 d,Kepler-197,15.677563,1.22,109.091,810.0,6004.0,1.12,0.857,0.22187,330.575
TOI-762 A b,TOI-762 A,3.4716826,8.33948164,17.0012,555.4,3266.0,0.425,0.442,-1.73283,98.4458
Kepler-125 b,Kepler-125,4.164389,2.37,33.184,590.0,3810.0,0.512,0.542101,-1.3279,183.365
Kepler-306 c,Kepler-306,7.240193,2.35,70.449,716.0,4954.0,0.719,0.75,-0.4693,775.679
Kepler-53 d,Kepler-53,9.751962,2.12,144.852,870.0,6085.0,0.958,0.966,0.03558,1366.07
Kepler-238 d,Kepler-238,13.233549,3.07,213.48,888.0,5751.0,1.43,1.229,0.43048,1798.75
Kepler-127 d,Kepler-127,48.630408,2.64,31.519,590.0,6106.0,1.359,1.248,0.40651,352.794
Kepler-222 c,Kepler-222,10.08881,4.64,59.076,734.0,5433.0,0.869,0.933,-0.33784,758.854
Kepler-257 d,Kepler-257,24.664551,4.95,15.2,567.0,5180.0,1.037,0.916,-0.37756,780.256
Kepler-308 b,Kepler-308,9.694928,2.12,108.64,833.0,5895.0,0.941,0.92,-0.11567,1335.92
Kepler-310 c,Kepler-310,56.47542,3.38,7.109,417.0,5797.0,0.876,0.854,-0.23934,602.268
Kepler-242 c,Kepler-242,14.496481,2.0,20.498,613.0,5020.0,0.85,0.748,-0.61267,600.241
Kepler-241 c,Kepler-241,36.065978,2.57,5.88,397.0,4699.0,0.668,0.671,-0.60729,512.0
Kepler-351 c,Kepler-351,57.24809,3.19,6.712,431.0,5643.0,0.854,0.81,-0.38644,1083.91
Kepler-341 c,Kepler-341,8.01041,1.7,237.43,940.0,6012.0,1.024,0.976,0.12721,1047.03
Kepler-166 c,Kepler-166,34.260281,2.38,10.507,468.0,5413.0,0.742,0.811,-0.38508,603.53
Kepler-108 c,Kepler-108,190.323494,8.18,7.8,426.0,5854.0,2.192,1.247,0.707,338.732
Kepler-311 b,Kepler-311,9.176092,1.7,201.362,960.0,5905.0,1.188,0.994,0.19328,778.654
Kepler-276 b,Kepler-276,14.12841,2.87,58.586,739.0,6105.0,1.046,0.845,-0.08948,1144.86
Kepler-254 c,Kepler-254,12.412183,2.15,67.225,787.0,5957.0,0.91,0.849,-0.12491,1389.48
Kepler-268 c,Kepler-268,83.446393,3.38,13.662,471.0,6081.0,1.274,1.109,0.31808,851.87
Kepler-321 c,Kepler-321,13.093921,2.32,80.103,752.0,5740.0,1.194,1.024,-0.00798,384.542
Kepler-349 b,Kepler-349,5.929778,1.9,248.274,972.0,5956.0,0.927,1.083,-0.0073,940.724
Kepler-108 b,Kepler-108,49.183921,8.65,47.4,669.0,5854.0,2.192,1.247,0.707,338.732
Kepler-264 b,Kepler-264,40.806231,3.33,79.478,772.0,6158.0,1.55,1.426,0.68915,942.173
Kepler-279 b,Kepler-279,12.309681,3.62,249.021,1104.0,6363.0,1.746,1.2,0.5188,1037.4
Kepler-286 c,Kepler-286,3.468095,1.37,353.0,1098.0,5580.0,0.863,0.83,-0.11623,1226.85
Kepler-171 c,Kepler-171,11.463462,2.56,78.905,752.0,5642.0,0.839,0.978,-0.07917,863.855
Kepler-238 b,Kepler-238,2.090876,1.73,2500.588,1642.0,5751.0,1.43,1.229,0.43048,1798.75
Kepler-329 c,Kepler-329,18.684737,1.93,11.869,402.0,4257.0,0.523,0.602,-0.97062,439.719
Kepler-345 c,Kepler-345,9.387427,1.2,25.83,575.0,4504.0,0.623,0.61,-0.49534,260.0
Kepler-263 b,Kepler-263,16.568087,2.67,24.308,548.0,5265.0,0.785,0.793,-0.45614,754.747
Kepler-268 b,Kepler-268,25.934138,2.55,64.933,695.0,6081.0,1.274,1.109,0.31808,851.87
Kepler-287 b,Kepler-287,20.342199,2.33,35.75,667.0,5806.0,1.032,0.963,-0.13438,835.86
Kepler-290 b,Kepler-290,14.589347,2.25,22.637,594.0,5147.0,0.743,0.756,-0.58591,694.627
TOI-4409 b,TOI-4409,92.491789,7.44,2.0466,305.05,4928.0,0.72,0.763,-0.56976,179.419
Kepler-148 b,Kepler-148,1.729366,1.8,609.017,1284.0,5272.0,0.851,0.86,-0.38342,791.163
HD 13908 c,HD 13908,931.0,12.8,0.9705,273.57,6255.0,1.67,1.29,0.602,79.5515
HD 159243 b,HD 159243,12.62,13.7,107.452,942.13,6123.0,1.12,1.125,0.114,73.3055
Kepler-292 d,Kepler-292,7.055679,2.23,103.005,808.0,5299.0,0.826,0.865,-0.33691,1056.48
Kepler-297 c,Kepler-297,74.920137,6.54,6.86,409.0,5619.0,0.915,0.927,-0.09608,692.14
Kepler-150 e,Kepler-150,30.826557,3.12,19.671,544.0,5560.0,0.939,0.956,-0.16141,891.092
Kepler-178 c,Kepler-178,20.552802,2.88,30.546,656.0,5676.0,1.066,0.852,-0.20778,716.025
HD 73526 c,HD 73526,379.1,13.3,2.0521,329.17,5601.0,1.53,1.014,0.33788,97.2396
HD 106906 b,HD 106906,,12.4,0.0,1800.0,6516.0,2.12351,1.5,0.75,103.029
Kepler-267 b,Kepler-267,3.353728,1.98,45.843,615.0,4258.0,0.555,0.541571,-1.22915,264.993
Kepler-273 b,Kepler-273,2.936532,1.5,285.636,1209.0,5626.0,0.815,0.756,-0.34099,713.964
Kepler-306 b,Kepler-306,4.646186,1.52,127.255,830.0,4954.0,0.719,0.75,-0.4693,775.679
Kepler-309 c,Kepler-309,105.356383,2.51,2.142,204.0,4713.0,0.721,0.816,-0.574,544.568
Kepler-207 c,Kepler-207,3.071571,1.5,1742.715,1556.0,5920.0,1.588,1.313,0.5343,875.519
Kepler-224 b,Kepler-224,3.132924,1.39,201.489,937.0,5018.0,0.676,0.777,-0.51445,782.088
Kepler-265 c,Kepler-265,17.028937,2.63,65.359,755.0,5835.0,1.103,0.97,0.00548,1280.25
Kepler-269 b,Kepler-269,5.326718,2.47,604.9,1007.0,5847.0,0.959,0.92,0.36836,2257.32
Kepler-119 c,Kepler-119,4.125103,0.92,367.322,1016.0,5595.0,0.839,0.918,-0.0366,701.996
Kepler-130 b,Kepler-130,8.457458,1.02,221.731,982.0,5884.0,1.127,0.927,0.19831,316.663
Kepler-235 e,Kepler-235,46.183669,2.22,1.33,306.0,4255.0,0.554,0.581,-1.10237,428.018
Kepler-228 b,Kepler-228,2.566546,1.53,863.776,1360.0,6043.0,1.014,1.006,0.11115,1644.61
Kepler-305 b,Kepler-305,5.487,3.6,112.914,836.0,5080.0,0.8,0.76,-0.42318,868.477
Kepler-277 c,Kepler-277,33.006,3.36,83.898,778.0,5946.0,1.69,1.12,0.56791,976.643
Kepler-301 b,Kepler-301,2.508553,1.35,665.437,1278.0,5815.0,0.9,1.022,-0.07963,719.166
Kepler-300 c,Kepler-300,40.714955,2.25,43.248,516.0,5986.0,0.9,1.07,0.33994,1098.45
Kepler-133 b,Kepler-133,8.129976,1.76,408.58,1041.0,5736.0,1.425,1.02,0.4105,653.6
Kepler-152 c,Kepler-152,88.255055,2.39,2.57,326.0,5088.0,0.724,0.779,-0.46488,441.09
TIC 46432937 b,TIC 46432937,1.44044527,13.31626907,115.1312,872.0,3572.0,0.5299,0.563,-1.3851,90.5369
Kepler-138 e,Kepler-138,38.23,0.797,1.73,292.0,3841.0,0.535,0.535,-1.25181,66.8624
Kepler-299 c,Kepler-299,6.885875,2.65,198.554,946.0,5617.0,1.032,1.004,-0.04352,1052.24
Kepler-298 b,Kepler-298,10.475464,1.96,24.707,540.0,4465.0,0.582,0.66,-0.73284,518.204
Kepler-157 b,Kepler-157,1.732342,1.32,1572.309,1546.0,5774.0,1.044,0.95,0.09117,773.713
Kepler-162 b,Kepler-162,6.919798,1.26,305.946,961.0,5816.0,0.958,1.053,0.1554,855.641
Kepler-249 d,Kepler-249,15.368459,1.57,4.474,332.0,3568.0,0.482,0.510238,-1.49485,190.401
Kepler-254 d,Kepler-254,18.746477,2.5,38.844,686.0,5957.0,0.91,0.849,-0.12491,1389.48
Kepler-114 c,Kepler-114,8.041,1.6,51.623,507.0,4660.0,0.54,0.56,-0.6853,259.533
Kepler-145 b,Kepler-145,22.951,2.65,154.705,873.0,6022.0,1.85,1.32,0.69164,566.85
Kepler-295 b,Kepler-295,12.645164,1.22,287.5,741.0,5603.0,0.898,0.89,0.62949,1699.19
Kepler-288 c,Kepler-288,19.305772,2.85,53.148,815.0,5918.0,1.091,0.842,0.05605,1194.15
Kepler-286 d,Kepler-286,5.914323,1.33,173.9,919.0,5580.0,0.863,0.83,-0.11623,1226.85
Kepler-312 c,Kepler-312,19.747412,3.15,165.824,754.0,6115.0,1.467,1.314,0.59751,797.72
Kepler-287 c,Kepler-287,44.851896,3.26,12.457,513.0,5806.0,1.032,0.963,-0.13438,835.86
Kepler-285 b,Kepler-285,2.633867,1.34,428.407,1131.0,5411.0,0.808,0.915,-0.27923,824.31
Kepler-178 d,Kepler-178,96.678988,3.95,3.874,392.0,5676.0,1.066,0.852,-0.20778,716.025
Kepler-183 b,Kepler-183,5.687945,2.06,281.845,1088.0,5888.0,0.958,0.99,0.026,1050.64
Kepler-315 b,Kepler-315,96.101141,3.77,6.674,409.0,5796.0,1.037,0.831,0.00383,1160.63
Kepler-316 c,Kepler-316,6.827766,1.16,37.377,577.0,4204.0,0.52,0.587,-0.93554,384.938
Kepler-284 b,Kepler-284,12.699149,2.24,38.366,686.0,5615.0,0.814,0.766,-0.34097,1031.95
Kepler-281 c,Kepler-281,36.337373,5.31,35.203,513.0,5723.0,0.899,0.95,0.14638,1745.45
Kepler-85 d,Kepler-85,17.91323,1.2,38.39,626.0,5436.0,0.893,0.947,-0.2123,765.025
Kepler-353 b,Kepler-353,5.795278,0.89,27.189,534.0,3903.0,0.504,0.553,-1.18709,384.694
Kepler-372 c,Kepler-372,20.053763,2.09,91.881,755.0,6509.0,1.137,1.202,0.32073,1493.95
Kepler-374 c,Kepler-374,3.282807,1.1,966.591,1467.0,5977.0,0.911,1.033,0.27435,1265.61
Kepler-151 c,Kepler-151,24.674612,2.09,21.407,544.0,5460.0,0.83,0.87,-0.33413,649.919
Kepler-386 c,Kepler-386,25.193458,1.58,16.657,513.0,5178.0,0.767,0.825,-0.40199,882.462
Kepler-213 c,Kepler-213,4.822962,2.34,339.536,1060.0,5696.0,1.195,1.07,0.082,634.939
Kepler-211 b,Kepler-211,4.138575,1.26,158.188,954.0,5123.0,0.816,0.867,-0.4133,309.353
Kepler-355 b,Kepler-355,11.03189,1.46,154.803,840.0,6184.0,1.066,0.933,0.19516,1432.17
Kepler-356 b,Kepler-356,4.612696,1.57,844.979,1294.0,6133.0,1.335,1.163,0.46128,707.559
Kepler-355 c,Kepler-355,25.762294,2.71,49.973,633.0,6184.0,1.066,0.933,0.19516,1432.17
Kepler-356 c,Kepler-356,13.121632,1.81,209.368,913.0,6133.0,1.335,1.163,0.46128,707.559
Kepler-387 b,Kepler-387,6.791636,1.03,304.081,994.0,5774.0,1.046,0.85,0.13738,801.052
Kepler-388 b,Kepler-388,3.173315,0.81,112.21,830.0,4498.0,0.586,0.635,-0.43932,425.0
Kepler-404 b,Kepler-404,11.829851,1.27,44.534,730.0,5654.0,0.884,0.86,-0.33704,812.524
Kepler-221 d,Kepler-221,10.04156,2.73,56.293,712.0,5243.0,0.821,0.854,-0.40429,385.231
Kepler-357 b,Kepler-357,6.475434,1.84,69.57,793.0,5036.0,0.834,0.794,-0.55635,688.573
Kepler-358 b,Kepler-358,34.060467,2.72,21.805,554.0,5908.0,0.954,0.94,-0.13809,1101.1
Kepler-376 c,Kepler-376,14.172327,1.79,168.29,873.0,5900.0,1.175,0.968,0.35663,923.067
Kepler-378 b,Kepler-378,16.092361,0.75,17.819,503.0,4661.0,0.671,0.78,-0.65539,152.094
Kepler-389 b,Kepler-389,3.244107,1.51,167.058,1047.0,5376.0,0.792,0.765,-0.51588,816.559
Kepler-118 b,Kepler-118,7.518496,1.96,79.753,784.0,5274.0,1.094,0.811,-0.37737,574.228
Kepler-359 b,Kepler-359,25.563222,3.53,23.9,671.0,6248.0,1.086,0.827,-0.09657,1443.21
Kepler-363 c,Kepler-363,7.542427,1.69,376.29,1054.0,5593.0,1.485,1.226,0.36465,762.596
Kepler-379 c,Kepler-379,62.784697,2.29,19.793,530.0,6054.0,1.306,1.125,0.27953,731.274
Kepler-112 c,Kepler-112,28.574263,2.4,24.255,538.0,5544.0,0.841,0.782,-0.08612,513.206
Kepler-163 b,Kepler-163,7.810937,1.05,115.612,906.0,5776.0,0.917,0.882,-0.13799,689.814
Kepler-390 b,Kepler-390,6.738088,0.82,99.972,786.0,5166.0,0.776,0.787,-0.352,435.277
Kepler-52 d,Kepler-52,36.445171,1.95,2.945,332.0,4263.0,0.556,0.577,-0.99568,321.542
Kepler-231 b,Kepler-231,10.065275,1.73,14.879,488.0,3767.0,0.49,0.58,-1.03621,316.618
Kepler-357 d,Kepler-357,49.499875,3.43,4.619,402.0,5036.0,0.834,0.794,-0.55635,688.573
Kepler-358 c,Kepler-358,83.488369,2.85,6.599,411.0,5908.0,0.954,0.94,-0.13809,1101.1
Kepler-139 b,Kepler-139,15.771044,2.94,64.78,752.0,5594.0,1.3,1.078,0.01598,391.038
Kepler-172 d,Kepler-172,14.627119,2.25,75.29,736.0,5526.0,1.085,1.081,-0.03187,828.592
Kepler-237 b,Kepler-237,4.715106,1.41,124.961,823.0,4861.0,0.725,0.696,-0.47742,657.822
Kepler-235 c,Kepler-235,7.824904,1.28,14.2,555.0,4255.0,0.554,0.581,-1.10237,428.018
Kepler-363 b,Kepler-363,3.614568,1.16,1000.243,1347.0,5593.0,1.485,1.226,0.36465,762.596
Kepler-272 b,Kepler-272,2.971353,1.43,801.741,1200.0,5297.0,0.929,0.91,0.06634,889.608
Kepler-353 c,Kepler-353,8.410894,1.38,16.561,472.0,3903.0,0.504,0.553,-1.18709,384.694
Kepler-359 c,Kepler-359,57.68802,4.3,8.1,512.0,6248.0,1.086,0.827,-0.09657,1443.21
Kepler-173 b,Kepler-173,4.263742,1.29,599.495,1179.0,6031.0,0.949,1.067,0.07365,833.165
Kepler-175 c,Kepler-175,34.035257,3.1,31.95,583.0,6064.0,1.01,0.969,0.19402,1312.34
Kepler-141 c,Kepler-141,7.010606,1.41,77.412,738.0,4910.0,0.787,0.878,-0.44625,301.183
Kepler-239 c,Kepler-239,56.228098,2.51,4.315,366.0,4914.0,0.763,0.757,-0.47489,648.109
Kepler-367 c,Kepler-367,53.578637,1.2,3.761,357.0,4710.0,0.695,0.768,-0.61671,188.027
Kepler-143 c,Kepler-143,27.082511,3.37,58.7,703.0,5848.0,1.359,0.982,0.29363,809.467
Kepler-360 b,Kepler-360,3.289672,1.65,415.434,1116.0,6053.0,1.058,0.994,-0.13236,876.044
Kepler-49 e,Kepler-49,18.596108,1.56,6.063,371.0,4252.0,0.559,0.549,-1.13077,311.222
Kepler-140 b,Kepler-140,3.25427,1.61,848.695,1301.0,6077.0,1.288,1.044,0.25061,583.859
Kepler-392 b,Kepler-392,5.341853,1.0,450.654,1125.0,5938.0,1.129,0.874,0.19453,681.428
Kepler-122 b,Kepler-122,5.766193,2.34,448.102,1159.0,6050.0,1.216,0.982,0.26993,1027.45
Kepler-243 c,Kepler-243,20.026218,1.99,21.72,559.0,5228.0,0.842,0.904,-0.37337,693.86
Kepler-374 d,Kepler-374,5.028219,1.31,548.099,1272.0,5977.0,0.911,1.033,0.27435,1265.61
Kepler-375 b,Kepler-375,12.125934,1.45,64.444,851.0,5826.0,0.837,0.891,-0.16278,1238.81
Kepler-116 c,Kepler-116,13.07163,2.3,208.982,964.0,6142.0,1.454,1.198,0.42073,955.168
Kepler-280 c,Kepler-280,4.807091,2.01,279.085,1088.0,5744.0,0.886,0.962,-0.06437,780.361
TOI-3053 b,TOI-3053,2.9919987,13.56286665,460.0,1290.0,5378.0,0.97,0.96,-0.1605,337.627
Kepler-133 c,Kepler-133,31.517586,2.84,67.161,663.0,5736.0,1.425,1.02,0.4105,653.6
Kepler-246 c,Kepler-246,11.187161,1.5,43.208,667.0,5206.0,0.831,0.853,-0.41338,626.078
Kepler-251 e,Kepler-251,99.640161,2.77,3.548,360.0,5526.0,0.89,0.891,-0.17197,924.625
Kepler-326 c,Kepler-326,4.580358,1.4,303.62,889.0,5105.0,0.801,0.91,-0.15657,487.675
K2-24 b,K2-24,20.8895961,5.638,52.0,732.0,5726.0,1.185,1.091,0.15836,170.562
Kepler-281 b,Kepler-281,14.646008,2.82,118.246,694.0,5723.0,0.899,0.95,0.14638,1745.45
Kepler-288 b,Kepler-288,6.097326,1.67,247.301,1197.0,5918.0,1.091,0.842,0.05605,1194.15
Kepler-393 b,Kepler-393,9.182417,1.29,429.813,1052.0,6189.0,1.382,1.256,0.52394,881.404
Kepler-394 b,Kepler-394,8.005013,1.6,164.78,1035.0,6402.0,1.132,0.87,0.05347,1058.72
Kepler-26 e,Kepler-26,46.827915,2.41,1.753,276.0,4486.0,0.571,0.593,-1.06048,335.307
Kepler-255 b,Kepler-255,5.714606,1.55,174.395,971.0,5573.0,0.933,0.867,-0.18311,1052.53
Kepler-344 b,Kepler-344,21.963945,2.61,27.327,643.0,5774.0,0.976,0.931,-0.18481,1002.94
Kepler-342 b,Kepler-342,15.170318,2.25,160.261,905.0,6175.0,1.472,1.213,0.45345,781.611
Kepler-291 c,Kepler-291,5.700786,1.88,332.737,1035.0,6002.0,1.016,1.023,0.07135,1786.48
Kepler-293 c,Kepler-293,54.155743,3.83,7.287,466.0,5804.0,0.957,0.934,-0.23265,974.633
Kepler-189 b,Kepler-189,10.399931,1.21,45.389,678.0,5235.0,0.75,0.803,-0.44774,591.534
Kepler-191 c,Kepler-191,17.738506,1.86,23.2,596.0,5282.0,0.789,0.857,-0.4145,594.464
Kepler-258 c,Kepler-258,33.653079,3.61,7.985,470.0,4942.0,0.915,0.82,-0.57541,575.988
Kepler-337 c,Kepler-337,9.693201,2.05,376.21,1017.0,5684.0,1.761,1.081,0.48057,677.975
Kepler-298 c,Kepler-298,22.92881,1.93,8.696,416.0,4465.0,0.582,0.66,-0.73284,518.204
Kepler-300 b,Kepler-300,10.446347,1.67,265.186,812.0,5986.0,0.9,1.07,0.33994,1098.45
Kepler-137 b,Kepler-137,8.436387,1.47,86.33,742.0,5187.0,0.802,0.85,-0.29234,302.979
Kepler-261 c,Kepler-261,24.570858,2.0,14.512,505.0,5098.0,0.794,0.834,-0.471,317.499
Kepler-265 b,Kepler-265,6.846262,1.86,220.328,1022.0,5835.0,1.103,0.97,0.00548,1280.25
Kepler-339 b,Kepler-339,4.977656,1.42,159.945,1023.0,5631.0,0.802,0.87,-0.31322,616.637
Kepler-325 b,Kepler-325,4.544439,2.91,210.554,1017.0,5752.0,1.003,0.914,-0.25468,823.242
Kepler-126 b,Kepler-126,10.495711,1.52,298.088,1009.0,6239.0,1.358,1.108,0.452,237.401
Kepler-380 b,Kepler-380,3.930821,1.19,808.093,1317.0,6045.0,1.224,0.99,0.2776,813.713
Kepler-397 c,Kepler-397,135.498527,6.18,1.8,295.0,5307.0,0.767,0.844,-0.376,969.0
Kepler-411 b,Kepler-411,3.005156,2.401,201.3,1138.0,4974.0,0.82,0.87,-0.57899,153.676
TOI-2095 c,TOI-2095,28.17232,1.33,1.84,297.0,3759.0,0.44,0.44,-1.45892,41.9176
Kepler-416 d,Kepler-416,3.07644709,1.61,583.25,1253.0,5670.0,1.022,0.949,0.02791,690.819
TOI-4504 b,TOI-4504,2.4261516,2.65,548.0544,1345.0,5315.0,0.93,0.875,-0.20761,342.605
Kepler-46 c,Kepler-46,57.011,13.5,7.0957,455.0,5155.0,0.938,0.902,-0.255,777.06
Kepler-188 b,Kepler-188,2.061897,1.68,1069.235,1463.0,6021.0,1.141,1.021,0.03447,968.544
Kepler-362 c,Kepler-362,37.866281,1.45,36.667,543.0,5788.0,0.722,0.904,0.20872,1090.51
Kepler-136 c,Kepler-136,16.399235,1.99,162.044,847.0,6165.0,1.355,1.204,0.46678,420.818
Kepler-381 c,Kepler-381,13.391635,1.12,225.331,1180.0,6152.0,1.568,1.144,0.5139,267.323
Kepler-398 b,Kepler-398,4.081423,0.93,81.287,755.0,4493.0,0.613,0.649,-0.81101,177.355
Kepler-136 b,Kepler-136,11.5789,2.05,257.984,951.0,6165.0,1.355,1.204,0.46678,420.818
Kepler-272 d,Kepler-272,10.937304,2.25,141.135,777.0,5297.0,0.929,0.91,0.06634,889.608
Kepler-206 d,Kepler-206,23.44281,1.19,44.17,681.0,5764.0,1.185,0.957,0.08357,594.447
Kepler-141 b,Kepler-141,3.107675,0.69,228.663,968.0,4910.0,0.787,0.878,-0.44625,301.183
Kepler-399 d,Kepler-399,58.034616,1.89,5.57,486.0,5502.0,0.68,0.902,-0.418,740.537
Kepler-400 b,Kepler-400,9.024389,1.65,183.39,939.0,5886.0,1.145,1.08,0.152,845.97
Kepler-366 b,Kepler-366,3.281959,1.46,1873.311,1326.0,6209.0,1.048,1.088,0.57277,1856.28
Kepler-367 b,Kepler-367,37.815724,1.3,5.985,401.0,4710.0,0.695,0.768,-0.61671,188.027
Kepler-135 b,Kepler-135,6.00253,1.81,496.678,1209.0,6090.0,1.275,1.047,0.44809,621.855
Kepler-383 b,Kepler-383,12.904532,1.32,20.91,545.0,4710.0,0.672,0.669,-0.698,470.0
Kepler-401 b,Kepler-401,14.383035,1.71,254.25,889.0,6117.0,1.333,1.173,0.56611,965.56
Kepler-402 c,Kepler-402,6.124821,1.56,353.973,1140.0,6090.0,1.264,1.072,0.2035,625.339
Kepler-351 b,Kepler-351,37.054919,3.06,11.983,498.0,5643.0,0.854,0.81,-0.38644,1083.91
Kepler-350 b,Kepler-350,11.189562,1.85,257.721,1037.0,6186.0,1.534,1.19,0.42842,956.859
Kepler-369 c,Kepler-369,14.871572,1.41,4.21,391.0,3591.0,0.471,0.5,-1.42022,214.0
Kepler-371 b,Kepler-371,34.763278,1.89,41.737,554.0,5666.0,0.992,0.876,0.24392,813.192
Kepler-147 b,Kepler-147,12.610584,1.53,224.61,953.0,6012.0,1.468,1.145,0.42733,1042.02
Kepler-132 d,Kepler-132,18.010199,1.55,68.6,758.0,6003.0,1.178,0.929,0.211,349.549
Kepler-200 c,Kepler-200,10.222157,1.59,126.361,806.0,5678.0,0.944,0.972,0.00778,665.912
Kepler-215 e,Kepler-215,68.16101,1.75,7.444,405.0,5739.0,1.027,0.788,-0.1172,485.997
Kepler-347 c,Kepler-347,27.320871,1.75,65.707,705.0,6088.0,1.005,0.922,0.34232,1298.88
Kepler-202 b,Kepler-202,4.069427,1.63,108.504,802.0,4668.0,0.667,0.683,-0.63817,285.111
Kepler-84 f,Kepler-84,44.552169,2.2,25.3,572.0,6031.0,1.169,1.06,0.212,1023.9
Kepler-310 b,Kepler-310,13.930698,1.19,45.97,665.0,5797.0,0.876,0.854,-0.23934,602.268
Kepler-270 c,Kepler-270,25.262887,1.77,62.241,756.0,6067.0,1.461,1.17,0.31211,948.781
Kepler-24 d,Kepler-24,4.244384,1.67,601.895,1305.0,5897.0,1.289,1.046,0.064,1156.81
Kepler-217 c,Kepler-217,8.586004,1.85,730.808,1208.0,6171.0,1.799,1.342,0.75356,1104.64
Kepler-220 e,Kepler-220,45.902733,1.33,4.274,341.0,4632.0,0.666,0.729,-0.67594,171.109
Kepler-313 c,Kepler-313,32.273273,2.57,51.1,683.0,5727.0,1.536,1.114,0.31196,1079.39524871
Kepler-311 c,Kepler-311,19.738286,1.43,72.456,744.0,5905.0,1.188,0.994,0.19328,778.654
Kepler-282 c,Kepler-282,13.638723,1.2,116.117,717.0,5602.0,0.904,0.86,0.10587,1337.61
Kepler-286 e,Kepler-286,29.221289,1.77,20.6,539.0,5580.0,0.863,0.83,-0.11623,1226.85
Kepler-204 b,Kepler-204,14.400974,2.53,79.703,828.0,5812.0,1.238,1.038,0.02981,686.723
Kepler-359 d,Kepler-359,77.095691,4.01,5.5,464.0,6248.0,1.086,0.827,-0.09657,1443.21
Kepler-314 b,Kepler-314,2.461069,0.83,488.674,1195.0,5378.0,0.95,0.99,-0.22569,268.881
Kepler-316 b,Kepler-316,2.240508,1.06,164.776,837.0,4204.0,0.52,0.587,-0.93554,384.938
Kepler-288 d,Kepler-288,56.633742,2.67,12.659,570.0,5918.0,1.091,0.842,0.05605,1194.15
Kepler-149 b,Kepler-149,29.198943,4.21,23.64,540.0,5381.0,0.953,1.013,-0.11929,571.034
Kepler-372 b,Kepler-372,6.849692,1.36,384.627,1081.0,6509.0,1.137,1.202,0.32073,1493.95
Kepler-205 b,Kepler-205,2.75564,1.51,102.562,757.0,4321.0,0.546,0.592,-0.95618,159.72
Kepler-361 b,Kepler-361,8.486616,1.45,411.905,1060.0,6169.0,1.343,1.191,0.45876,930.32
Kepler-317 c,Kepler-317,8.77501,1.72,81.761,837.0,5497.0,0.941,0.865,-0.2078,940.584
Kepler-319 d,Kepler-319,31.781925,2.29,17.962,528.0,5526.0,0.903,0.933,-0.18116,503.436
Kepler-295 d,Kepler-295,33.884054,1.36,104.962,533.0,5603.0,0.898,0.89,0.62949,1699.19
Kepler-308 c,Kepler-308,15.38231,2.16,58.679,714.0,5895.0,0.941,0.92,-0.11567,1335.92
Kepler-234 b,Kepler-234,2.711506,3.7,1007.716,1420.0,6224.0,1.113,1.129,0.23955,1733.1
Kepler-378 c,Kepler-378,28.906009,0.7,8.166,414.0,4661.0,0.671,0.78,-0.65539,152.094
Kepler-321 b,Kepler-321,4.915379,1.77,296.155,1042.0,5740.0,1.194,1.024,-0.00798,384.542
Kepler-322 b,Kepler-322,1.653888,1.01,735.179,1373.0,5388.0,0.89,0.908,-0.28786,400.48
Kepler-397 b,Kepler-397,22.250949,2.46,20.01,539.0,5307.0,0.767,0.844,-0.376,969.0
Kepler-198 b,Kepler-198,17.790037,2.82,44.549,655.0,5574.0,0.94,0.995,-0.1089,495.358
Kepler-386 b,Kepler-386,12.31043,1.39,43.262,651.0,5178.0,0.767,0.825,-0.40199,882.462
Kepler-206 c,Kepler-206,13.137471,1.77,95.51,825.0,5764.0,1.185,0.957,0.08357,594.447
Kepler-173 c,Kepler-173,8.005777,2.43,258.418,956.0,6031.0,0.949,1.067,0.07365,833.165
Kepler-250 b,Kepler-250,4.148141,1.13,148.103,938.0,5160.0,0.805,0.806,-0.45709,760.585
Kepler-325 c,Kepler-325,12.762172,2.54,53.044,721.0,5752.0,1.003,0.914,-0.25468,823.242
Kepler-157 c,Kepler-157,13.5405,2.24,101.754,779.0,5774.0,1.044,0.95,0.09117,773.713
Kepler-392 c,Kepler-392,10.423118,1.1,185.098,901.0,5938.0,1.129,0.874,0.19453,681.428
Kepler-365 c,Kepler-365,17.784129,1.64,66.87,729.0,6012.0,1.048,1.02,0.112,1038.99
Kepler-243 b,Kepler-243,5.715442,2.45,115.505,850.0,5228.0,0.842,0.904,-0.37337,693.86
Kepler-402 e,Kepler-402,11.242861,1.46,157.481,931.0,6090.0,1.264,1.072,0.2035,625.339
Kepler-402 d,Kepler-402,8.921099,1.38,214.277,1006.0,6090.0,1.264,1.072,0.2035,625.339
Kepler-147 c,Kepler-147,33.416423,2.43,61.287,689.0,6012.0,1.468,1.145,0.42733,1042.02
Kepler-183 c,Kepler-183,11.637071,2.27,108.717,857.0,5888.0,0.958,0.99,0.026,1050.64
Kepler-244 b,Kepler-244,4.311792,2.76,242.471,1038.0,5554.0,0.803,0.933,-0.25619,1036.49
Kepler-209 b,Kepler-209,16.087845,2.26,48.662,668.0,5513.0,0.935,0.971,-0.12879,576.946
Kepler-127 b,Kepler-127,14.435889,1.4,159.163,884.0,6106.0,1.359,1.248,0.40651,352.794
Kepler-403 c,Kepler-403,54.280749,1.75,45.154,604.0,6090.0,1.329,1.299,0.64405,840.269
Kepler-376 b,Kepler-376,4.920199,1.07,689.912,1242.0,5900.0,1.175,0.968,0.35663,923.067
Kepler-331 c,Kepler-331,17.28111,1.84,13.888,425.0,4347.0,0.492,0.653,-0.78358,580.119
Kepler-256 e,Kepler-256,10.681572,2.35,98.9,897.0,5551.0,1.301,1.037,-0.0591,1026.43
Kepler-209 c,Kepler-209,41.749882,3.1,13.637,486.0,5513.0,0.935,0.971,-0.12879,576.946
Kepler-229 d,Kepler-229,41.194912,3.85,6.162,439.0,5120.0,0.728,0.808,-0.53795,826.265
Kepler-237 c,Kepler-237,8.103636,2.08,60.642,687.0,4861.0,0.725,0.696,-0.47742,657.822
Kepler-383 c,Kepler-383,31.200751,1.24,6.44,406.0,4710.0,0.672,0.669,-0.698,470.0
Kepler-333 c,Kepler-333,24.08821,1.11,7.049,386.0,4259.0,0.534,0.601,-0.92812,324.413
Kepler-334 d,Kepler-334,25.09849,1.41,39.475,656.0,5828.0,1.068,1.022,0.05556,426.59
Kepler-156 c,Kepler-156,15.906801,2.55,28.642,588.0,5094.0,0.807,0.864,-0.43985,443.483
Kepler-405 c,Kepler-405,29.726682,4.66,14.086,557.0,5818.0,0.893,0.873,-0.33143,1065.08
Kepler-274 c,Kepler-274,33.197861,1.84,36.518,678.0,6023.0,1.007,0.883,0.2013,1333.62
Kepler-315 c,Kepler-315,265.469335,4.15,1.722,291.0,5796.0,1.037,0.831,0.00383,1160.63
Kepler-387 c,Kepler-387,11.837549,0.89,144.963,826.0,5774.0,1.046,0.85,0.13738,801.052
Kepler-388 c,Kepler-388,13.297004,0.86,16.64,515.0,4498.0,0.586,0.635,-0.43932,425.0
Kepler-337 b,Kepler-337,3.292781,1.54,1589.012,1458.0,5684.0,1.761,1.081,0.48057,677.975
Kepler-134 c,Kepler-134,10.105785,1.26,128.086,892.0,5983.0,1.176,0.956,0.06051,334.797
Kepler-140 c,Kepler-140,91.353282,1.8,9.957,428.0,6077.0,1.288,1.044,0.25061,583.859
Kepler-159 b,Kepler-159,10.139623,2.38,33.463,447.0,4625.0,0.663,0.628,-0.75443,373.744
Kepler-320 c,Kepler-320,17.934937,1.37,101.619,1002.0,6435.0,1.108,1.072,0.37419,826.613
Kepler-292 c,Kepler-292,3.715335,1.47,242.416,1001.0,5299.0,0.826,0.865,-0.33691,1056.48
Kepler-82 b,Kepler-82,26.44,4.07,19.558,562.0,5401.0,0.898,0.91,-0.18507,904.326
Kepler-122 c,Kepler-122,12.465988,5.87,160.499,897.0,6050.0,1.216,0.982,0.26993,1027.45
Kepler-149 c,Kepler-149,55.328328,1.61,10.084,436.0,5381.0,0.953,1.013,-0.11929,571.034
Kepler-164 b,Kepler-164,5.03503,1.41,370.922,1141.0,5888.0,1.148,1.036,0.11291,890.758
Kepler-320 b,Kepler-320,8.371554,1.14,280.559,1292.0,6435.0,1.108,1.072,0.37419,826.613
Kepler-338 e,Kepler-338,9.341,1.56,428.524,1143.0,5999.0,1.735,1.14,0.5857,552.798
Kepler-395 b,Kepler-395,7.054346,1.03,17.8,576.0,4262.0,0.556,0.622827,-1.194,421.382
Kepler-341 d,Kepler-341,27.666313,1.85,45.423,622.0,6012.0,1.024,0.976,0.12721,1047.03
Kepler-341 e,Kepler-341,42.473269,1.99,25.667,539.0,6012.0,1.024,0.976,0.12721,1047.03
Kepler-169 b,Kepler-169,3.250619,1.13,195.221,962.0,4997.0,0.763,0.825,-0.49611,406.529
Kepler-169 f,Kepler-169,87.090195,2.58,2.439,321.0,4997.0,0.763,0.825,-0.49611,406.529
Kepler-332 c,Kepler-332,15.995622,1.09,19.986,550.0,4955.0,0.72,0.743,-0.5837,344.19
Kepler-143 b,Kepler-143,16.007583,2.41,118.334,838.0,5848.0,1.359,0.982,0.29363,809.467
Kepler-299 b,Kepler-299,2.927128,1.32,622.067,1258.0,5617.0,1.032,1.004,-0.04352,1052.24
Kepler-301 c,Kepler-301,5.419026,1.35,238.481,989.0,5815.0,0.9,1.022,-0.07963,719.166
Kepler-342 d,Kepler-342,39.459357,2.49,44.828,658.0,6175.0,1.472,1.213,0.45345,781.611
Kepler-233 c,Kepler-233,60.418955,2.71,6.195,390.0,5360.0,0.758,0.855,-0.32754,856.417
Kepler-171 d,Kepler-171,39.595519,1.89,15.103,497.0,5642.0,0.839,0.978,-0.07917,863.855
HD 60779 b,HD 60779,29.986175,3.246,42.3921,650.0,6081.0,1.129,1.05,0.19479,35.4445
Kepler-335 c,Kepler-335,67.844469,3.07,32.035,592.0,5877.0,1.854,1.367,0.57766,1278.97
Kepler-332 d,Kepler-332,34.21154,1.18,7.253,427.0,4955.0,0.72,0.743,-0.5837,344.19
Kepler-262 b,Kepler-262,13.060855,1.36,50.169,734.0,5841.0,0.881,0.816,-0.13988,613.129
Kepler-263 c,Kepler-263,47.332773,2.47,5.994,386.0,5265.0,0.785,0.793,-0.45614,754.747
Kepler-191 b,Kepler-191,9.939632,1.34,50.2,722.0,5282.0,0.789,0.857,-0.4145,594.464
Kepler-197 e,Kepler-197,25.209715,0.91,57.941,691.0,6004.0,1.12,0.857,0.22187,330.575
Kepler-200 b,Kepler-200,8.594805,2.13,159.069,854.0,5678.0,0.944,0.972,0.00778,665.912
Kepler-201 b,Kepler-201,25.672083,2.46,64.549,683.0,6065.0,1.229,1.098,0.34816,636.445
Kepler-84 e,Kepler-84,27.434389,2.6,48.29,672.0,6031.0,1.169,1.06,0.212,1023.9
Kepler-265 e,Kepler-265,67.831024,2.59,10.354,476.0,5835.0,1.103,0.97,0.00548,1280.25
Kepler-24 e,Kepler-24,18.998355,2.78,81.506,792.0,5897.0,1.289,1.046,0.064,1156.81
Kepler-441 b,Kepler-441,207.2482,1.64,0.21,189.0,4340.0,0.55,0.572,-1.051,268.003
Kepler-253 c,Kepler-253,10.281951,2.65,51.273,680.0,5208.0,0.786,0.86,-0.38741,838.595
Kepler-214 c,Kepler-214,28.7798,2.13,87.244,619.0,6169.0,1.352,1.11,0.5108,1208.44
Kepler-170 c,Kepler-170,16.665863,2.86,50.682,702.0,5679.0,1.035,1.066,-0.05453,738.657
Kepler-205 c,Kepler-205,20.306546,1.64,7.14,389.0,4321.0,0.546,0.592,-0.95618,159.72
CoRoT-22 b,CoRoT-22,9.75598,4.88,121.8837,885.0,5939.0,1.136,1.099,0.01352,627.158
Kepler-437 b,Kepler-437,66.65062,2.14,2.15,308.0,4551.0,0.68,0.707,-0.762,304.0
Kepler-192 b,Kepler-192,9.926746,2.74,105.297,803.0,5479.0,1.007,1.028,-0.09429,651.674
Kepler-254 b,Kepler-254,5.826662,3.87,184.341,1013.0,5957.0,0.91,0.849,-0.12491,1389.48
Kepler-196 c,Kepler-196,47.427737,2.24,6.88,407.0,5128.0,0.782,0.839,-0.39257,451.312
Kepler-101 b,Kepler-101,3.4876812,5.77,1240.332,1513.0,5667.0,1.56,1.17,0.42034,927.981
Kepler-439 b,Kepler-439,178.1396,2.24,1.83,291.0,5431.0,0.866,0.884,-0.236,757.048
Kepler-256 c,Kepler-256,3.38802,2.15,457.066,1315.0,5551.0,1.301,1.037,-0.0591,1026.43
Kepler-216 c,Kepler-216,17.406669,3.04,182.057,814.0,6091.0,1.26,1.126,0.51836,1187.47
Kepler-184 c,Kepler-184,20.303005,1.97,29.875,630.0,5788.0,0.873,0.872,-0.22509,610.326
KIC 10001893 d,KIC 10001893,0.81161,,,,27500.0,0.18,0.47,1.43069,1672.94
KIC 10001893 b,KIC 10001893,0.2197,,,,27500.0,0.18,0.47,1.43069,1672.94
HD 113538 c,HD 113538,1818.0,13.8,0.0151,100.28,4462.0,0.53,0.585,-1.04576,16.2817
HD 30669 b,HD 30669,1684.0,14.3,0.0987,151.45,5400.0,0.91,0.92,-0.14602,58.0844
Kepler-217 b,Kepler-217,5.374943,2.23,1366.477,1413.0,6171.0,1.799,1.342,0.75356,1104.64
Kepler-83 d,Kepler-83,5.169796,1.94,28.81,569.0,4648.0,0.594,0.58,-1.10237,400.409
Kepler-253 d,Kepler-253,18.119869,3.17,24.084,563.0,5208.0,0.786,0.86,-0.38741,838.595
Kepler-424 c,Kepler-424,223.3,12.7,1.3285,298.76,5460.0,0.94,1.01,-0.15,698.646
Kepler-422 b,Kepler-422,7.8914483,12.89,264.983,1028.0,5972.0,1.24,1.15,0.24,722.795
Kepler-445 c,Kepler-445,4.871229,2.51,9.177,341.0,3157.0,0.21,0.18,-2.09994,127.201
Kepler-446 b,Kepler-446,1.565409,1.5,16.213,648.0,3359.0,0.24,0.22,-2.24766,96.339
Kepler-259 b,Kepler-259,8.115317,2.8,113.451,879.0,5938.0,0.898,0.867,-0.15271,1002.14
Kepler-193 b,Kepler-193,11.38848,2.39,117.303,979.0,6335.0,1.147,1.051,0.09956,1009.1
Kepler-215 b,Kepler-215,9.360672,1.62,105.073,784.0,5739.0,1.027,0.788,-0.1172,485.997
Kepler-192 c,Kepler-192,21.2234,2.79,38.216,623.0,5479.0,1.007,1.028,-0.09429,651.674
Kepler-426 b,Kepler-426,3.21751883,12.22,410.723,1300.0,5725.0,0.92,0.91,-0.089,843.695
Kepler-424 b,Kepler-424,3.3118644,9.98,470.754,1116.0,5460.0,0.94,1.01,-0.15,698.646
Kepler-427 b,Kepler-427,10.290994,13.79,208.721,1100.0,5800.0,1.35,0.96,0.29,1017.8
HD 103720 b,HD 103720,4.5557,14.1,140.3478,926.24,5017.0,0.73,0.794,-0.45834,45.5352
Kepler-434 b,Kepler-434,12.8747099,12.67,158.285,1000.0,5977.0,1.38,1.198,0.33,1222.54
Kepler-221 c,Kepler-221,5.690586,2.93,119.836,860.0,5243.0,0.821,0.854,-0.40429,385.231
Kepler-222 b,Kepler-222,3.936981,3.16,206.769,1004.0,5433.0,0.869,0.933,-0.33784,758.854
Kepler-94 c,Kepler-94,820.3,12.5,0.0955,159.05,4781.0,0.76,0.81,-0.61348,191.904
Kepler-48 e,Kepler-48,982.0,13.4,0.1426,171.49,5194.0,0.89,0.88,-0.28926,306.738
Kepler-428 b,Kepler-428,3.52563254,12.11,195.088,1070.0,5150.0,0.8,0.87,-0.39,686.284
Kepler-425 b,Kepler-425,3.79701816,10.962,229.036,1070.0,5170.0,0.86,0.93,-0.323,646.647
Kepler-224 c,Kepler-224,5.925003,3.12,86.332,758.0,5018.0,0.676,0.777,-0.51445,782.088
Kepler-407 c,Kepler-407,3000.0,12.3,0.0854,146.73,5476.0,1.01,1.0,-0.03934,338.368
Kepler-106 c,Kepler-106,13.5708,2.5,96.905,785.0,5858.0,1.04,1.0,0.08255,444.322
TYC 1422-614-1 b,TYC 1422-614-1,198.4,13.3,47.0221,730.19,4806.0,6.85,1.15,1.35,672.41
TYC 1422-614-1 c,TYC 1422-614-1,559.3,12.5,11.9278,518.21,4806.0,6.85,1.15,1.35,672.41
Kepler-445 b,Kepler-445,2.984151,1.58,17.657,401.0,3157.0,0.21,0.18,-2.09994,127.201
Kepler-446 d,Kepler-446,5.148921,1.35,3.307,436.0,3359.0,0.24,0.22,-2.24766,96.339
Kepler-164 c,Kepler-164,10.945723,2.73,131.487,881.0,5888.0,1.148,1.036,0.11291,890.758
Kepler-165 b,Kepler-165,8.180848,2.32,59.799,716.0,5211.0,0.77,0.746,-0.4723,560.885
OGLE-2005-BLG-071L b,OGLE-2005-BLG-071L,,13.0,,55.0,,,0.46,,3200.0
OGLE-2008-BLG-092L b,OGLE-2008-BLG-092L,,8.74,,,,,0.71,,8100.0
Kepler-246 b,Kepler-246,4.60182,2.34,141.613,896.0,5206.0,0.831,0.853,-0.41338,626.078
Kepler-226 c,Kepler-226,5.349555,2.27,180.513,919.0,5571.0,0.802,0.904,-0.23921,980.138
Kepler-227 b,Kepler-227,9.488015,3.11,104.641,793.0,5854.0,1.091,0.954,-0.12113,1083.06
Kepler-113 b,Kepler-113,4.754,1.82,105.333,775.0,4725.0,0.69,0.75,-0.57598,262.351
Kepler-48 d,Kepler-48,42.8961,2.04,9.292,448.0,5194.0,0.89,0.88,-0.28926,306.738
Qatar-2 b,Qatar-2,1.33711647,14.056,447.4134,1344.0,4645.0,0.776,0.743,-0.6832,181.374
Kepler-117 c,Kepler-117,50.790391,12.341,41.863,704.0,6150.0,1.606,1.129,0.53776,1455.57
Kepler-161 b,Kepler-161,4.921355,2.12,123.4,868.0,5078.0,0.806,0.853,-0.44679,434.632
Kepler-153 b,Kepler-153,18.870227,2.92,21.609,621.0,5404.0,0.892,0.756,-0.4463,459.368
Kepler-229 c,Kepler-229,16.068638,4.92,21.637,600.0,5120.0,0.728,0.808,-0.53795,826.265
Kepler-100 d,Kepler-100,35.3331,1.61,53.981,670.0,5825.0,1.49,1.08,0.39445,304.645
Kepler-98 b,Kepler-98,1.54168,1.99,1107.389,1592.0,5539.0,1.11,0.99,-0.13324,350.315
Kepler-117 b,Kepler-117,18.7959228,8.059,157.541,984.0,6150.0,1.606,1.129,0.53776,1455.57
Kepler-430 b,Kepler-430,35.968,3.25,40.844,667.0,5884.0,1.485,1.166,0.31207,917.477
Kepler-230 b,Kepler-230,32.625555,4.26,11.816,506.0,5588.0,0.817,0.784,-0.36784,740.754
Kepler-166 b,Kepler-166,7.650254,2.27,77.543,772.0,5413.0,0.742,0.811,-0.38508,603.53
Kepler-131 b,Kepler-131,16.092,2.41,66.122,718.0,5685.0,1.03,1.02,0.02191,228.678
Kepler-406 b,Kepler-406,2.42629,1.43,826.933,1302.0,5538.0,1.07,1.07,0.0482,364.03
Kepler-249 c,Kepler-249,7.113702,1.51,12.529,429.0,3568.0,0.482,0.510238,-1.49485,190.401
Kepler-162 c,Kepler-162,19.446355,3.03,77.052,681.0,5816.0,0.958,1.053,0.1554,855.641
Kepler-180 c,Kepler-180,41.885775,3.01,16.423,540.0,5731.0,1.063,0.95,-0.13204,695.65
Kepler-182 c,Kepler-182,20.684342,3.43,88.852,729.0,6250.0,1.146,1.114,0.34366,1549.09
HD 10180 c,HD 10180,5.75969,,362.4092,1185.4,5911.0,1.109,1.06,0.17319,38.9607
Kepler-82 c,Kepler-82,51.54,5.34,8.035,450.0,5401.0,0.898,0.91,-0.18507,904.326
Kepler-174 b,Kepler-174,13.98179,1.96,24.418,553.0,4880.0,0.622,0.602,-0.5704,384.757
Kepler-176 c,Kepler-176,12.759712,2.6,39.631,633.0,5232.0,0.891,0.86,-0.40427,527.321
Kepler-96 b,Kepler-96,16.2385,2.67,57.524,711.0,5690.0,1.02,1.0,-0.05231,122.881
Kepler-48 b,Kepler-48,4.778,1.88,173.12,932.0,5194.0,0.89,0.88,-0.28926,306.738
HD 10180 d,HD 10180,16.357,,90.1098,837.06,5911.0,1.109,1.06,0.17319,38.9607
HD 10180 e,HD 10180,49.748,5.39,20.4541,577.77,5911.0,1.109,1.06,0.17319,38.9607
Kepler-55 d,Kepler-55,2.211099,1.59,195.005,931.0,4503.0,0.619,0.631,-0.76324,578.796
Kepler-187 c,Kepler-187,10.640263,2.67,324.134,963.0,6105.0,1.287,1.081,0.49267,1143.0
Kepler-233 b,Kepler-233,8.472382,2.43,85.131,751.0,5360.0,0.758,0.855,-0.32754,856.417
Kepler-234 c,Kepler-234,7.21205,3.51,273.304,1025.0,6224.0,1.113,1.129,0.23955,1733.1
MOA-2011-BLG-322L b,MOA-2011-BLG-322L,,12.4,,,,,0.39,,7560.0
CoRoT-24 b,CoRoT-24,5.1134,3.7,79.826,1070.0,4950.0,0.86,0.91,-0.60148,591.555
HD 10180 h,HD 10180,2205.0,9.4,0.1303,163.24,5911.0,1.109,1.06,0.17319,38.9607
Kepler-440 b,Kepler-440,101.11141,1.86,1.2,229.0,4134.0,0.559,0.575,-1.102,301.03
Kepler-251 c,Kepler-251,16.514043,2.77,38.953,655.0,5526.0,0.89,0.891,-0.17197,924.625
Kepler-146 c,Kepler-146,76.732171,3.13,9.887,473.0,5948.0,1.208,1.079,0.14794,716.797
Kepler-150 d,Kepler-150,12.56093,2.79,65.142,734.0,5560.0,0.939,0.956,-0.16141,891.092
OGLE-2008-BLG-355L b,OGLE-2008-BLG-355L,,12.9,,,,,0.37,,6800.0
CoRoT-24 c,CoRoT-24,11.759,5.0,26.0656,850.0,4950.0,0.86,0.91,-0.60148,591.555
Kepler-186 f,Kepler-186,129.9441,1.17,0.3,177.0,3755.0,0.523,0.544,-1.26,177.594
Kepler-252 c,Kepler-252,10.848463,2.15,20.507,499.0,4208.0,0.549,0.61,-0.78566,379.424
Kepler-213 b,Kepler-213,2.46236,1.62,833.469,1326.0,5696.0,1.195,1.07,0.082,634.939
Kepler-159 c,Kepler-159,43.595792,3.41,4.791,275.0,4625.0,0.663,0.628,-0.75443,373.744
Kepler-202 c,Kepler-202,16.282493,1.85,17.07,505.0,4668.0,0.667,0.683,-0.63817,285.111
HD 35759 b,HD 35759,82.467,13.0,22.7689,621.56,6060.0,1.759974,1.15,0.53724,71.2423
Kepler-477 b,Kepler-477,11.11990653,2.07,38.71,649.0,5240.0,0.79,0.87,-0.372,367.0
HD 67087 c,HD 67087,2374.0,12.9,0.2327,193.42,6330.0,1.55,1.36,0.54,76.5217
Kepler-6 b,Kepler-6,3.2346996,14.616536,792.218,1460.0,5647.0,1.391,1.209,0.18916,587.039
HD 220842 b,HD 220842,218.47,13.1,4.155,397.62,5960.0,1.41647,1.13,0.35703,64.6498
HIP 65407 c,HIP 65407,67.3,13.9,6.5252,457.04,5460.0,0.952252,0.93,-0.18603,61.7804
Kepler-505 b,Kepler-505,27.52197994,2.6,3.641,314.0,3931.0,0.53,0.55,-1.07864,283.41
CoRoT-29 b,CoRoT-29,2.85057,10.0881,540.3673,1224.75,5260.0,0.9,0.97,-0.09414,806.507
tau Boo b,tau Boo,3.3124568,12.8,1333.7826,1682.02,6466.27,1.42588,1.32,0.50548,15.6521
Kepler-412 b,Kepler-412,1.7208604,15.031269,2144.307,1850.0,5750.0,1.287,1.167,0.26854,1086.24
HD 141399 b,HD 141399,94.44,14.3,9.2321,493.71,5600.0,1.387236,1.07,0.2014,37.0169
HD 141399 c,HD 141399,201.99,13.6,3.3493,383.17,5600.0,1.387236,1.07,0.2014,37.0169
Kepler-754 b,Kepler-754,14.5596237,2.01,216.473,758.0,5935.0,1.08,1.06,0.41554,1770.27
Kepler-753 b,Kepler-753,5.747725012,1.91,41.674,641.0,4346.0,0.65,0.68,-0.86467,274.767
HAT-P-54 b,HAT-P-54,3.799847,10.581296,88.6713,818.0,4390.0,0.617,0.645,-0.9017,143.651
TrES-5 b,TrES-5,1.48224686,13.383546,442.993,1480.0,5171.0,0.868,0.901,-0.34382,360.313
KOI-13 b,KOI-13,1.763588,16.948008,25339.901,2550.0,7650.0,1.74,1.72,0.971,519.096
WASP-42 b,WASP-42,4.9816819,12.576498,137.118,1021.0,5315.0,0.892,0.951,-0.36094,177.291
Kepler-766 b,Kepler-766,6.10027804,3.39,227.15,990.0,5992.0,1.15,1.1,0.45132,2297.62
Kepler-771 b,Kepler-771,8.73485836,1.82,339.296,890.0,5906.0,1.05,1.03,0.3549,1393.85
HD 100546 b,HD 100546,,77.3421,0.0113,94.67,10500.0,1.85288,2.4,1.5,109.677
Kepler-432 c,Kepler-432,406.2,13.3,,,4995.0,4.06,1.32,0.92561,848.023
Kepler-76 b,Kepler-76,1.5449298,15.24424,3583.673,2140.0,6409.0,1.32,1.2,0.45116,822.96
OGLE-2003-BLG-235L b,OGLE-2003-BLG-235L,,13.2,,,,,0.63,,5800.0
Kepler-765 b,Kepler-765,27.6655226,2.43,48.947,641.0,5901.0,1.06,1.05,0.14595,1076.28
Kepler-432 b,Kepler-432,52.501129,12.834305,97.846,812.0,4995.0,4.06,1.32,0.92561,848.023
Kepler-5 b,Kepler-5,3.5484657,15.984034,1822.758,1750.0,6297.0,1.793,1.374,0.65242,899.777
Kepler-7 b,Kepler-7,4.8854892,18.180998,1375.11,1630.0,5933.0,1.966,1.359,0.69639,922.562
HIP 74890 b,HIP 74890,822.3,13.3,3.7188,387.66,4850.0,5.77,1.74,1.21484,78.6562
K2-29 b,K2-29,3.2588321,13.33871,293.0,1171.0,5358.0,0.86,0.94,-0.29533,178.475
Kepler-767 b,Kepler-767,161.5280101,6.64,9.365,366.0,5694.0,0.94,0.96,0.47562,2251.03
Kepler-773 b,Kepler-773,3.749100061,1.43,490.707,1160.0,5850.0,1.01,1.04,0.09508,547.026
Kepler-774 b,Kepler-774,11.0895723,3.17,451.177,1422.0,6403.0,2.42,1.57,0.75268,917.804
2MASS J02192210-3925225 b,2MASS J02192210-3925225,,16.14096,0.0,6.27,3064.0,0.281,0.108,-2.23,40.08964117
HD 7924 d,HD 7924,24.451,,15.17,499.0,5075.0,0.7821,0.832,-0.40636,16.9922
WASP-41 c,WASP-41,421.0,13.1,0.5573,241.0,5545.0,0.87,0.93,-0.19512,163.371
HAT-P-50 b,HAT-P-50,3.1220109,14.437192,2108.4362,1862.0,6280.0,1.698,1.273,0.60314,515.458
HD 133131 A b,HD 133131 A,649.0,13.6,0.4642,227.72,5799.0,0.955014,0.95,-0.01658,51.4736
HATS-17 b,HATS-17,16.254611,8.709393,72.7,814.0,5846.0,1.091,1.131,0.09342,400.331
Kepler-772 b,Kepler-772,12.99207337,1.82,264.576,866.0,5714.0,1.11,0.98,0.47515,1130.21
Kepler-769 b,Kepler-769,7.42608998,2.92,241.128,1037.0,6186.0,1.28,1.19,0.1791,1169.57
Kepler-449 c,Kepler-449,33.6727,2.764,45.09,661.0,5649.18,1.467,1.02,0.296,241.949
HD 133131 A c,HD 133131 A,3568.0,14.3,0.0477,128.96,5799.0,0.955014,0.95,-0.01658,51.4736
WASP-92 b,WASP-92,2.1746742,16.376349,1622.2528,1871.0,6280.0,1.341,1.19,0.27461,575.889
Kepler-762 b,Kepler-762,3.770552098,12.68,1065.734,1302.0,5944.0,1.08,1.06,0.31816,1898.26
Kepler-781 b,Kepler-781,13.2140732,2.89,44.397,629.0,5162.0,0.78,0.81,-0.38375,1064.47
Kepler-92 d,Kepler-92,49.3568,2.067,46.844,637.0,5904.34,1.81719,1.07,0.55818,477.992
Kepler-449 b,Kepler-449,12.58242,2.056,167.41,917.0,5649.18,1.467,1.02,0.296,241.949
HD 175607 b,HD 175607,29.01,,,,5392.0,0.7,0.71,-0.27097,40.3303
HD 1461 c,HD 1461,13.5052,2.23,99.8365,892.87,5765.0,1.152288,1.02,0.0954,23.4534
WASP-93 b,WASP-93,2.7325321,17.900773,2531.1336,1942.0,6700.0,1.524,1.334,0.61784,370.284
HD 128311 c,HD 128311,921.538,13.0,0.1017,158.23,4965.0,0.76,0.828,-0.5116,16.3292
alf Tau b,alf Tau,628.96,12.7,220.442,1086.77,4055.0,45.1,1.13,2.672,20.4332
Kepler-450 d,Kepler-450,7.51464,0.837,557.205,1199.0,6197.21,1.64162,1.19,0.55403,455.982
OGLE-2005-BLG-169L b,OGLE-2005-BLG-169L,,3.84,,,,,0.69,,4100.0
WASP-46 b,WASP-46,1.43036763,13.159366,1281.2408,1636.0,5600.0,0.858,0.828,-0.11113,375.31
HD 60532 b,HD 60532,201.9,13.8,16.9008,550.16,6245.0,2.57,1.5,1.00089,25.9716
HD 60532 c,HD 60532,600.1,13.3,3.9142,381.66,6245.0,2.57,1.5,1.00089,25.9716
OGLE-2013-BLG-0102L b,OGLE-2013-BLG-0102L,,12.3,,,,,0.096,,3040.0
Kepler-41 b,Kepler-41,1.8555582,14.46,2036.749,1790.0,5750.0,1.29,1.15,0.26161,1093.08
HIP 107773 b,HIP 107773,144.3,13.4,142.9997,957.11,4945.0,11.6,2.42,1.87,105.18
HATS-8 b,HATS-8,3.583893,9.785457,510.8195,1324.0,5679.0,1.086,1.056,-0.0252,794.637
LkCa 15 b,LkCa 15,,,0.003,66.87,4194.0,1.60711,,-0.19164,158.152
LkCa 15 c,LkCa 15,,,0.0019,59.45,4194.0,1.60711,,-0.19164,158.152
Qatar-1 b,Qatar-1,1.4200242,12.811887,382.328,1418.0,5013.0,0.803,0.838,-0.43771,185.615
HAT-P-66 b,HAT-P-66,2.972086,17.82231,1939.51,1896.0,6002.0,1.881,1.255,0.6149,935.456
Kepler-75 b,Kepler-75,8.8849116,11.77,106.484,767.0,5200.0,0.89,0.91,-0.21487,835.356
Kepler-453 b,Kepler-453,240.503,6.204,0.9636,273.62,5527.0,0.833,0.944,-0.2205,442.846
WASP-89 b,WASP-89,3.3564227,11.65736,278.8533,1120.0,5130.0,0.88,0.92,-0.34333,290.946
KIC 3558849 b,KIC 3558849,1322.3,6.9,,,6175.0,1.01,0.98,0.40531,1215.7
KIC 8540376 c,KOI-7892,75.2,2.4,,,6474.0,1.26,1.04,0.2987,1072.3
OGLE-2007-BLG-349L AB c,OGLE-2007-BLG-349L A,2557.0,10.7,,,,,0.41,,2760.0
Kepler-56 d,Kepler-56,1002.0,12.8,1.7204,324.75,4819.44,4.21799,1.29,0.90455,912.994
Kepler-444 b,Kepler-444,3.6001053,0.403,225.735,938.0,5046.0,0.752,0.758,-0.42455,36.4396
K2-6 b,K2-6,30.94191,2.5,28.6,615.0,5850.0,0.96,0.97,-0.12006,316.819
HD 42618 b,HD 42618,149.61,3.89,3.16,337.0,5727.0,0.999,1.015,-0.00877,24.3358
OGLE-2012-BLG-0950L b,OGLE-2012-BLG-0950L,,6.56,,,,,0.57,,2600.0
Kepler-444 e,Kepler-444,7.743493,0.546,81.344,727.0,5046.0,0.752,0.758,-0.42455,36.4396
K2-15 b,K2-15,11.8104,2.48,48.0,676.0,5131.0,0.68,0.72,-0.45314,493.992
K2-14 b,K2-14,8.36802,4.81,8.0,488.0,3789.0,0.45,0.47,-0.96847,364.048
K2-17 b,K2-17,17.96753,2.23,4.91,487.0,4320.0,0.66,0.71,-0.9966,125.106
K2-9 b,K2-9,18.4498,2.25,1.36,314.0,3390.0,0.31,0.3,-1.92082,82.9631
WASP-36 b,WASP-36,1.53736596,14.874343,1422.6075,1733.0,5959.0,0.985,1.081,0.00087,386.346
Kepler-26 b,Kepler-26,12.28,2.78,7.6,431.0,3914.0,0.512,0.544,-1.06048,335.307
HATS-13 b,HATS-13,3.0440499,13.585308,315.9878,1244.0,5523.0,0.887,0.962,-0.32121,421.855
HATS-14 b,HATS-14,2.7667641,11.646151,505.884,1276.0,5346.0,0.933,0.967,-0.17274,513.011
WASP-90 b,WASP-90,3.916243,18.27067,1704.4939,1840.0,6430.0,1.98,1.55,0.63014,466.433
HD 5583 b,HD 5583,139.35,12.8,145.0268,964.55,4830.0,9.09,1.01,1.61,219.216
Kepler-26 c,Kepler-26,17.2559,2.72,4.82,385.0,3914.0,0.512,0.544,-1.06048,335.307
Kepler-447 b,Kepler-447,7.79430132,18.49,119.039,882.0,5493.0,1.05,1.0,-0.19007,268.041
OGLE-2011-BLG-0265L b,OGLE-2011-BLG-0265L,,13.9,,,,,0.211,,4380.0
HD 130322 b,HD 130322,10.70871,13.7,67.9633,720.0,5387.0,0.85,0.92,-0.23544,31.8766
OGLE-2012-BLG-0563L b,OGLE-2012-BLG-0563L,,13.6,,,,,0.34,,1300.0
Kepler-296 d,Kepler-296,19.850291,2.09,2.9,403.0,3740.0,0.48,0.498,-1.50864,167.0
Pr0211 c,Pr0211,4850.0,12.6,0.0152,99.1,5300.0,0.827,0.935,-0.33603,182.714
BD+15 2375 b,BD+15 2375,153.22,13.8,111.9838,883.68,4649.0,8.95,1.08,1.57,768.045
Kepler-60 d,Kepler-60,11.8981,1.99,161.0,929.0,5905.0,1.257,1.041,0.36906,1025.1
HD 1666 b,HD 1666,270.0,12.7,6.0778,436.47,6317.0,1.93,1.5,0.73,117.908
HD 67087 b,HD 67087,352.2,13.1,2.9727,365.67,6330.0,1.55,1.36,0.54,76.5217
Kepler-296 e,Kepler-296,34.14211,1.53,1.41,337.0,3740.0,0.48,0.498,-1.50864,167.0
Kepler-872 b,Kepler-872,2.578855068,1.99,553.056,1230.0,5902.0,1.08,1.05,-0.14573,879.683
Kepler-871 b,Kepler-871,22.0459018,3.74,79.722,640.0,5993.0,1.14,1.11,0.30895,1976.05
Kepler-603 c,Kepler-603,127.9075774,6.5,8.8,401.0,5808.0,1.01,1.01,0.39156,1539.63
Kepler-908 b,Kepler-908,1.340597468,1.22,3304.101,1783.0,5973.0,1.12,1.11,0.26406,290.843
Kepler-499 b,Kepler-499,5.632528453,2.17,148.456,844.0,5312.0,0.83,0.87,-0.27919,556.726
Kepler-801 b,Kepler-801,11.41928253,2.0,14.442,419.0,4435.0,0.63,0.67,-0.79815,440.426
Kepler-799 b,Kepler-799,133.4605235,6.88,6.356,433.0,5681.0,0.93,0.95,-0.09,1509.084
Kepler-870 b,Kepler-870,21.3587621,2.78,54.869,691.0,5857.0,1.02,1.01,0.04289,1259.46
Kepler-869 b,Kepler-869,40.4287755,3.61,17.234,494.0,5664.0,0.95,0.97,-0.11047,939.455
Kepler-907 b,Kepler-907,15.86621821,1.2,137.66,879.0,6106.0,1.38,1.08,0.378,352.0
Kepler-912 b,Kepler-912,2.534756273,2.8,519.95,1218.0,5998.0,1.11,1.07,0.55177,2004.72
Kepler-797 b,Kepler-797,27.07237711,2.17,90.1,605.0,5680.0,0.95,0.96,0.46974,1315.26
Kepler-867 b,Kepler-867,150.242127,4.64,2.72,327.0,5541.0,0.91,0.92,0.11686,1195.54
Kepler-868 b,Kepler-868,5.03251791,2.05,417.034,1047.0,5614.0,0.89,0.93,0.06838,1593.13
Kepler-866 b,Kepler-866,2.617032536,1.63,196.127,996.0,4751.0,0.71,0.75,-0.70483,646.667
Kepler-913 b,Kepler-913,10.29672521,2.06,58.9,1129.0,4687.0,0.61,0.63,-0.28163,991.618
Kepler-910 b,Kepler-910,2.364369015,0.82,2108.073,1752.0,6230.0,1.5,1.26,0.49442,400.289
Kepler-847 b,Kepler-847,2.343231895,1.18,292.31,1054.0,4940.0,0.77,0.83,-0.5065,513.103
Kepler-846 b,Kepler-846,19.80792185,2.48,35.276,624.0,5579.0,0.91,0.94,-0.21715,1127.12
Kepler-795 b,Kepler-795,29.6193421,1.68,28.9,580.0,5631.0,0.96,0.94,-0.02178,492.122
Kepler-794 b,Kepler-794,11.13125132,2.11,299.97,952.0,5839.0,1.38,1.19,0.50637,931.192
Kepler-865 b,Kepler-865,14.16399294,2.49,46.362,694.0,5570.0,0.92,0.93,-0.29754,586.137
Kepler-909 b,Kepler-909,13.93290318,1.47,127.24,852.0,6154.0,1.23,1.17,0.273,309.596
Kepler-916 b,Kepler-916,32.2968798,1.76,14.683,503.0,5248.0,0.81,0.85,-0.27846,830.712
Kepler-845 b,Kepler-845,0.927859821,2.04,772.498,1361.0,4913.0,0.75,0.79,-0.60474,431.051
Kepler-844 b,Kepler-844,2.613020856,1.68,89.652,713.0,4128.0,0.57,0.59,-0.92083,431.776
Kepler-792 b,Kepler-792,11.30119217,1.96,176.032,852.0,5971.0,1.12,1.09,0.27379,1425.47
Kepler-791 b,Kepler-791,14.5539759,3.05,140.057,939.0,6383.0,1.47,1.3,0.40273,1266.34
Kepler-862 b,Kepler-862,3.148664534,2.21,547.293,1097.0,5333.0,0.84,0.88,-0.10252,1039.03
Kepler-861 b,Kepler-861,3.949631375,2.28,197.29,966.0,5047.0,0.78,0.82,-0.42701,850.327
Kepler-930 b,Kepler-930,71.4517775,2.13,16.851,561.0,6335.0,1.4,1.25,0.37758,848.396
Kepler-842 b,Kepler-842,1.21956827,1.6,588.95,1252.0,4848.0,0.73,0.78,-0.61238,532.726
Kepler-841 b,Kepler-841,124.4198398,5.23,1.648,416.0,5324.0,0.81,0.85,-0.36224,998.961
Kepler-790 b,Kepler-790,13.73469807,2.18,38.274,634.0,5208.0,0.8,0.84,-0.42384,703.168
Kepler-788 b,Kepler-788,8.39846269,2.55,357.191,984.0,6159.0,1.23,1.16,0.33615,1775.8
Kepler-860 b,Kepler-860,5.101379454,3.24,233.621,1050.0,5836.0,1.06,1.04,-0.15726,1056.36
Kepler-924 b,Kepler-924,61.0370117,3.07,19.997,610.0,6167.0,1.23,1.14,0.31382,1053.04
Kepler-923 b,Kepler-923,6.93366476,1.38,390.636,1104.0,5988.0,1.26,1.11,0.3325,1000.28
Kepler-838 b,Kepler-838,15.74957994,2.73,61.089,777.0,5770.0,0.96,0.98,-0.09867,1104.04
Kepler-837 b,Kepler-837,16.56059504,2.56,55.966,701.0,5403.0,0.81,0.85,-0.27122,901.907
Kepler-787 b,Kepler-787,0.928310498,1.28,493.553,1115.0,4248.0,0.62,0.65,-0.89537,503.568
Kepler-465 b,Kepler-465,9.940672466,2.95,227.82,996.0,6310.0,1.29,1.23,0.33805,553.077
Kepler-856 b,Kepler-856,8.027680595,9.3,153.497,824.0,5535.0,0.93,0.96,-0.02166,1351.17
Kepler-890 b,Kepler-890,52.75875577,8.89,30.227,540.0,5954.0,1.13,1.09,0.32651,1712.12
Kepler-927 b,Kepler-927,9.1149903,1.72,129.534,906.0,5743.0,0.99,0.99,-0.08583,831.685
Kepler-926 b,Kepler-926,52.0688601,2.31,17.883,524.0,5806.0,1.01,1.01,0.17281,921.361
Kepler-892 b,Kepler-892,13.7521072,2.81,18.196,556.0,4747.0,0.72,0.75,-0.73492,570.727
Kepler-933 b,Kepler-933,14.20443009,2.46,61.323,602.0,5346.0,0.84,0.87,-0.21081,1017.2
Kepler-826 b,Kepler-826,4.48758907,1.25,827.221,1305.0,6079.0,1.15,1.05,0.34865,779.596
Kepler-830 b,Kepler-830,11.29695137,1.7,160.18,907.0,6037.0,1.11,1.07,0.169,1122.0
Kepler-829 b,Kepler-829,6.88337562,2.11,247.47,857.0,5698.0,0.97,0.98,0.04004,1073.76
Kepler-895 b,Kepler-895,2.806242328,1.54,106.585,771.0,4315.0,0.61,0.65,-0.85369,540.134
Kepler-743 b,Kepler-743,3.179262921,1.21,397.252,1101.0,5486.0,0.85,0.94,-0.17633,278.987
Kepler-823 b,Kepler-823,4.16809082,1.57,803.353,1277.0,5643.0,0.96,0.98,0.33549,1389.27
Kepler-487 c,Kepler-487,38.6519976,2.68,15.038,487.0,5444.0,0.88,0.91,-0.17269,872.343
Kepler-898 b,Kepler-898,5.8706191,1.49,37.11,616.0,4223.0,0.62,0.65,-0.87506,484.891
Kepler-899 b,Kepler-899,19.17891293,2.68,62.198,640.0,5595.0,0.91,0.93,0.04831,1246.43
Kepler-747 b,Kepler-747,35.61760587,5.27,10.19,456.0,5096.0,0.78,0.82,-0.432,3347.16
Kepler-821 b,Kepler-821,1.92279873,1.31,496.82,1215.0,5191.0,0.8,0.84,-0.36439,614.571
Kepler-498 b,Kepler-498,9.61375356,3.03,202.775,931.0,5744.0,0.96,0.98,0.17242,938.844
Kepler-887 b,Kepler-887,20.42228798,1.84,109.842,785.0,6194.0,1.29,1.19,0.44617,886.588
Kepler-901 b,Kepler-901,3.517494394,1.37,68.723,704.0,4184.0,0.57,0.59,-0.98404,253.867
Kepler-900 b,Kepler-900,6.9913086,2.08,54.109,716.0,4836.0,0.73,0.78,-0.6084,487.525
Kepler-751 b,Kepler-751,17.44490636,2.46,39.01,679.0,5387.0,0.84,0.87,-0.26401,760.43
Kepler-755 b,Kepler-755,1.269090374,1.76,889.888,1331.0,5043.0,0.77,0.82,-0.45664,399.034
Kepler-820 b,Kepler-820,127.8338098,6.09,16.228,554.0,6260.0,1.36,1.23,0.6895,1387.2
Kepler-817 b,Kepler-817,3.990106229,9.03,550.203,1124.0,5861.0,1.03,1.03,0.08609,1484.46
Kepler-886 b,Kepler-886,6.24146367,1.52,231.432,1111.0,6098.0,1.16,1.1,0.04165,711.297
Kepler-885 b,Kepler-885,18.11472949,2.5,124.646,830.0,6187.0,1.35,1.21,0.41686,651.318
Kepler-904 b,Kepler-904,3.021668632,1.77,875.419,1332.0,6160.0,1.25,1.16,0.15444,978.125
Kepler-905 b,Kepler-905,5.082746517,1.41,185.771,928.0,5461.0,0.86,0.95,-0.21507,529.268
Kepler-756 b,Kepler-756,1.224866322,1.12,2174.33,1741.0,5282.0,0.79,0.82,-0.358,852.0
Kepler-757 b,Kepler-757,1.022678821,1.36,3345.453,1734.0,6014.0,1.13,1.08,0.16044,1068.68
Kepler-815 b,Kepler-815,8.57503552,4.11,979.136,1374.0,5028.0,3.42,1.25,0.85698,1259.28
Kepler-852 b,Kepler-852,44.9309804,2.54,92.131,565.0,6100.0,1.16,1.19,0.827,1619.03
Kepler-883 b,Kepler-883,12.98495573,1.78,163.052,818.0,6116.0,1.09,1.06,0.29567,627.455
Kepler-509 b,Kepler-509,41.74600392,2.49,28.481,584.0,6060.0,1.2,1.1,0.23291,332.443
Kepler-466 c,Kepler-466,3.709213846,1.25,410.4,1206.0,5927.0,1.05,1.04,-0.06719,530.122
Kepler-502 b,Kepler-502,4.28686431,4.77,859.509,1217.0,6125.0,1.22,1.15,0.34908,1591.04
Kepler-758 b,Kepler-758,12.1097104,2.48,349.193,1005.0,6228.0,1.42,1.16,0.56281,1502.32
Kepler-813 b,Kepler-813,19.12947337,2.14,56.04,817.0,5743.0,0.93,0.95,-0.0712,840.0
Kepler-811 b,Kepler-811,23.58447697,2.7,78.59,730.0,5747.0,1.24,1.01,0.32275,985.041
Kepler-882 b,Kepler-882,3.989539666,1.23,259.029,903.0,5476.0,0.87,0.9,-0.27313,504.605
Kepler-880 b,Kepler-880,7.71468975,2.66,586.169,1622.0,6761.0,1.74,1.46,0.66603,601.324
Kepler-474 b,Kepler-474,5.660672935,3.06,671.064,1115.0,5785.0,1.08,0.99,0.41682,841.496
Kepler-760 b,Kepler-760,8.70419416,3.06,84.406,748.0,5322.0,0.85,0.89,-0.27997,792.336
Kepler-810 b,Kepler-810,4.59725385,1.93,350.597,1105.0,5803.0,1.04,1.03,-0.03156,1458.59
Kepler-809 b,Kepler-809,55.63934,3.01,13.155,478.0,5734.0,0.98,0.99,0.00145,961.405
Kepler-877 b,Kepler-877,18.45847097,2.12,37.81,632.0,5261.0,0.81,0.85,-0.343,602.176
Kepler-750 c,Kepler-750,4.08899022,1.62,778.592,1537.0,6160.0,1.23,1.15,0.34371,1296.02
Kepler-255 d,Kepler-255,1.045622658,1.32,1686.09,1710.0,5431.0,0.86,0.9,-0.18311,1052.53
Kepler-775 b,Kepler-775,0.974868926,1.19,1496.75,1612.0,5468.0,0.84,0.92,-0.26699,398.676
Kepler-500 b,Kepler-500,8.508324398,2.58,193.68,909.0,5813.0,1.03,1.02,0.11615,807.48
Kepler-808 b,Kepler-808,0.631332353,1.46,1428.3,1322.0,4653.0,0.71,0.76,-0.6837,321.0
Kepler-875 b,Kepler-875,27.5073799,2.9,41.431,569.0,5958.0,1.11,1.06,0.13542,1242.62
Kepler-732 c,Kepler-732,0.893041236,1.27,199.846,893.0,3631.0,0.46,0.49,-1.375,174.826
Kepler-777 b,Kepler-777,5.72812599,1.47,33.953,569.0,4043.0,0.56,0.58,-0.96766,443.106
Kepler-779 b,Kepler-779,7.09714223,0.92,15.028,425.0,3804.0,0.44,0.46,-1.2339,283.155
Kepler-804 b,Kepler-804,14.37457351,1.94,83.427,779.0,5817.0,1.05,1.01,0.04956,649.65
Kepler-803 b,Kepler-803,50.28638192,3.79,20.882,543.0,5919.0,1.12,1.05,0.24057,639.771
Kepler-1049 b,Kepler-1049,3.273460736,0.95,50.427,625.0,3864.0,0.49,0.51,-1.13956,162.006
Kepler-969 b,Kepler-969,34.1731714,2.07,10.166,465.0,5214.0,0.82,0.92,-0.38876,390.354
Kepler-1137 b,Kepler-1137,23.9210791,2.2,197.846,1020.0,6807.0,1.84,1.5,0.75429,921.778
Kepler-975 b,Kepler-975,1.970342457,1.48,328.698,1599.0,4897.0,0.75,0.8,-0.51184,426.088
Kepler-995 b,Kepler-995,28.26731672,2.7,11.92,517.0,5206.0,0.8,0.83,-0.41918,609.638
Kepler-1054 b,Kepler-1054,4.30655689,2.63,760.524,1177.0,6209.0,1.34,1.22,0.36867,1090.51
Kepler-1033 b,Kepler-1033,7.56052806,2.51,159.422,914.0,5547.0,0.92,0.94,-0.12579,1455.5
Kepler-1040 b,Kepler-1040,201.1214,2.08,2.121,300.0,5694.0,0.96,0.98,-0.04375,482.119
Kepler-1138 b,Kepler-1138,3.17060005,1.7,245.904,1080.0,5582.0,0.92,0.95,-0.33299,872.328
Kepler-1139 b,Kepler-1139,0.813166719,1.19,1717.276,1693.0,5550.0,0.91,0.94,-0.30419,495.156
Kepler-1060 b,Kepler-1060,46.8779367,2.38,17.416,484.0,5797.0,0.99,0.99,0.07184,946.565
Kepler-1003 b,Kepler-1003,3.554856915,1.78,814.925,1157.0,6109.0,1.17,1.11,0.28151,941.902
Kepler-1055 b,Kepler-1055,2.295036233,1.23,647.256,1304.0,5723.0,0.94,0.98,-0.14818,389.397
Kepler-998 b,Kepler-998,5.65377733,2.32,409.917,1020.0,6058.0,1.18,1.12,0.1929,986.364
Kepler-1017 b,Kepler-1017,7.23400469,1.99,119.603,831.0,5473.0,0.87,0.93,-0.16138,552.058
Kepler-974 b,Kepler-974,4.194496514,1.57,28.511,577.0,3687.0,0.5,0.52,-1.35426,134.311
Kepler-1045 b,Kepler-1045,26.41045478,2.69,19.127,512.0,5301.0,0.82,0.86,-0.33356,942.485
Kepler-980 b,Kepler-980,11.55102504,2.67,170.137,845.0,5935.0,1.06,1.05,0.2618,961.468
Kepler-991 b,Kepler-991,82.5342519,2.54,1.371,260.0,4392.0,0.61,0.64,-0.83074,389.561
Kepler-1072 b,Kepler-1072,1.569066502,1.58,2944.0,1849.0,6199.0,1.32,1.2,0.36531,982.716
Kepler-490 b,Kepler-490,3.268695154,11.65,1059.522,1597.0,6045.0,1.12,1.08,0.36497,1523.0
Kepler-1018 b,Kepler-1018,49.1013514,2.58,12.098,498.0,5518.0,0.88,0.91,-0.08221,1010.01
Kepler-1004 b,Kepler-1004,5.28789787,6.28,1610.087,1661.0,4972.0,3.39,1.11,0.71341,1152.68
Kepler-997 b,Kepler-997,2.707306716,1.36,1900.131,1709.0,6150.0,1.56,1.22,0.49569,467.568
Kepler-1151 b,Kepler-1151,65.6478424,2.22,4.86,485.0,5470.0,0.85,0.88,-0.34196,682.436
Kepler-1064 b,Kepler-1064,16.54080322,1.55,24.87,570.0,5153.0,0.79,0.85,-0.401,374.0
Kepler-971 b,Kepler-971,9.59070716,2.13,82.766,1087.0,5431.0,0.85,0.88,-0.29873,338.522
Kepler-1051 b,Kepler-1051,25.96200249,3.4,87.457,850.0,6675.0,1.73,1.43,0.52413,829.343
Kepler-1007 b,Kepler-1007,5.185002073,1.44,42.62,652.0,4587.0,0.7,0.73,-0.56838,365.0
Kepler-968 b,Kepler-968,3.692983728,2.0,103.909,745.0,4598.0,0.7,0.76,-0.7626,290.324
Kepler-1145 b,Kepler-1145,3.97076766,1.4,198.43,958.0,5064.0,0.75,0.79,-0.49839,691.961
Kepler-1147 b,Kepler-1147,10.62784997,2.61,206.563,872.0,5941.0,1.14,1.09,0.23534,1657.36
Kepler-1029 b,Kepler-1029,4.417696479,1.26,92.16,790.0,5030.0,0.77,0.82,-0.61975,366.656
Kepler-996 b,Kepler-996,3.770590584,1.98,723.081,1272.0,6014.0,1.14,1.09,0.24247,1216.58
Kepler-966 b,Kepler-966,99.747622,4.13,10.972,391.0,5840.0,1.02,1.02,0.23291,1027.8
Kepler-1047 b,Kepler-1047,56.1886887,2.09,28.851,503.0,5754.0,1.13,1.08,0.42359,817.647
Kepler-1149 b,Kepler-1149,3.73089898,1.44,653.831,1128.0,5833.0,1.01,1.02,0.16546,1217.73
Kepler-1148 b,Kepler-1148,1.104463509,1.69,815.407,1397.0,5054.0,0.77,0.81,-0.53105,625.692
Kepler-1057 b,Kepler-1057,14.08827448,3.36,69.213,724.0,5987.0,1.1,1.07,-0.0058,1201.82
Kepler-1059 b,Kepler-1059,3.764191048,1.73,174.074,908.0,4906.0,0.72,0.75,-0.52036,713.167
Kepler-965 b,Kepler-965,134.2527298,3.38,4.98,393.0,5886.0,1.15,1.05,0.14794,582.828
Kepler-999 b,Kepler-999,5.991857017,2.34,740.173,1355.0,6237.0,1.65,1.29,0.5381,545.063
Kepler-1112 b,Kepler-1112,14.36267939,3.02,254.963,918.0,6496.0,1.54,1.34,0.54224,1671.28
Kepler-952 b,Kepler-952,130.3546919,7.65,5.046,369.0,5730.0,0.99,1.0,0.09668,1304.25
Kepler-479 b,Kepler-479,12.49341307,2.12,37.753,649.0,5247.0,0.81,0.86,-0.40903,344.901
Kepler-934 b,Kepler-934,55.6738309,2.09,4.716,384.0,5001.0,0.77,0.81,-0.47799,608.738
Kepler-977 b,Kepler-977,26.85328322,2.62,13.955,544.0,5315.0,0.83,0.87,-0.47627,568.751
Kepler-1021 b,Kepler-1021,13.47469571,2.33,50.37,634.0,5431.0,0.86,0.89,-0.28836,810.082
Kepler-979 b,Kepler-979,8.0880135,2.72,77.841,792.0,5310.0,0.83,0.87,-0.31956,576.503
Kepler-982 b,Kepler-982,15.7738221,2.25,185.203,955.0,6139.0,1.29,1.16,0.51095,801.479
Kepler-936 b,Kepler-936,10.56134221,1.45,133.56,867.0,5482.0,0.89,0.92,-0.19,823.399
Kepler-938 b,Kepler-938,52.6298417,2.22,8.57,544.0,5533.0,0.89,0.92,-0.174,1182.05
Kepler-1006 b,Kepler-1006,19.76172042,1.54,153.493,791.0,5328.0,0.74,0.78,-0.4,1081.738
Kepler-1009 b,Kepler-1009,11.35011917,2.17,11.561,403.0,4027.0,0.57,0.59,-0.98735,355.019
Kepler-976 b,Kepler-976,105.9564148,3.96,2.661,324.0,5232.0,0.83,0.87,-0.35971,1012.41
Kepler-1052 b,Kepler-1052,34.8538276,2.93,20.976,522.0,5888.0,1.03,1.03,-0.04685,943.444
Kepler-1120 b,Kepler-1120,2.949029052,1.38,206.874,1027.0,4904.0,0.74,0.78,-0.58813,615.231
Kepler-1123 b,Kepler-1123,4.33946454,1.67,190.016,1061.0,5500.0,0.9,0.93,-0.29455,704.323
Kepler-940 b,Kepler-940,59.6225257,3.34,10.519,486.0,5769.0,0.96,0.97,-0.05668,1260.78
Kepler-1035 b,Kepler-1035,2.714077555,1.17,1180.064,1301.0,5763.0,0.97,0.98,0.209,562.116
Kepler-1027 b,Kepler-1027,1.907805199,0.89,1162.51,1268.0,5436.0,0.82,0.91,0.01051,405.104
Kepler-986 b,Kepler-986,56.4349938,2.36,10.857,465.0,5642.0,0.98,0.96,-0.04683,548.364
Kepler-1011 b,Kepler-1011,5.753221974,2.87,108.788,920.0,5416.0,0.88,0.91,-0.37597,736.779
Kepler-1068 b,Kepler-1068,16.92344113,3.63,55.933,702.0,5806.0,1.01,1.01,-0.02521,1473.61
Kepler-917 b,Kepler-917,2.970414375,1.91,228.11,991.0,5418.0,0.76,0.8,0.76372,3460.51
Kepler-918 b,Kepler-918,4.85386933,1.74,258.702,1052.0,6028.0,1.14,1.11,-0.01801,1025.03
Kepler-978 b,Kepler-978,49.6221509,2.99,20.99,546.0,6002.0,1.09,1.07,0.143,682.522
Kepler-1002 b,Kepler-1002,4.336429331,1.71,981.68,1453.0,6144.0,1.57,1.22,0.501,408.303
Kepler-493 b,Kepler-493,3.003876581,15.13,1414.329,1438.0,6457.0,1.54,1.36,0.43813,1745.77
Kepler-1128 b,Kepler-1128,61.6178167,3.65,6.451,424.0,5543.0,0.91,0.94,-0.19585,1083.41
Kepler-920 b,Kepler-920,6.53192704,2.42,153.138,907.0,5403.0,0.85,0.89,-0.18293,1001.68
Kepler-919 b,Kepler-919,11.04603384,2.25,153.915,869.0,6113.0,1.21,1.15,0.16662,1119.87
Kepler-921 b,Kepler-921,51.300634,2.87,15.007,492.0,5663.0,0.91,0.93,-0.0296,934.49
Kepler-1015 b,Kepler-1015,16.00494214,3.55,172.112,1040.0,6769.0,1.81,1.49,0.55886,739.357
Kepler-1005 b,Kepler-1005,6.49801525,1.5,301.329,1026.0,5782.0,1.06,1.0,0.1356,567.806
Kepler-972 b,Kepler-972,7.03932553,4.65,266.514,1060.0,6146.0,1.22,1.15,0.19129,1198.03
Kepler-1130 b,Kepler-1130,5.45298175,0.8,162.65,904.0,5403.0,0.81,0.9,-0.25964,249.343
Kepler-1131 b,Kepler-1131,3.53232449,1.59,453.142,1159.0,5851.0,1.04,1.03,-0.02783,1030.7
Kepler-1025 b,Kepler-1025,37.3229493,1.98,17.952,1654.0,6089.0,1.13,1.09,0.28708,803.776
Kepler-497 b,Kepler-497,3.573203671,6.04,1129.272,1210.0,5834.0,1.11,1.09,0.25216,1291.98
Kepler-994 b,Kepler-994,1.151166506,1.6,243.984,957.0,3934.0,0.54,0.56,-1.13919,188.158
Kepler-1132 b,Kepler-1132,62.8916228,2.35,4.547,384.0,5298.0,0.83,0.87,-0.37811,867.931
Kepler-1069 b,Kepler-1069,23.8990296,1.6,78.175,823.0,5722.0,0.98,0.99,0.37196,695.967
Kepler-1034 b,Kepler-1034,12.12400943,2.26,36.787,675.0,5198.0,0.8,0.83,-0.43881,654.549
Kepler-944 b,Kepler-944,43.3167737,2.63,20.174,459.0,5409.0,0.83,0.86,-0.07777,1349.43
Kepler-942 b,Kepler-942,44.96417488,2.13,4.957,379.0,4861.0,0.75,0.81,-0.58453,216.354
Kepler-946 b,Kepler-946,11.79162572,1.93,124.072,857.0,5665.0,0.93,0.94,0.13422,1137.29
HD 50554 c,HD 50554,5.969362,1.31,334.6171,1090.83,5968.0,1.146,1.04,0.17543,31.1664
Kepler-992 b,Kepler-992,20.16034462,1.62,15.291,510.0,4944.0,0.74,0.8,-0.56959,259.639
Kepler-1134 b,Kepler-1134,17.13263989,2.64,29.864,611.0,5281.0,0.81,0.84,-0.39721,944.445
Kepler-1135 b,Kepler-1135,76.957857,1.85,25.76,451.0,5656.0,0.94,0.96,0.43703,1314.64
Kepler-951 b,Kepler-951,71.52530845,5.59,2.472,340.0,4834.0,0.73,0.77,-0.64183,382.509
Kepler-967 b,Kepler-967,13.22713379,2.35,39.1,638.0,5178.0,0.8,0.84,-0.71759,568.546
Kepler-1013 b,Kepler-1013,18.93054959,2.15,16.101,766.0,4954.0,0.76,0.81,-0.53079,422.246
Kepler-1233 b,Kepler-1233,45.1263042,2.6,30.061,604.0,6198.0,1.25,1.16,0.22091,1178.7
Kepler-1234 b,Kepler-1234,11.94014029,2.81,40.12,625.0,4967.0,0.76,0.8,-0.45387,916.749
Kepler-523 b,Kepler-523,5.835983111,1.96,149.135,884.0,5515.0,0.86,0.93,-0.27953,253.295
Gl 725 B c,Gl 725 B,37.9,1.66,0.4742,215.0,3379.0,0.28,0.25,-2.038,6.842357
Kepler-1180 b,Kepler-1180,16.8601286,1.99,175.855,765.0,6077.0,1.14,1.09,0.41746,1596.8
Kepler-1181 b,Kepler-1181,4.89337519,1.57,831.143,1374.0,6176.0,1.3,1.17,0.47243,938.417
Kepler-1189 b,Kepler-1189,3.78858982,1.77,449.936,1158.0,6012.0,1.16,1.11,0.04086,782.852
Kepler-1236 b,Kepler-1236,31.0571618,2.14,13.571,480.0,5337.0,0.82,0.86,-0.37915,999.64
Kepler-1235 b,Kepler-1235,4.16055856,0.79,265.325,985.0,5541.0,0.9,0.93,-0.15625,540.604
Kepler-518 b,Kepler-518,8.512035877,2.11,133.317,839.0,5842.0,0.88,0.96,-0.04002,337.901
Kepler-1276 b,Kepler-1276,12.5720095,1.19,139.77,886.0,6188.0,1.21,1.14,0.2204,538.481
Kepler-1277 b,Kepler-1277,40.8365012,1.6,12.11,496.0,5578.0,0.92,0.94,-0.19906,557.193
Kepler-1182 b,Kepler-1182,11.17394617,2.41,197.882,796.0,5924.0,1.05,1.04,0.25605,1545.39
Kepler-549 b,Kepler-549,42.9495649,2.57,9.549,487.0,5360.0,0.84,0.88,-0.30618,635.145
Kepler-1237 b,Kepler-1237,84.5733226,2.86,4.042,366.0,5472.0,0.9,0.94,-0.25798,1064.31
Kepler-1279 b,Kepler-1279,23.4774101,1.75,190.851,738.0,6221.0,1.33,1.21,0.69281,1494.22
Kepler-1280 b,Kepler-1280,66.5579057,1.87,35.293,757.0,6227.0,1.32,1.2,0.6788,1486.7
Kepler-1076 b,Kepler-1076,6.14727918,0.8,83.18,770.0,4868.0,0.74,0.79,-0.557,199.0
Kepler-1077 b,Kepler-1077,34.3511874,2.77,26.928,576.0,5816.0,1.02,1.02,0.00638,1101.42
Kepler-1193 b,Kepler-1193,2.832652134,1.32,1286.386,1453.0,5908.0,1.21,1.08,0.35069,802.116
Kepler-1194 b,Kepler-1194,16.22371307,1.51,49.35,676.0,5590.0,0.92,0.94,-0.127,757.382
Kepler-1238 b,Kepler-1238,4.14787559,1.93,1195.201,1389.0,6386.0,1.48,1.3,0.58441,1632.13
Kepler-1282 b,Kepler-1282,2.131946513,1.55,672.532,1418.0,5504.0,0.89,0.92,-0.18287,1103.29
Kepler-1078 b,Kepler-1078,3.00725242,1.9,373.99,1122.0,5612.0,0.92,0.94,0.50027,2481.71
Kepler-1079 b,Kepler-1079,13.24503188,1.63,195.353,887.0,5758.0,1.36,1.08,0.263,591.098
Kepler-1242 b,Kepler-1242,13.62798432,2.26,28.998,639.0,4895.0,0.74,0.77,-0.51639,687.615
Kepler-1243 b,Kepler-1243,16.8320729,1.75,36.162,690.0,5667.0,0.94,0.96,-0.24358,758.17
Kepler-1081 b,Kepler-1081,3.856918547,1.01,225.216,972.0,5345.0,0.84,0.88,-0.30601,420.215
Kepler-1199 b,Kepler-1199,15.0447198,1.15,131.7,931.0,5889.0,1.17,0.94,0.18707,563.493
Kepler-1202 b,Kepler-1202,28.6851324,2.94,23.876,547.0,5834.0,1.04,1.03,-0.13389,1175.38
Kepler-519 b,Kepler-519,24.3078946,2.1,19.87,532.0,5260.0,0.8,0.89,-0.33467,246.61
Kepler-1284 b,Kepler-1284,0.664073806,1.21,2190.082,1703.0,5123.0,0.79,0.84,-0.39518,882.324
Kepler-1083 b,Kepler-1083,33.4177993,3.36,10.148,448.0,5049.0,0.77,0.81,-0.47303,902.633
Kepler-1203 b,Kepler-1203,0.588000765,1.06,723.806,1188.0,4105.0,0.61,0.64,-0.85362,317.022
Kepler-1204 b,Kepler-1204,85.7350285,3.05,7.021,448.0,5825.0,1.03,1.03,-0.05771,1175.22
Kepler-1246 b,Kepler-1246,11.32271513,1.36,26.451,554.0,4611.0,0.69,0.73,-0.7266,436.505
Kepler-1289 b,Kepler-1289,7.99019627,1.52,223.442,1113.0,6080.0,1.17,1.1,0.16032,1053.57
Kepler-1087 b,Kepler-1087,0.693842855,0.61,3496.493,2161.0,5589.0,0.94,0.96,-0.09746,362.623
Kepler-1086 b,Kepler-1086,18.78425728,2.44,9.157,433.0,4350.0,0.66,0.7,-0.85997,466.084
Kepler-1088 b,Kepler-1088,23.12748644,1.42,44.887,667.0,5975.0,1.08,1.08,0.09007,280.629
Kepler-1206 b,Kepler-1206,1.216997663,1.64,588.021,1314.0,4877.0,0.75,0.8,-0.61957,762.019
Kepler-1205 b,Kepler-1205,1.078390352,1.41,1038.493,1667.0,5226.0,0.81,0.84,-0.41829,698.485
Kepler-1249 b,Kepler-1249,24.3347127,2.38,98.336,647.0,6202.0,1.28,1.19,0.42782,1904.54
Kepler-1250 b,Kepler-1250,2.607543834,1.92,1866.193,1431.0,5717.0,0.98,0.99,0.34255,2126.85
Kepler-1293 b,Kepler-1293,5.57654784,0.97,929.122,1183.0,6241.0,1.28,1.18,0.60386,1028.16
Kepler-513 b,Kepler-513,28.86235584,2.2,36.527,623.0,5849.0,1.06,1.02,0.07874,468.258
Kepler-1092 b,Kepler-1092,58.6017925,2.07,17.016,508.0,5862.0,1.0,0.99,0.09586,981.233
Kepler-1209 b,Kepler-1209,25.369116,1.51,63.246,755.0,6210.0,1.38,1.23,0.34256,505.531
Kepler-1252 b,Kepler-1252,15.0540329,1.67,57.579,665.0,5949.0,1.09,1.06,-0.12958,648.979
Kepler-1253 b,Kepler-1253,68.8861915,1.33,21.624,501.0,5850.0,1.1,0.97,0.34479,514.524
Kepler-1156 b,Kepler-1156,11.89520511,1.32,83.014,787.0,5778.0,1.0,1.0,-0.06802,691.331
Kepler-1155 b,Kepler-1155,33.469743,2.03,32.52,609.0,5842.0,1.03,1.03,0.0472,1128.72
Kepler-1093 b,Kepler-1093,25.0824626,1.95,98.8,776.0,6166.0,1.2,1.13,0.46038,1072.88
Kepler-1094 b,Kepler-1094,78.1000231,3.18,10.336,480.0,6112.0,1.21,1.14,0.17811,1291.01
Kepler-1213 b,Kepler-1213,5.34982412,1.19,595.424,1156.0,6050.0,1.21,1.14,0.39455,807.812
Kepler-1255 b,Kepler-1255,36.2919336,2.32,39.671,694.0,6018.0,1.12,1.08,0.30726,1617.07
Kepler-1256 b,Kepler-1256,12.4127754,1.49,211.549,933.0,6129.0,1.36,1.17,0.42833,891.192
Kepler-1160 b,Kepler-1160,7.97034958,2.14,93.308,839.0,5519.0,0.89,0.92,-0.34326,1077.63
Kepler-1158 b,Kepler-1158,13.5396293,2.34,449.699,1079.0,6203.0,1.95,1.41,0.84033,1484.25
Kepler-1097 b,Kepler-1097,187.747029,3.26,1.3,267.0,5211.0,0.79,0.82,-0.40444,719.802
Kepler-1095 b,Kepler-1095,4.27103091,1.21,356.54,1108.0,5658.0,0.92,0.94,-0.09285,792.522
Kepler-1217 b,Kepler-1217,2.032325072,1.99,1302.948,1542.0,5905.0,1.08,1.06,0.08509,1347.71
Kepler-1216 b,Kepler-1216,4.37034536,1.39,415.553,1191.0,5743.0,0.98,0.99,0.0729,1258.36
Kepler-1257 b,Kepler-1257,2.668313762,1.52,546.908,1252.0,5502.0,0.87,0.9,-0.13622,1105.95
Kepler-1260 b,Kepler-1260,19.1187753,1.77,171.926,823.0,5961.0,1.08,1.06,0.52565,1734.43
Kepler-1163 b,Kepler-1163,6.11786898,1.03,511.757,1211.0,6302.0,1.35,1.22,0.39636,478.647
Kepler-1100 b,Kepler-1100,6.42200058,1.75,238.508,1000.0,6247.0,1.34,1.21,0.08792,693.618
Kepler-1098 b,Kepler-1098,2.543072855,1.3,995.67,1319.0,5794.0,0.99,0.99,0.15655,1049.19
Kepler-1261 b,Kepler-1261,48.4308991,2.26,4.744,396.0,5006.0,0.77,0.82,-0.5233,744.294
Kepler-1166 b,Kepler-1166,33.2406882,1.69,14.188,486.0,5446.0,0.86,0.9,-0.25594,634.906
Kepler-1167 b,Kepler-1167,1.003933739,1.71,1039.697,1419.0,4971.0,0.75,0.79,-0.53589,820.905
Kepler-1103 b,Kepler-1103,19.79191978,2.27,160.282,736.0,6092.0,1.15,1.11,0.52181,1331.92
Kepler-1221 b,Kepler-1221,12.00096042,1.88,37.81,632.0,5194.0,0.82,0.87,-0.355,913.65
Kepler-522 b,Kepler-522,38.58422849,6.91,63.855,761.0,6392.0,1.98,1.54,0.65452,639.239
Kepler-1264 b,Kepler-1264,0.968526023,1.18,2367.804,1677.0,5791.0,0.98,0.99,-0.05475,801.993
Kepler-1169 b,Kepler-1169,6.11009134,0.94,348.046,1125.0,6191.0,1.23,1.24,0.26202,522.823
Kepler-1168 b,Kepler-1168,55.8226539,2.5,4.107,379.0,5157.0,0.82,0.87,-0.5302,752.666
Kepler-1106 b,Kepler-1106,1.252752174,1.65,2399.974,2199.0,6104.0,1.17,1.11,0.15896,1090.7
Kepler-1226 b,Kepler-1226,17.2923453,1.45,140.376,809.0,5923.0,1.02,1.02,0.35947,1125.72
Kepler-1266 b,Kepler-1266,28.474748,2.58,10.313,489.0,5044.0,0.76,0.8,-0.52996,849.312
Kepler-1268 b,Kepler-1268,40.9903986,2.03,40.652,627.0,5904.0,1.09,1.06,0.34483,1840.77
Kepler-1171 b,Kepler-1171,1.44259224,2.56,10171.005,2700.0,7044.0,1.95,1.58,0.86922,573.0
Kepler-1172 b,Kepler-1172,26.0204423,3.2,26.356,675.0,5558.0,0.89,0.92,-0.16073,1306.53
Kepler-1109 b,Kepler-1109,37.6467384,2.19,11.382,787.0,5893.0,1.06,1.05,-0.07583,685.087
Kepler-1110 b,Kepler-1110,9.69312032,2.66,43.136,609.0,4781.0,0.7,0.73,-0.63653,726.828
Kepler-1229 b,Kepler-1229,86.828989,1.4,0.524,212.0,3784.0,0.51,0.54,-1.533,265.482
Kepler-436 c,Kepler-436,16.79713874,2.33,14.52,503.0,4685.0,0.71,0.75,-0.701,588.867
Kepler-1270 b,Kepler-1270,6.03356196,3.32,1217.395,1598.0,5047.0,3.38,1.28,0.71321,1095.05
Kepler-804 c,Kepler-804,9.65185017,1.14,141.839,890.0,5817.0,1.05,1.01,0.04956,649.65
Kepler-1230 b,Kepler-1230,9.95661537,2.71,153.933,946.0,5961.0,1.08,1.06,0.09626,1364.22
Kepler-1271 b,Kepler-1271,3.0255955,1.48,975.181,1484.0,6143.0,1.23,1.13,0.21871,831.991
Kepler-1273 b,Kepler-1273,28.625653,2.49,14.877,573.0,5566.0,0.91,0.94,-0.3054,1114.24
Kepler-1177 b,Kepler-1177,106.247547,1.9,11.862,377.0,5712.0,0.97,0.98,0.34212,1299.97
Kepler-1179 b,Kepler-1179,2.685057492,1.32,288.57,1137.0,5212.0,0.81,0.84,-0.44424,415.205
Kepler-1152 b,Kepler-1152,1.646801908,0.87,139.601,806.0,3964.0,0.53,0.55,-1.09668,215.233
Kepler-1186 b,Kepler-1186,16.07677615,2.23,85.385,724.0,5635.0,0.93,0.95,0.06369,1337.25
Kepler-535 b,Kepler-535,4.903321551,2.36,601.891,1247.0,6123.0,1.27,1.18,0.3406,685.599
Kepler-1411 b,Kepler-1411,86.1150888,2.82,8.927,441.0,5664.0,0.92,0.95,0.04081,1660.48
Kepler-1413 b,Kepler-1413,13.1829642,1.82,42.825,661.0,5196.0,0.8,0.84,-0.39085,1167.49
Kepler-1317 b,Kepler-1317,0.568874427,1.56,2413.261,1796.0,5144.0,0.79,0.83,-0.41358,728.303
Kepler-1318 b,Kepler-1318,213.257663,3.11,0.492,202.0,4598.0,0.7,0.73,-0.72991,475.248
Kepler-1362 b,Kepler-1362,136.205626,2.6,1.011,248.0,4857.0,0.74,0.8,-0.60131,731.298
Kepler-536 b,Kepler-536,1.827082299,3.1,892.812,1877.0,5524.0,0.89,0.92,-0.21446,462.322
Kepler-1415 b,Kepler-1415,0.63642408,1.29,2138.079,1846.0,5267.0,0.84,0.89,-0.29708,1043.56
Kepler-1320 b,Kepler-1320,0.868386528,1.7,672.113,1389.0,4817.0,0.74,0.8,-0.72896,647.424
Kepler-1321 b,Kepler-1321,11.12830484,4.92,13.547,408.0,4094.0,0.53,0.54,-0.8624,769.146
Kepler-1366 b,Kepler-1366,2.164570968,1.43,134.981,783.0,4070.0,0.6,0.62,-0.99602,465.826
Kepler-903 c,Kepler-903,62.9228557,2.53,24.791,462.0,5682.0,0.97,0.98,0.36464,1369.24
Kepler-758 e,Kepler-758,8.1934719,1.53,588.402,1144.0,6228.0,1.42,1.16,0.56281,1502.32
Kepler-1417 b,Kepler-1417,20.3505213,1.0,114.332,695.0,5839.0,1.02,1.02,0.39458,991.845
Kepler-1322 b,Kepler-1322,0.962867382,1.61,2651.424,1666.0,5488.0,0.87,0.9,-0.10053,1350.32
Kepler-525 b,Kepler-525,18.68404933,2.63,176.232,832.0,5573.0,1.15,0.95,0.525,992.852
Kepler-722 c,Kepler-722,105.144749,2.82,5.48,401.0,5863.0,1.05,1.03,-0.03923,1239.5
Kepler-1422 b,Kepler-1422,18.6051942,2.02,156.9,833.0,6194.0,1.23,1.15,0.44726,2465.84
Kepler-1327 b,Kepler-1327,14.88801098,1.8,79.9,831.0,5885.0,1.03,1.02,0.0362,678.069
Kepler-1368 b,Kepler-1368,0.675649486,1.65,4849.257,2085.0,5906.0,1.08,1.07,0.05077,1635.82
Kepler-769 c,Kepler-769,15.9870174,1.79,86.761,803.0,6186.0,1.28,1.19,0.1791,1169.57
Kepler-770 c,Kepler-770,1.475322314,1.2,833.588,2740.0,5598.0,0.92,0.94,0.05399,930.457
Kepler-1430 b,Kepler-1430,2.46050993,1.18,208.54,969.0,4796.0,0.72,0.77,-0.81553,875.523
Kepler-1431 b,Kepler-1431,5.86601526,1.47,469.819,1064.0,5806.0,1.03,1.03,0.24349,1623.24
Kepler-1328 b,Kepler-1328,4.52158888,0.98,545.672,1214.0,5780.0,0.99,1.0,0.2276,813.543
Kepler-1329 b,Kepler-1329,9.33646594,2.17,26.645,577.0,4500.0,0.69,0.72,-0.77081,588.037
Kepler-527 b,Kepler-527,13.28535633,2.84,147.046,1157.0,6388.0,1.45,1.28,0.32269,750.04
Kepler-1371 b,Kepler-1371,3.4462039,0.73,414.765,1015.0,5361.0,0.83,0.87,-0.19829,515.334
Kepler-770 d,Kepler-770,4.15244722,1.4,209.752,1941.0,5598.0,0.92,0.94,0.05399,930.457
Kepler-896 b,Kepler-896,144.547396,2.53,1.99,303.0,5262.0,0.81,0.84,0.48148,2334.93
Kepler-1427 b,Kepler-1427,0.968972376,1.1,2730.51,1844.0,5793.0,1.01,1.01,0.0156,1220.0
Kepler-1332 b,Kepler-1332,11.87456832,1.37,77.559,728.0,5581.0,0.9,0.95,-0.13733,528.685
Kepler-1330 b,Kepler-1330,10.10769068,1.65,322.399,879.0,5608.0,0.94,0.97,0.42575,1720.48
Kepler-1373 b,Kepler-1373,1.29123275,1.16,8385.9,1887.0,6299.0,1.33,1.22,0.77358,1699.46
Kepler-1374 b,Kepler-1374,10.65276707,2.29,59.789,737.0,5323.0,0.81,0.85,-0.36814,1078.46
Kepler-1311 c,Kepler-1311,2.53573424,1.22,2144.553,1671.0,5748.0,1.4,1.05,0.47186,866.331
Kepler-1428 b,Kepler-1428,10.67607169,1.64,817.579,1049.0,6184.0,1.36,1.28,0.94388,1530.32
Kepler-1429 b,Kepler-1429,4.48487493,1.29,551.156,1199.0,5902.0,1.07,1.05,0.13795,1214.09
Kepler-1335 b,Kepler-1335,6.26406846,1.45,80.741,809.0,4903.0,0.74,0.77,-0.5555,621.853
Kepler-528 b,Kepler-528,19.78297415,2.08,68.971,708.0,5807.0,1.06,1.01,0.15784,784.23
Kepler-1321 c,Kepler-1321,2.226491086,2.4,115.909,697.0,4094.0,0.53,0.54,-0.8624,769.146
Kepler-1433 b,Kepler-1433,4.13592271,1.56,535.42,1226.0,6097.0,1.19,1.14,0.247,1328.0
Kepler-1337 b,Kepler-1337,24.4002549,2.41,9.183,437.0,4523.0,0.67,0.7,-0.74221,601.629
Kepler-1339 b,Kepler-1339,1.341555127,0.71,3094.817,1642.0,5586.0,0.93,0.94,0.18765,371.049
Kepler-1377 b,Kepler-1377,0.740928422,1.25,2909.21,1873.0,5218.0,0.82,0.86,-0.29327,1146.1
Kepler-1378 b,Kepler-1378,11.95398936,2.2,14.867,525.0,4407.0,0.67,0.7,-0.90346,506.434
Kepler-1370 c,Kepler-1370,7.44142113,1.27,503.722,1075.0,6202.0,1.29,1.19,0.45795,1004.1
Kepler-1295 b,Kepler-1295,3.81371974,1.55,279.941,1029.0,5486.0,0.89,0.92,-0.28279,1174.46
Kepler-1296 b,Kepler-1296,8.3839865,0.91,399.015,1285.0,5359.0,0.83,0.87,0.48615,1551.54
Kepler-1341 b,Kepler-1341,132.9968322,2.99,1.141,241.0,4662.0,0.72,0.79,-0.63776,476.957
Kepler-529 b,Kepler-529,1.980357663,1.86,1808.41,1662.0,6087.0,1.14,1.07,0.207,799.008
Kepler-1380 b,Kepler-1380,10.3108245,1.43,90.1,786.0,5570.0,0.94,0.96,0.47259,2462.94
Kepler-1391 b,Kepler-1391,54.4092333,1.68,33.335,513.0,5840.0,1.1,1.03,0.43939,1038.35
Kepler-1392 b,Kepler-1392,15.1410397,1.96,61.42,714.0,5479.0,0.85,0.88,-0.231,1117.0
Kepler-1297 b,Kepler-1297,1.68189002,0.97,2760.593,1790.0,5818.0,0.99,0.99,0.30193,1439.47
Kepler-1343 b,Kepler-1343,3.35183158,1.93,1021.904,1294.0,5759.0,0.93,0.95,0.19529,1756.71
Kepler-1344 b,Kepler-1344,4.7683049,1.84,425.169,1219.0,5981.0,1.13,1.09,0.14599,853.959
Kepler-1383 b,Kepler-1383,13.9093583,1.41,231.396,928.0,6370.0,1.44,1.26,0.56772,1027.21
Kepler-1381 b,Kepler-1381,25.3842686,2.25,29.701,649.0,5747.0,0.94,0.96,-0.11708,1197.04
Kepler-1393 b,Kepler-1393,2.44357812,0.8,574.37,1249.0,5697.0,0.92,0.95,0.15136,544.456
Kepler-1300 b,Kepler-1300,22.2419092,1.37,149.409,954.0,6130.0,1.79,1.29,0.63621,777.025
Kepler-616 c,Kepler-616,90.4113556,3.41,6.86,413.0,5753.0,0.97,0.98,-0.11149,945.775
Kepler-1347 b,Kepler-1347,14.00947528,1.03,34.32,617.0,5193.0,0.79,0.82,-0.388,321.0
Kepler-1345 b,Kepler-1345,44.6169557,2.36,68.469,693.0,6449.0,1.55,1.32,0.69266,1355.02
Kepler-1385 b,Kepler-1385,2.88879862,0.85,1591.477,1423.0,5732.0,1.29,1.15,0.45032,688.795
Kepler-1384 b,Kepler-1384,15.36262753,1.94,32.23,608.0,4919.0,0.74,0.78,-0.539,618.0
Kepler-1397 b,Kepler-1397,47.449955,1.72,58.103,551.0,6026.0,1.12,1.09,0.59141,1198.25
Kepler-1398 b,Kepler-1398,2.78815679,0.9,1249.488,1510.0,6126.0,1.18,1.13,0.31211,852.204
Kepler-1396 b,Kepler-1396,18.2206421,2.07,71.816,786.0,6195.0,1.27,1.18,0.20377,1066.46
Kepler-1302 b,Kepler-1302,8.83922659,1.43,58.344,778.0,5236.0,0.82,0.86,-0.46714,634.58
Kepler-1304 b,Kepler-1304,16.1288853,2.29,61.87,715.0,5259.0,0.81,0.85,0.63938,2176.08
Kepler-1350 b,Kepler-1350,4.4968604,2.52,27.176,535.0,3827.0,0.53,0.55,-1.2834,340.691
Kepler-1348 b,Kepler-1348,27.5722742,1.94,49.665,636.0,5911.0,1.04,1.04,0.20429,1213.82
Kepler-1387 b,Kepler-1387,2.279526656,0.93,300.312,1123.0,5046.0,0.77,0.82,-0.56045,455.358
Kepler-1398 c,Kepler-1398,4.13827595,1.03,738.183,1324.0,6126.0,1.18,1.13,0.31211,852.204
Kepler-1400 b,Kepler-1400,9.06689421,1.62,44.517,725.0,5044.0,0.78,0.83,-0.57763,752.237
Kepler-1307 b,Kepler-1307,18.01621096,2.47,41.185,768.0,5884.0,1.08,1.06,-0.20496,1014.62
Kepler-1351 b,Kepler-1351,0.916140768,0.65,421.965,1212.0,4439.0,0.67,0.7,-0.98254,202.782
Kepler-521 b,Kepler-521,22.20813214,3.18,160.612,803.0,6406.0,1.46,1.34,0.67119,830.638
Kepler-1390 b,Kepler-1390,6.48021673,1.18,171.133,934.0,5753.0,0.98,0.98,-0.10022,723.431
Kepler-531 b,Kepler-531,29.88485741,2.78,10.007,453.0,4893.0,0.75,0.78,-0.55216,252.762
Kepler-1389 b,Kepler-1389,99.2530951,1.77,1.871,300.0,5078.0,0.74,0.81,-0.53422,497.093
Kepler-1401 b,Kepler-1401,11.20066445,1.68,100.91,808.0,5964.0,1.1,1.07,0.14,1425.43
Kepler-1402 b,Kepler-1402,2.03387914,0.76,2491.119,1789.0,5416.0,0.87,0.9,0.44774,1493.64
Kepler-1308 b,Kepler-1308,2.104338119,0.52,58.108,662.0,3468.0,0.34,0.35,-1.50254,112.705
Kepler-1309 b,Kepler-1309,28.8432647,2.37,13.77,491.0,5235.0,0.8,0.85,-0.60322,845.0
Kepler-1352 b,Kepler-1352,1.877882748,0.89,1892.586,1701.0,6118.0,1.16,1.11,0.263,670.829
Kepler-1353 b,Kepler-1353,24.7543966,1.8,10.767,491.0,4776.0,0.72,0.76,-0.6146,593.384
Kepler-532 b,Kepler-532,12.92491623,2.57,34.089,620.0,5192.0,0.79,0.87,-0.45789,312.798
Kepler-1403 b,Kepler-1403,5.19492202,2.14,699.644,1238.0,6060.0,1.15,1.11,0.37208,2163.9
Kepler-1405 b,Kepler-1405,28.2274184,3.96,33.802,565.0,5925.0,1.07,1.05,0.02238,1530.3
Kepler-1310 b,Kepler-1310,0.679336272,1.44,2830.91,1883.0,5549.0,0.88,0.91,-0.19177,569.185
Kepler-1312 b,Kepler-1312,5.448325286,2.1,219.117,978.0,5719.0,0.92,0.99,-0.09874,299.104
Kepler-517 b,Kepler-517,60.92832271,2.67,10.555,467.0,5690.0,0.98,0.95,-0.01857,289.907
Kepler-1356 b,Kepler-1356,0.634002937,1.53,1966.057,1714.0,5106.0,0.78,0.82,-0.4863,845.228
Kepler-1354 b,Kepler-1354,76.613377,2.97,18.86,466.0,6168.0,1.24,1.16,0.30208,1119.45
Kepler-1050 c,Kepler-1050,21.1284569,1.48,40.644,935.0,6010.0,1.13,1.09,0.05871,490.488
Kepler-1407 b,Kepler-1407,20.0711504,2.25,78.667,826.0,6010.0,1.15,1.1,0.27131,1396.41
Kepler-1313 b,Kepler-1313,3.833091178,1.76,227.198,1012.0,5453.0,0.85,0.92,-0.3248,174.234
Kepler-1359 b,Kepler-1359,59.4970952,2.83,2.451,369.0,4709.0,0.72,0.78,-0.7173,614.859
Kepler-1360 b,Kepler-1360,40.5286413,3.4,82.564,933.0,6778.0,1.83,1.51,0.92337,1516.27
Kepler-1611 b,Kepler-1611,5.1762429,0.81,146.22,1243.0,5605.0,0.93,0.94,-0.113,908.444
Kepler-1463 b,Kepler-1463,25.15864,1.86,57.634,619.0,5679.0,0.95,0.96,0.09195,1687.47
Kepler-1543 b,Kepler-1543,6.96710269,2.71,375.651,1774.0,6561.0,1.65,1.39,0.48688,921.784
Kepler-1578 b,Kepler-1578,1.450886907,1.04,1486.438,1700.0,5545.0,0.86,0.9,-0.16523,1064.05
Kepler-626 b,Kepler-626,14.48585199,2.29,69.795,784.0,5813.0,1.05,1.01,-0.04194,635.643
Kepler-1465 b,Kepler-1465,31.8277111,1.77,6.246,668.0,4726.0,0.71,0.75,-0.65202,359.497
Kepler-1466 b,Kepler-1466,31.1750448,1.55,21.875,585.0,5884.0,1.02,1.01,-0.02273,631.949
Kepler-1546 b,Kepler-1546,19.5974971,3.13,36.302,671.0,5623.0,0.93,0.95,-0.12963,931.956
Kepler-1548 b,Kepler-1548,124.828679,2.64,1.933,350.0,5706.0,0.97,0.99,-0.30667,872.279
Kepler-1613 b,Kepler-1613,1.5184299,2.08,6797.623,1926.0,6005.0,1.12,1.08,0.63777,1508.33
Kepler-1468 c,Kepler-1468,3.54553021,1.15,1479.567,1448.0,5893.0,1.05,1.04,0.53118,1899.24
Kepler-1582 b,Kepler-1582,4.83817712,1.49,2.5,354.0,3208.0,0.3,0.28,-2.38864,78.8906
Kepler-1469 b,Kepler-1469,21.8635301,2.8,24.901,551.0,5507.0,0.89,0.92,-0.2739,1159.3
Kepler-633 b,Kepler-633,8.50340718,1.63,454.5,1021.0,5899.0,1.15,1.02,0.16,680.54
Kepler-1550 b,Kepler-1550,225.582809,3.02,2.305,348.0,5991.0,1.11,1.07,0.11945,1179.01
Kepler-1552 b,Kepler-1552,184.771853,2.47,1.854,268.0,5202.0,0.78,0.85,-0.20141,769.096
Kepler-1584 b,Kepler-1584,13.3997099,1.61,162.544,886.0,6069.0,1.13,1.1,0.25226,1416.31
Kepler-556 b,Kepler-556,11.72292176,2.24,81.641,766.0,5740.0,0.98,1.0,-0.04785,674.598
Kepler-629 b,Kepler-629,7.2385854,1.38,103.147,816.0,5444.0,0.84,0.93,-0.28344,372.05
Kepler-630 b,Kepler-630,161.4743937,3.18,5.568,343.0,5829.0,1.04,1.02,0.30233,839.784
Kepler-1470 b,Kepler-1470,16.2950903,1.07,23.918,574.0,4961.0,0.76,0.8,-0.48551,590.601
Kepler-1475 b,Kepler-1475,82.177374,2.92,13.76,441.0,6214.0,1.28,1.18,0.25381,1568.38
Kepler-1476 b,Kepler-1476,10.35863224,1.67,75.641,860.0,5663.0,0.96,0.98,-0.2429,1002.74
Kepler-154 f,Kepler-154,9.91935684,1.5,139.884,838.0,5769.0,0.98,0.98,0.03322,915.212
Kepler-1165 b,Kepler-1165,9.478522,1.55,464.773,946.0,6080.0,1.18,1.13,0.55152,1575.2
Kepler-1587 b,Kepler-1587,9.4060467,1.33,254.701,981.0,5933.0,1.22,1.08,0.32586,1026.48
Kepler-579 b,Kepler-579,9.66857723,2.0,60.609,730.0,5636.0,0.96,0.99,-0.31094,530.765
Kepler-1619 b,Kepler-1619,23.6225913,0.76,74.635,797.0,5852.0,1.0,1.0,0.32575,734.85
Kepler-132 e,Kepler-132,110.2869374,1.18,6.1,414.0,6023.0,1.1,1.03,0.157,349.549
Kepler-1471 b,Kepler-1471,3.63899398,1.41,314.233,1238.0,5660.0,0.93,0.95,-0.19895,978.678
Kepler-1554 b,Kepler-1554,198.088774,2.9,1.014,288.0,5297.0,0.81,0.84,-0.39312,946.847
Kepler-541 b,Kepler-541,5.08005848,3.36,1452.904,1673.0,6166.0,2.06,1.41,0.75505,1060.68
Kepler-1589 b,Kepler-1589,0.991665274,1.09,5228.785,2102.0,6166.0,1.25,1.18,0.32934,1513.14
Kepler-686 b,Kepler-686,1.594745463,12.15,2132.903,1539.0,5649.0,0.92,0.94,0.10792,1490.94
Kepler-1473 b,Kepler-1473,14.4273551,1.19,111.011,783.0,6046.0,1.09,1.09,0.19358,652.253
Kepler-1472 b,Kepler-1472,38.1312831,1.9,57.079,613.0,6159.0,1.25,1.16,0.42003,1479.14
Kepler-1474 b,Kepler-1474,36.4333452,2.16,21.392,561.0,5870.0,1.04,1.04,0.0291,1180.9
Kepler-1556 b,Kepler-1556,8.82713457,1.96,92.138,797.0,5608.0,0.95,0.97,-0.23063,944.54
Kepler-542 b,Kepler-542,13.14497566,1.57,61.573,698.0,5526.0,0.9,0.93,-0.12185,436.016
Kepler-1592 b,Kepler-1592,3.05710069,1.54,1918.34,1202.0,6213.0,1.28,1.18,0.50716,1639.47
Kepler-1623 b,Kepler-1623,4.36128348,1.31,243.08,1000.0,5772.0,1.0,1.0,-0.17154,837.481
Kepler-1622 b,Kepler-1622,10.8118737,1.47,236.005,922.0,6436.0,1.5,1.31,0.37304,796.477
Kepler-631 b,Kepler-631,17.97979059,2.9,94.137,828.0,6185.0,1.33,1.24,0.38915,761.966
Kepler-1477 b,Kepler-1477,11.55530021,1.18,78.163,674.0,5100.0,0.78,0.81,-0.19624,680.828
Kepler-1478 b,Kepler-1478,26.0840594,1.73,85.282,598.0,5904.0,1.06,1.04,0.30415,1845.58
Kepler-1558 b,Kepler-1558,3.50470358,0.68,189.886,1019.0,5101.0,0.79,0.83,-0.48006,325.737
Kepler-1557 b,Kepler-1557,3.74032496,1.53,645.543,1287.0,6099.0,1.17,1.11,0.11938,1380.16
Kepler-544 b,Kepler-544,21.41616926,2.12,126.031,748.0,6206.0,1.22,1.16,0.52864,963.18
Kepler-1442 b,Kepler-1442,81.4162941,3.93,25.972,522.0,6394.0,1.44,1.34,0.65109,608.68
Kepler-1435 b,Kepler-1435,4.45343281,0.86,893.886,1331.0,6356.0,1.32,1.21,0.4683,704.211
Kepler-1559 b,Kepler-1559,0.971915428,0.72,1620.063,1609.0,5316.0,0.82,0.86,-0.27638,614.827
Kepler-1596 b,Kepler-1596,66.373379,1.9,33.378,471.0,5706.0,0.92,0.95,0.43061,2146.23
Kepler-403 d,Kepler-403,13.61159129,1.42,285.295,958.0,6209.0,1.45,1.25,0.64405,840.269
Kepler-1443 b,Kepler-1443,2.41811321,0.97,2809.165,1602.0,6289.0,1.27,1.19,0.56075,593.646
Kepler-1438 b,Kepler-1438,2.31942009,0.94,561.12,1490.0,5530.0,0.96,0.97,0.12254,1154.13
Kepler-1562 b,Kepler-1562,64.2737752,3.55,31.768,554.0,5760.0,1.05,1.02,0.49073,2060.72
Kepler-1561 b,Kepler-1561,1.005207007,1.09,2364.807,1682.0,5957.0,1.11,1.07,-0.02044,839.076
Kepler-1598 b,Kepler-1598,4.34195123,0.95,308.46,1236.0,5940.0,1.09,1.07,-0.03931,619.862
Kepler-1445 b,Kepler-1445,10.60052251,0.96,248.548,987.0,6150.0,1.26,1.13,0.33963,506.357
Kepler-511 b,Kepler-511,296.637865,6.35,4.208,332.0,5770.0,1.2,1.0,0.49754,651.999
Kepler-1564 b,Kepler-1564,18.0540381,1.47,41.514,635.0,5528.0,0.9,0.93,-0.13536,908.805
Kepler-1563 b,Kepler-1563,3.43276598,0.75,390.57,1134.0,5765.0,0.99,1.0,-0.0102,616.697
Kepler-1565 b,Kepler-1565,1.538188437,1.19,510.566,1234.0,4940.0,0.73,0.76,-0.56447,629.93
Kepler-1602 b,Kepler-1602,11.17931605,1.34,124.507,1159.0,6296.0,1.36,1.22,0.20142,629.804
Kepler-1448 b,Kepler-1448,12.27065865,1.61,86.645,811.0,5774.0,0.93,0.95,-0.06927,768.903
Kepler-1449 b,Kepler-1449,13.2274528,1.68,271.885,867.0,5979.0,1.1,1.08,0.50864,2006.48
Kepler-1566 b,Kepler-1566,0.539915238,0.79,2340.984,1871.0,5254.0,0.81,0.84,-0.43675,466.586
Kepler-1567 b,Kepler-1567,153.979578,2.73,2.723,330.0,5655.0,0.93,0.95,-0.12183,1206.11
Kepler-597 b,Kepler-597,13.02365861,2.37,76.375,743.0,5683.0,0.95,0.97,-0.0334,663.418
Kepler-1603 b,Kepler-1603,2.27163926,1.29,1269.46,1522.0,6241.0,1.31,1.21,0.7055,2712.58
Kepler-1450 b,Kepler-1450,54.5094166,1.71,3.078,308.0,4524.0,0.68,0.71,-0.7677,505.829
Kepler-1451 b,Kepler-1451,35.622233,3.35,18.751,523.0,5782.0,0.99,1.0,-0.11938,1058.72
Kepler-603 d,Kepler-603,6.2171292,1.32,497.4,1098.0,5808.0,1.01,1.01,0.39156,1539.63
Kepler-605 c,Kepler-605,2.358951515,0.86,513.03,1278.0,5462.0,0.88,0.91,-0.24849,556.58
Kepler-1568 b,Kepler-1568,20.925392,1.3,72.568,729.0,5956.0,1.19,1.09,0.25777,916.313
Kepler-1606 b,Kepler-1606,196.435224,2.07,1.29,324.0,5422.0,0.86,0.9,-0.171,831.287
Kepler-1452 b,Kepler-1452,42.913751,2.7,73.501,810.0,6101.0,2.06,1.41,0.72107,996.32
Kepler-1571 b,Kepler-1571,3.38555488,1.52,757.132,1476.0,6297.0,1.39,1.23,0.194,675.303
Kepler-1570 b,Kepler-1570,26.548955,1.07,76.457,836.0,5550.0,0.89,0.92,0.41425,918.995
Kepler-1572 b,Kepler-1572,5.49548621,0.94,583.523,1293.0,5618.0,0.95,0.97,0.37265,946.602
Kepler-1607 b,Kepler-1607,13.6473676,0.92,449.632,913.0,6116.0,1.21,1.14,0.70881,1286.1
Kepler-1609 b,Kepler-1609,114.34219,2.22,12.975,429.0,6132.0,1.27,1.18,0.48383,1826.04
Kepler-1457 b,Kepler-1457,51.1110243,1.99,23.468,478.0,5866.0,1.01,1.01,0.21547,889.885
Kepler-1458 b,Kepler-1458,47.9872764,2.76,8.293,493.0,5653.0,0.94,0.96,-0.24032,544.45
Kepler-217 d,Kepler-217,3.88689525,1.32,2099.752,1574.0,6341.0,1.76,1.37,0.75356,1104.64
Kepler-625 c,Kepler-625,4.1653651,1.05,932.132,1048.0,5789.0,0.96,1.04,0.40647,760.708
Kepler-653 c,Kepler-653,0.900376476,0.78,3743.275,2078.0,5665.0,1.19,1.02,0.11872,595.634
Kepler-1575 b,Kepler-1575,2.55314213,1.31,803.679,1312.0,5667.0,0.92,0.95,-0.03716,1246.92
Kepler-578 b,Kepler-578,1.616883696,2.0,496.898,1774.0,5334.0,0.83,0.87,-0.3369,541.432
Kepler-1461 b,Kepler-1461,29.3494775,2.03,8.88,451.0,4919.0,0.74,0.79,-0.64483,679.106
Kepler-1541 b,Kepler-1541,8.40691199,1.16,75.56,1048.0,5282.0,0.81,0.86,-0.33627,416.692
Kepler-1576 b,Kepler-1576,6.98471973,1.04,156.608,1059.0,5876.0,1.06,1.05,-0.06329,460.91
Kepler-603 b,Kepler-603,21.05358596,2.65,97.8,731.0,5808.0,1.01,1.01,0.39156,1539.63
Kepler-640 b,Kepler-640,22.24813967,2.56,35.062,609.0,5653.0,0.94,1.01,-0.02367,557.787
Kepler-722 b,Kepler-722,4.093573252,2.63,414.601,1182.0,5863.0,1.05,1.03,-0.03923,1239.5
Kepler-634 b,Kepler-634,5.16950177,1.89,808.844,1309.0,6075.0,1.24,1.03,0.42075,888.027
Kepler-701 b,Kepler-701,10.35533177,2.84,75.623,777.0,5343.0,0.84,0.88,-0.27626,774.152
Kepler-709 b,Kepler-709,16.08524954,2.92,28.216,613.0,5071.0,0.77,0.8,-0.48148,664.843
Kepler-1625 b,Kepler-1625,287.378949,6.06,3.3,350.0,5677.0,0.94,0.96,0.43696,2310.11
Kepler-1501 b,Kepler-1501,14.5564533,1.56,100.001,787.0,6229.0,1.3,1.2,0.20231,749.06
Kepler-1500 b,Kepler-1500,15.0330105,1.2,131.818,928.0,5845.0,1.0,1.0,0.27456,1217.82
Kepler-1522 b,Kepler-1522,1.847889171,1.73,1513.457,1374.0,5706.0,0.93,0.96,0.09172,814.125
Kepler-702 b,Kepler-702,10.526294063,9.17,88.906,713.0,5419.0,0.86,0.9,-0.15908,992.071
Kepler-641 b,Kepler-641,9.48961571,1.85,311.788,926.0,5713.0,1.13,1.02,0.39002,969.918
Kepler-1626 b,Kepler-1626,4.13962966,2.02,1328.654,1352.0,6826.0,1.85,1.51,0.61079,1368.83
Kepler-609 b,Kepler-609,6.521210666,3.35,258.059,932.0,5971.0,1.14,1.09,0.06548,1065.82
Kepler-724 b,Kepler-724,3.314946338,3.29,339.401,1155.0,5437.0,0.86,0.9,-0.22344,853.119
Kepler-1504 b,Kepler-1504,82.304003,2.13,25.17,485.0,5393.0,0.81,0.85,0.46829,2435.94
Kepler-1505 b,Kepler-1505,30.8609366,0.93,36.121,525.0,5686.0,0.86,0.93,0.14944,495.148
Kepler-1524 b,Kepler-1524,70.9674603,3.54,8.443,438.0,6179.0,1.25,1.17,-0.00637,381.773
Kepler-495 b,Kepler-495,3.413036221,5.23,310.021,1200.0,5346.0,0.83,0.86,-0.2375,658.924
Kepler-710 b,Kepler-710,4.347285527,1.88,710.872,1174.0,5611.0,0.91,0.94,0.26474,1448.34
Kepler-540 b,Kepler-540,172.7049784,2.71,4.525,355.0,5946.0,1.08,1.02,0.20658,390.374
Kepler-1644 b,Kepler-1644,21.0907758,1.88,31.86,606.0,5499.0,0.86,0.89,-0.215,629.27
Kepler-1507 b,Kepler-1507,16.0506213,0.84,30.476,630.0,5410.0,0.85,0.89,-0.32427,320.478
Kepler-1506 b,Kepler-1506,14.0329154,1.32,235.807,783.0,5676.0,0.93,0.95,0.42561,2366.02
Kepler-1086 c,Kepler-1086,161.5163345,2.94,0.519,211.0,4350.0,0.66,0.7,-0.85997,466.084
Kepler-604 b,Kepler-604,25.85501786,2.59,46.982,637.0,5890.0,1.03,1.02,0.09179,1026.49
Kepler-1627 b,Kepler-1627,7.20283653,3.69,143.12,794.0,5445.0,0.84,0.87,-0.30321,317.437
Kepler-1510 b,Kepler-1510,84.703921,3.36,14.036,537.0,6200.0,1.28,1.19,0.37703,1696.25
Kepler-1511 b,Kepler-1511,23.2382792,1.68,228.219,903.0,6064.0,1.29,1.17,0.83813,1475.6
Kepler-1526 b,Kepler-1526,3.908632005,2.43,99.097,787.0,4601.0,0.69,0.73,-0.70671,555.574
Kepler-643 b,Kepler-643,16.33889626,10.16,211.711,963.0,4908.0,2.52,1.0,0.47818,1063.58
Kepler-642 b,Kepler-642,4.41745855,2.9,719.373,1810.0,6570.0,1.66,1.4,0.39758,781.582
Kepler-711 b,Kepler-711,23.58914398,3.41,15.569,487.0,5222.0,0.8,0.84,-0.49939,624.575
Kepler-726 b,Kepler-726,21.80451088,3.26,25.296,543.0,5452.0,0.85,0.88,-0.31868,762.081
Kepler-401 d,Kepler-401,184.256405,2.27,8.485,380.0,6184.0,1.29,1.17,0.56611,965.56
Kepler-1512 b,Kepler-1512,20.35972599,1.18,1.6,322.0,4372.0,0.67,0.73,-1.695,162.0
Kepler-1528 b,Kepler-1528,1.791110205,1.46,1106.851,1549.0,5857.0,1.03,1.03,-0.06429,817.534
Kepler-1529 b,Kepler-1529,5.33905686,2.1,115.765,817.0,5048.0,0.77,0.81,-0.52049,661.014
Kepler-1388 d,Kepler-1388,20.9568158,2.86,8.66,363.0,4098.0,0.61,0.63,-1.1068,453.795
Kepler-622 b,Kepler-622,14.28226676,2.13,12.486,446.0,4201.0,0.61,0.64,-0.86159,284.761
Kepler-1530 b,Kepler-1530,2.5904434,1.64,353.561,1484.0,5477.0,0.88,0.92,-0.31086,489.876
Kepler-1530 c,Kepler-1530,5.3227406,1.65,135.179,1167.0,5477.0,0.88,0.92,-0.31086,489.876
Kepler-1632 b,Kepler-1632,448.303558,2.47,6.062,369.0,6137.0,1.19,1.12,0.40631,716.76
Kepler-1631 b,Kepler-1631,4.09513932,1.35,446.918,1122.0,5679.0,0.95,0.97,0.00722,1305.99
Kepler-1534 b,Kepler-1534,5.71668872,1.89,196.51,955.0,5442.0,0.86,0.9,-0.233,1107.0
Kepler-1531 b,Kepler-1531,1.138543376,1.11,4457.2,2537.0,6260.0,1.27,1.16,0.30365,666.334
Kepler-1093 c,Kepler-1093,89.722292,1.96,18.1,508.0,6166.0,1.2,1.13,0.46038,1072.88
Kepler-714 b,Kepler-714,8.098887986,9.67,484.006,986.0,5995.0,1.12,1.09,0.4599,2083.37
Kepler-1633 b,Kepler-1633,186.404271,1.58,26.258,925.0,6256.0,1.32,1.2,0.64606,1114.91
Kepler-713 b,Kepler-713,7.411141,2.48,228.283,905.0,5785.0,0.99,0.98,0.08457,1089.87
Kepler-1480 b,Kepler-1480,22.12679948,1.67,16.317,721.0,5156.0,0.81,0.85,-0.44868,500.892
Kepler-1479 b,Kepler-1479,14.53261362,1.83,98.574,746.0,5796.0,0.98,0.99,0.14528,728.668
Kepler-1481 b,Kepler-1481,5.94220998,1.23,71.94,797.0,4908.0,0.75,0.8,-0.58658,459.076
Kepler-990 c,Kepler-990,0.538354308,1.53,5272.4,2386.0,5948.0,1.08,1.05,-0.05003,802.163
Kepler-969 c,Kepler-969,1.682934604,0.99,564.581,1270.0,5214.0,0.82,0.92,-0.38876,390.354
Kepler-489 b,Kepler-489,17.276296119,7.72,20.618,538.0,5014.0,0.76,0.82,-0.51802,369.645
Kepler-1532 b,Kepler-1532,1.093663559,1.35,1705.762,1681.0,5559.0,0.88,0.91,-0.14116,798.246
Kepler-605 b,Kepler-605,3.383538066,1.44,316.718,1133.0,5462.0,0.88,0.91,-0.24849,556.58
Kepler-1635 b,Kepler-1635,469.63111,3.64,0.4,200.0,5347.0,0.85,0.89,-0.27981,1069.45
Kepler-1483 b,Kepler-1483,9.5085156,1.52,265.018,1131.0,6337.0,1.4,1.25,0.39403,1273.78
Kepler-545 b,Kepler-545,13.24934059,2.69,101.143,806.0,5882.0,1.07,1.04,0.10684,818.001
Kepler-636 b,Kepler-636,16.080661147,4.45,67.509,614.0,5203.0,0.8,0.85,-0.374,310.301
Kepler-1016 c,Kepler-1016,105.6551369,3.68,7.071,407.0,5821.0,1.0,0.99,0.12363,1402.82
Kepler-1535 b,Kepler-1535,138.9442,2.55,5.384,384.0,6021.0,1.11,1.08,0.16473,897.733
Kepler-600 b,Kepler-600,23.67517607,2.9,20.182,528.0,5279.0,0.81,0.84,-0.33922,619.723
Kepler-717 b,Kepler-717,4.40840023,2.42,398.0,1139.0,5485.0,0.85,0.88,0.60439,2805.48
Kepler-1485 b,Kepler-1485,19.9157725,1.47,85.176,728.0,6087.0,1.12,1.11,0.28006,615.66
Kepler-1484 b,Kepler-1484,30.4549136,2.11,35.92,624.0,5730.0,0.92,0.94,0.79551,2879.83
Kepler-1486 b,Kepler-1486,54.6495759,2.32,22.372,538.0,5965.0,1.12,1.08,0.31179,1769.14
Kepler-342 e,Kepler-342,1.644224613,0.88,3111.322,1897.0,6366.0,1.34,1.26,0.45345,781.611
Kepler-582 b,Kepler-582,18.49235668,3.68,25.056,603.0,5564.0,0.91,0.93,-0.41418,613.179
Kepler-1129 c,Kepler-1129,76.5369586,2.73,7.006,503.0,5831.0,1.0,1.0,-0.0274,1183.88
Kepler-1538 b,Kepler-1538,175.138819,2.82,1.989,346.0,5837.0,1.03,1.03,-0.08496,1125.3
Kepler-644 b,Kepler-644,3.173917103,3.15,2381.77,1655.0,6747.0,1.81,1.49,0.71041,1318.05
Kepler-1487 b,Kepler-1487,7.31946363,2.13,323.294,1682.0,6541.0,1.63,1.38,0.55664,1014.62
Kepler-581 b,Kepler-581,40.6069821,2.63,12.39,521.0,5772.0,1.0,1.0,-0.16946,703.758
Kepler-1516 b,Kepler-1516,7.25931979,1.75,615.253,967.0,5904.0,1.07,1.04,0.44571,1358.95
Kepler-1047 c,Kepler-1047,3.18897601,0.99,1323.065,1309.0,5754.0,1.13,1.08,0.42359,817.647
Kepler-1409 b,Kepler-1409,0.764864926,1.04,1552.133,1733.0,5160.0,0.79,0.83,-0.4219,694.89
Kepler-585 b,Kepler-585,2.752359753,2.83,489.149,1178.0,5593.0,0.93,0.96,-0.16334,585.187
Kepler-1488 b,Kepler-1488,39.8189932,1.86,73.335,650.0,5820.0,1.31,1.05,0.58748,905.825
Kepler-697 b,Kepler-697,3.709870645,4.13,472.236,1151.0,5513.0,0.88,0.92,-0.02543,1277.33
Kepler-1425 b,Kepler-1425,14.4541302,0.94,216.405,676.0,5718.0,0.95,0.97,0.39762,863.873
Kepler-1350 c,Kepler-1350,1.766789062,1.73,94.054,730.0,3827.0,0.53,0.55,-1.2834,340.691
Kepler-719 b,Kepler-719,5.007317779,8.52,234.28,998.0,5777.0,0.98,0.99,0.44767,2497.51
Kepler-1491 b,Kepler-1491,16.5861762,1.51,138.108,821.0,5728.0,0.99,1.0,0.35471,2065.59
Kepler-1492 b,Kepler-1492,16.75255007,1.49,11.523,801.0,4712.0,0.72,0.77,-0.75433,331.553
Kepler-698 b,Kepler-698,16.32976218,3.68,172.557,727.0,5612.0,0.91,0.94,0.38841,1995.57
Kepler-1454 b,Kepler-1454,47.0319479,1.88,9.08,492.0,5448.0,0.86,0.9,-0.25509,780.566
Kepler-460 c,KIC 5437945,220.1303357,5.52,7.4,389.0,6146.0,1.26,1.17,0.64137,1274.01
Kepler-720 b,Kepler-720,4.708326542,8.41,384.561,1162.0,5618.0,0.92,0.95,0.03222,1065.37
Kepler-547 b,Kepler-547,6.010384289,4.0,87.713,768.0,4828.0,0.73,0.78,-0.55508,378.972
Kepler-1494 b,Kepler-1494,91.080482,3.07,9.113,415.0,5659.0,0.94,0.96,0.07901,1285.48
Kepler-1520 b,Kepler-1520,0.653553572,5.77,1134.386,1437.0,4677.0,0.71,0.76,-0.67309,607.917
Kepler-1065 c,Kepler-1065,2.37030743,1.6,734.619,1256.0,5635.0,0.93,0.94,-0.11584,1122.48
Kepler-707 b,Kepler-707,2.237492751,1.33,336.673,1160.0,5099.0,0.76,0.8,-0.5014,591.776
Kepler-602 b,Kepler-602,15.28469497,2.09,128.783,852.0,6062.0,1.13,1.08,0.32624,1159.31
Kepler-606 b,Kepler-606,24.31575992,3.31,71.843,683.0,6161.0,1.22,1.13,0.25434,1215.11
Kepler-721 b,Kepler-721,5.392025388,2.64,138.751,850.0,5075.0,0.78,0.82,-0.3619,926.598
Kepler-937 c,Kepler-937,153.343364,2.67,6.93,377.0,6095.0,1.22,1.15,0.28097,1571.46
Kepler-638 b,Kepler-638,6.07972888,1.83,872.567,1111.0,5382.0,0.93,0.88,0.53162,991.214
Kepler-1073 c,Kepler-1073,4.02582254,1.64,357.082,1169.0,5792.0,1.0,1.0,-0.01023,809.897
MOA-2010-BLG-353L b,MOA-2010-BLG-353L,,11.1,,,,,0.18,,6430.0
HATS-30 b,HATS-30,3.1743516,13.170575,718.9097,1414.0,5943.0,1.061,1.093,0.09691,342.14
K2-84 c,K2-84,27.86,2.03,25.3,625.08,5652.0,0.93,0.95,-0.42274,284.876
K2-88 b,K2-88,4.6122,1.23,7.8,464.6,3537.0,0.256,0.258,-1.54478,110.561
Kepler-615 b,Kepler-615,10.35584657,1.74,19.18,620.0,4655.0,0.69,0.73,-0.695,330.0
Kepler-506 b,Kepler-506,6.8834055,2.73,330.547,1080.0,6236.0,1.19,1.19,0.28755,228.439
Kepler-668 b,Kepler-668,8.35390639,2.7,77.619,790.0,5352.0,0.82,0.87,-0.39647,784.618
Kepler-669 b,Kepler-669,4.125546869,4.83,826.765,1243.0,6038.0,1.2,1.15,0.35828,2063.41
HATS-15 b,HATS-15,1.74748753,12.385945,2201.3363,1505.0,5311.0,0.922,0.871,-0.20412,1139.55
HATS-16 b,HATS-16,2.686502,14.5717,994.8095,1592.0,5738.0,1.238,0.97,0.17319,757.044
K2-89 b,K2-89,1.096026,0.615,78.0,830.07,3691.0,0.318,0.347,-1.32653,86.0386
K2-91 b,K2-91,1.419549,1.1,46.0,726.81,3622.0,0.284,0.292,-1.84126,62.5785
Kepler-737 b,Kepler-737,28.59915399,1.96,2.297,298.0,3813.0,0.48,0.51,-1.30149,205.118
Kepler-670 b,Kepler-670,2.816504852,13.18,528.223,1219.0,5709.0,0.99,0.99,-0.1003,939.744
Kepler-671 b,Kepler-671,4.280958588,2.69,331.438,1012.0,5624.0,0.95,0.97,-0.08086,1168.26
K2-5 c,K2-5,10.93241,2.26,10.2,456.0,3930.0,0.57,0.61,-1.08341,202.943
K2-5 b,K2-5,5.73594,1.91,24.1,565.0,3930.0,0.57,0.61,-1.08341,202.943
Kepler-223 c,Kepler-223,9.84564,3.44,302.474,947.0,5803.0,1.72,1.125,0.37128,1859.71
WASP-98 b,WASP-98,2.96264036,12.823096,269.8828,1171.0,5473.0,0.741,0.809,-0.3578,281.742
Kepler-223 b,Kepler-223,7.38449,2.99,444.053,1042.0,5803.0,1.72,1.125,0.37128,1859.71
Kepler-672 b,Kepler-672,38.3774623,2.5,16.36,529.0,5627.0,0.92,0.95,-0.11219,1033.93
Kepler-571 b,Kepler-571,4.798599388,2.64,219.036,978.0,5527.0,0.9,0.93,-0.22253,723.875
K2-16 b,K2-16,7.6188,2.02,44.5,658.0,4742.0,0.66,0.68,-0.76082,334.967
K2-16 c,K2-16,19.07863,2.54,13.1,485.0,4742.0,0.66,0.68,-0.76082,334.967
K2-8 c,K2-8,5.06416,2.41,97.8,801.0,4870.0,0.74,0.78,-0.55319,403.513
Kepler-223 d,Kepler-223,14.78869,5.24,175.951,827.0,5803.0,1.72,1.125,0.37128,1859.71
Kepler-653 b,Kepler-653,14.70748976,1.95,90.384,819.0,5665.0,1.19,1.02,0.11872,595.634
Kepler-742 b,Kepler-742,8.360868238,3.24,38.101,690.0,4642.0,0.71,0.76,-0.69172,489.253
Kepler-673 b,Kepler-673,3.728731093,6.54,253.456,1023.0,5355.0,0.84,0.88,-0.34402,918.21
Kepler-154 d,Kepler-154,20.54981883,3.84,53.002,657.0,5769.0,0.98,0.98,0.03322,915.212
HD 87646 b,HD 87646,13.481,12.4,665.812,1012.7,5770.0,1.55,1.12,0.95972,73.58352
Kepler-80 e,Kepler-80,4.64489,1.6,94.781,629.0,4540.0,0.678,0.73,-0.76955,369.451
Kepler-654 b,Kepler-654,13.72465129,2.07,229.311,831.0,5865.0,1.11,1.04,0.4622,974.124
Kepler-148 d,Kepler-148,51.84688575,8.68,6.532,413.0,5172.0,0.81,0.86,-0.38342,791.163
Kepler-676 b,Kepler-676,11.59822172,3.04,8.241,396.0,3701.0,0.49,0.51,-1.29468,295.196
OGLE-2012-BLG-0026L b,OGLE-2012-BLG-0026L,,7.72,,,,,1.06,,4019.0
WASP-85 A b,WASP-85 A,2.6556777,13.89916,640.3258,1452.0,6112.0,0.935,1.09,-0.07144,141.887
Kepler-80 f,Kepler-80,0.9867873,1.21,750.964,1054.0,4540.0,0.678,0.73,-0.76955,369.451
Kepler-656 b,Kepler-656,1.260259094,3.12,924.374,1569.0,5281.0,0.82,0.86,-0.29864,890.352
Kepler-655 b,Kepler-655,46.4063358,2.71,28.767,588.0,6170.0,1.24,1.15,0.32385,752.562
Kepler-678 b,Kepler-678,7.27503724,5.14,113.64,833.0,5520.0,0.91,0.94,0.44927,1826.15
Kepler-572 b,Kepler-572,17.20523483,2.58,26.889,553.0,5212.0,0.79,0.83,-0.43426,504.667
WASP-114 b,WASP-114,1.5487743,15.008851,2978.2048,2043.0,5940.0,1.43,1.289,0.33294,523.337
WASP-113 b,WASP-113,4.54216874538,15.793481,821.405,1496.0,5890.0,1.608,1.318,0.51621,435.156
HD 59686 A b,HD 59686 A,299.36,12.7,56.2338,783.08,4658.0,13.2,1.9,1.82166,89.2721
Kepler-679 b,Kepler-679,12.39358604,3.01,56.002,677.0,5403.0,0.84,0.87,-0.34758,922.244
Kepler-680 b,Kepler-680,3.689926291,2.42,706.62,1147.0,5890.0,1.11,1.08,0.19729,1492.48
K2-47 b,K2-47,31.6372,1.89,10.7,503.72,5054.0,0.76,0.75,-0.48202,349.881
K2-48 b,K2-48,20.5065,2.24,15.3,550.56,4899.0,0.73,0.77,-0.65663,313.764
Kepler-617 b,Kepler-617,1.682696148,1.32,100.295,750.0,3712.0,0.48,0.51,-1.30507,173.354
Kepler-588 b,Kepler-588,4.221625357,2.63,718.075,1176.0,5835.0,1.0,1.01,0.20713,1209.4
Kepler-573 b,Kepler-573,22.18329658,2.79,46.44,646.0,5746.0,1.02,0.99,0.0286,771.471
Kepler-681 b,Kepler-681,26.39435646,3.08,14.151,489.0,5021.0,0.76,0.8,-0.45672,686.923
K2-49 b,K2-49,2.77065,1.93,59.0,768.28,4175.0,0.45,0.51,-0.77386,457.125
K2-58 b,K2-58,7.05254,2.68,118.0,920.17,5413.0,0.86,0.89,-0.39764,181.746
Kepler-1600 b,Kepler-1600,386.370548,3.13,0.4,209.0,5214.0,0.82,0.86,-0.33945,1030.81
Kepler-727 b,Kepler-727,5.154484417,2.53,176.685,964.0,5441.0,0.86,0.89,-0.3172,831.842
Kepler-589 b,Kepler-589,16.54964934,2.27,32.142,656.0,5296.0,0.83,0.88,-0.34669,612.803
Kepler-660 b,Kepler-660,9.27358194,2.57,44.09,649.0,4779.0,0.71,0.75,-0.62564,568.431
K2-58 c,K2-58,2.53726,1.62,462.0,1293.86,5413.0,0.86,0.89,-0.39764,181.746
K2-58 d,K2-58,22.8827,1.71,24.6,621.48,5413.0,0.86,0.89,-0.39764,181.746
Kepler-560 b,Kepler-560,18.47764449,1.72,2.46,298.0,3556.0,0.33,0.34,-1.717,109.308
Kepler-550 b,Kepler-550,8.600104109,4.42,77.258,760.0,5322.0,0.83,0.87,-0.38383,531.944
Kepler-496 b,Kepler-496,8.30864937,2.32,62.926,747.0,5293.0,0.82,0.86,-0.41551,605.274
KELT-10 b,KELT-10,4.1662739,15.681391,600.0,1377.0,5948.0,1.209,1.112,0.21748,188.404
Kepler-712 c,Kepler-712,226.89047,4.85,0.662,236.0,5148.0,0.78,0.84,-0.48393,872.493
K2-59 c,K2-59,11.2954,2.3,38.3,692.77,5055.0,0.731,0.774,-0.66037,311.313
K2-59 b,K2-59,20.6921,2.41,17.1,566.37,5055.0,0.731,0.774,-0.66037,311.313
Kepler-650 b,Kepler-650,3.032145588,2.96,1218.88,1507.0,5849.0,1.35,1.08,0.284,884.378
Kepler-728 b,Kepler-728,5.743477265,3.34,484.51,982.0,5660.0,0.93,0.95,0.22726,1765.23
Kepler-663 b,Kepler-663,4.99678284,2.6,167.979,917.0,5264.0,0.82,0.86,-0.31305,1063.09
Kepler-1629 b,Kepler-1629,3.87595807,0.77,315.457,1081.0,5776.0,1.01,1.01,-0.13437,336.09
K2-64 b,K2-64,6.53044,2.07,98.0,877.23,5312.0,0.726,0.741,-0.23421,499.891
K2-63 b,K2-63,20.257,3.22,188.0,1033.44,6771.0,1.63,1.4,0.21948,517.534
Kepler-729 b,Kepler-729,3.166353714,3.58,1089.549,1273.0,5633.0,0.91,0.94,0.26135,1921.15
Kepler-487 b,Kepler-487,15.358768403,11.42,51.492,662.0,5444.0,0.88,0.91,-0.17269,872.343
Kepler-618 b,Kepler-618,3.595769645,2.6,677.569,1296.0,5860.0,1.08,1.05,0.1732,1221.96
WASP-129 b,WASP-129,5.748145,10.42437,345.7201,1100.0,5900.0,0.9,1.0,0.11182,301.462
WASP-133 b,WASP-133,2.176423,13.56289,2054.7956,1790.0,5700.0,1.44,1.16,0.30545,559.084
K2-69 b,K2-69,7.06599,2.32,17.9,573.61,4127.0,0.491,0.551,-1.35611,180.697
K2-68 b,K2-68,8.05428,1.58,41.0,706.64,4746.0,0.675,0.73,-0.67323,168.652
Kepler-590 b,Kepler-590,5.85296257,4.02,782.415,1056.0,6000.0,1.15,1.1,0.47712,1421.81
Kepler-664 b,Kepler-664,2.525593315,2.66,652.435,1406.0,5754.0,1.02,1.01,-0.11113,1210.12
MOA-2013-BLG-605L b,MOA-2013-BLG-605L,,1.62,,,,,0.024,,850.0
K2-75 b,K2-75,7.8142,2.67,430.0,1268.65,5995.0,1.56,1.16,0.34943,561.93
K2-71 b,K2-71,6.98541,2.15,13.4,533.27,4006.0,0.426,0.477,-1.51871,153.192
Kepler-591 b,Kepler-591,81.1694299,3.39,5.615,436.0,5677.0,0.94,0.97,-0.078,785.137
HATS-25 b,HATS-25,4.2986432,14.12334,454.8721,1277.0,5715.0,1.107,0.994,0.06819,471.158
HATS-26 b,HATS-26,3.3023881,19.61575,2236.5716,1918.0,6071.0,2.04,1.299,0.70415,861.843
K2-80 b,K2-80,19.0918,2.01,32.5,666.05,5441.0,0.87,0.9,-0.43238,200.802
K2-75 c,K2-75,18.311,2.77,138.0,955.14,5995.0,1.56,1.16,0.34943,561.93
Kepler-736 b,Kepler-736,3.60147201,2.93,233.031,996.0,5217.0,0.81,0.86,-0.34984,1005.43
Kepler-735 b,Kepler-735,11.51516988,2.95,32.679,657.0,5107.0,0.8,0.85,-0.51697,695.059
Kepler-569 b,Kepler-569,34.18890521,3.16,19.314,526.0,5616.0,0.93,0.95,-0.10661,638.301
Kepler-592 b,Kepler-592,2.820192408,2.39,935.827,1367.0,5913.0,1.04,1.04,0.18506,1153.13
HATS-27 b,HATS-27,4.637038,16.8135,1342.5733,1659.0,6438.0,1.74,1.415,0.66932,816.988
K2-83 c,K2-83,9.99767,1.483,7.42,459.75,3910.0,0.424,0.484,-1.20362,125.529
K2-84 b,K2-84,6.4215,2.41,178.0,1019.22,5652.0,0.93,0.95,-0.42274,284.876
Kepler-562 b,Kepler-562,18.009314436,5.21,67.435,658.0,5575.0,0.9,0.93,0.01578,992.769
Kepler-651 b,Kepler-651,21.38521506,2.37,27.223,574.0,5522.0,0.87,0.92,-0.25322,509.408
Kepler-593 b,Kepler-593,21.21708973,2.87,61.02,706.0,5967.0,1.1,1.08,0.07929,973.76
Kepler-570 b,Kepler-570,4.301662003,2.45,214.04,1009.0,5496.0,0.9,0.93,-0.29611,568.148
MOA-2016-BLG-227L b,MOA-2016-BLG-227L,,13.2,,,,,0.29,,6500.0
Kepler-1650 b,Kepler-1650,1.53818001,0.96,54.562,602.0,3410.0,0.334,0.326,-1.871,134.397
K2-178 b,K2-178,8.747818,3.55790985,117.826,840.29,5525.0,0.887267,0.95109,-0.28382,214.753
K2-72 c,K2-72,15.189034,1.16,2.2,333.81,3360.47,0.330989,0.271365,-1.83673,66.4321
WASP-53 b,WASP-53,3.3098443,12.038466,241.6656,1053.0,4953.0,0.798,0.839,-0.46344,201.338
K2-60 b,K2-60,3.00265,7.655747,1212.0,1400.0,5500.0,1.12,0.97,0.28233,491.87
Kepler-1651 b,Kepler-1651,9.87863917,1.84,5.65,393.0,3713.0,0.503,0.522,-1.368,66.4074
BD+03 2562 b,BD+03 2562,481.9,12.7,296.5605,985.04,4095.0,32.35,1.14,2.7,1070.63
K2-72 e,K2-72,24.158868,1.29,1.2,286.34,3360.47,0.330989,0.271365,-1.83673,66.4321
K2-72 d,K2-72,7.760178,1.01,5.4,416.92,3360.47,0.330989,0.271365,-1.83673,66.4321
K2-81 b,K2-81,6.102325,1.97,62.9,739.23,4674.13,0.634663,0.745273,-0.5689,252.318
WASP-81 b,WASP-81,2.7164762,16.017661,1034.0911,1623.0,5870.0,1.283,1.08,0.24551,398.505
HD 177565 b,HD 177565,44.505,4.0,14.5941,539.21,5627.0,0.971489,1.0,-0.05395,16.9179
MOA-2012-BLG-505L b,MOA-2012-BLG-505L,,2.48,,,,,0.1,,7210.0
K2-201 c,K2-201,22.779878,3.28568401,,,5507.0,0.878161,0.956055,-0.27594,197.932
K2-201 b,K2-201,1.05979,1.40006712,,,5507.0,0.878161,0.956055,-0.27594,197.932
GJ 1148 b,GJ 1148,41.38,11.9,0.4906,232.94,3287.0,0.358519,0.344045,-1.86908,11.0143
HD 17674 b,HD 17674,623.8,13.9,0.7946,259.52,5904.0,1.18,0.98,0.20472,44.4264
HATS-22 b,HATS-22,4.7228124,10.682177,111.299,858.0,4803.0,0.689,0.759,-0.64589,229.518
TYC 4282-00605-1 b,TYC 4282-00605-1,101.54,12.4,456.431,1285.1,4300.0,16.21,0.97,1.91,464.128
K2-206 b,K2-206,18.294549,2.79522879,,,5043.0,0.758046,0.789481,-0.43502,244.443
K2-207 b,K2-207,12.48749,2.60585269,,,5522.0,0.928158,0.941851,-0.17314,363.064
K2-132 b,K2-132,9.1751,14.5717,293.374,1586.0,4840.0,3.85,1.08,0.94349,609.818
WASP-153 b,WASP-153,3.332609,17.37395,1400.0,1700.0,5914.0,1.73,1.336,0.45958,610.176
HATS-23 b,HATS-23,2.1605156,20.84874,994.8004,1654.0,5780.0,1.199,1.121,0.15534,639.004
HD 219134 b,HD 219134,3.092926,1.602,176.2,1015.0,4699.0,0.778,0.81,-0.57741,6.53127
HD 40956 b,HD 40956,578.6,13.2,23.5561,580.56,4869.0,8.56,2.0,1.66436,116.593
Ross 128 b,Ross 128,9.8658,1.11,1.38,301.0,3192.0,0.1967,0.168,-2.44129,3.37454
K2-219 b,K2-219,3.901287,1.34762583,,,5753.0,1.189232,1.021545,0.15097,325.4
OGLE-2013-BLG-1721L b,OGLE-2013-BLG-1721L,,14.1,,,,,0.46,,6300.0
HD 34445 c,HD 34445,214.67,8.42,3.8979,390.12,5836.0,1.38,1.07,0.3032,46.0907
HD 219134 d,HD 219134,46.859,1.61,4.72,410.5,4699.0,0.778,0.81,-0.57741,6.53127
HD 219134 f,HD 219134,22.717,1.31,12.38,522.6,4699.0,0.778,0.81,-0.57741,6.53127
OGLE-2016-BLG-1190L b,OGLE-2016-BLG-1190L,1220.0,12.3,,,,,0.88,,6770.0
HD 113996 b,HD 113996,610.2,12.7,113.6719,798.69,4181.0,25.11,1.49,2.46389,116.334
K2-213 b,K2-213,8.13087,1.51398464,,,5794.0,1.20424,1.069596,0.24679,389.702
K2-215 b,K2-215,8.269648,2.12381238,,,5704.0,0.974398,0.999987,-0.02639,403.964
HD 34445 d,HD 34445,117.87,6.07,8.6625,476.32,5836.0,1.38,1.07,0.3032,46.0907
HD 34445 g,HD 34445,5700.0,13.6,0.0497,131.09,5836.0,1.38,1.07,0.3032,46.0907
Kepler-20 g,Kepler-20,34.94,4.71,16.2132,524.0,5495.0,0.9639,0.948,-0.16451,282.563
NGC 2682 Sand 978 b,NGC 2682 Sand 978,511.21,13.3,,,4200.0,21.017414,1.37,2.1567,821.918
Kepler-80 g,Kepler-80,14.64558,1.13,,418.0,4540.0,0.678,0.83,-0.76955,369.451
K2-217 b,K2-217,14.074524,3.57854073,,,5967.0,1.333718,1.102661,0.23239,381.878
K2-218 b,K2-218,8.679885,2.56948149,,,5757.0,1.008231,1.047488,-0.00284,394.083
GJ 3293 c,GJ 3293,122.6196,4.87,0.17,176.62,3466.0,0.404,0.42,-1.65758,20.1903
GJ 3293 b,GJ 3293,30.5987,5.19,1.07,280.54,3466.0,0.404,0.42,-1.65758,20.1903
Wolf 1061 b,Wolf 1061,4.8869,1.21,7.34,461.1,3342.0,0.307,0.294,-1.9914,4.30592
K2-80 d,K2-80,28.867253,2.55211506,,,5377.0,0.841458,0.913111,-0.43238,200.802
Kepler-1652 b,Kepler-1652,38.09722,1.6,0.81,268.0,3638.0,0.382,0.404,-1.638,252.0
Wolf 1061 c,Wolf 1061,17.8719,1.66,1.3,299.3,3342.0,0.307,0.294,-1.9914,4.30592
PSR J2322-2650 b,PSR J2322-2650,0.322963997,13.9,,,,,1.4,,230.0
HATS-50 b,HATS-50,3.8297015,12.66617,625.3023,1275.39,5990.0,1.117,1.168,0.14301,756.742
tau Cet f,tau Cet,636.13,1.81,0.2782,201.97,5310.0,0.83,0.783,-0.30539,3.60304
WASP-91 b,WASP-91,2.798581,11.54527,332.5562,1160.0,4920.0,0.86,0.84,-0.3827,149.942
HD 9174 b,HD 9174,1179.0,13.7,0.4979,234.3,5577.0,1.67,1.03,0.38202,81.4893
HD 68402 b,HD 68402,1103.0,12.6,0.2462,196.26,5950.0,1.02,1.12,0.06819,78.4293
GJ 3138 b,GJ 3138,1.22003,1.18,118.1,902.98,3717.0,0.5,0.681,-1.34679,28.4712
MOA-2012-BLG-006L b,MOA-2012-BLG-006L,,12.6,,,,,0.49,,5300.0
WASP-105 b,WASP-105,7.87288,10.76064,166.5368,900.0,5070.0,0.9,0.89,-0.02427,169.272
HD 147873 c,HD 147873,491.54,13.3,3.2385,373.68,5972.0,2.29,1.38,0.77743,109.055
HD 128356 b,HD 128356,298.2,13.9,0.4756,232.36,4875.0,0.85,0.65,-0.4437,26.1548
GJ 3138 d,GJ 3138,257.8,3.23,0.1,151.7,3717.0,0.5,0.681,-1.34679,28.4712
TYC 3318-01333-1 b,TYC 3318-01333-1,562.0,13.1,8.1115,470.43,4776.0,5.9,1.19,1.21,490.61
GJ 625 b,GJ 625,14.628,1.49,2.0787,335.59,3499.0,0.31,0.3,-1.894,6.47249
GJ 3323 c,GJ 3323,40.54,1.32,0.17,147.8,3159.0,0.119,0.164,-2.56864,5.37484
BD+48 740 b,BD+48 740,733.0,13.5,15.1044,538.94,4534.0,10.33,1.09,1.64,666.589
K2-21 b,K2-21,9.325038,1.84,10.0,500.0,4222.06,0.646783,0.676023,-0.98492,83.6448
K2-4 b,K2-4,10.003417,2.1,15.6,563.0,4014.73,0.569359,0.635026,-0.91516,231.828
K2-21 c,K2-21,15.50192,2.49,5.1,420.0,4222.06,0.646783,0.676023,-0.98492,83.6448
WASP-141 b,WASP-141,3.310651,13.56289,1061.5542,1540.0,5900.0,1.37,1.25,0.31468,516.543
K2-31 b,K2-31,1.25785,11.88154,1272.0,1688.0,5280.0,0.78,0.91,-0.11028,110.527
GJ 3293 e,GJ 3293,13.2543,1.63,3.34,370.79,3466.0,0.404,0.42,-1.65758,20.1903
GJ 3293 d,GJ 3293,48.1345,2.67,0.59,241.22,3466.0,0.404,0.42,-1.65758,20.1903
K2-149 b,K2-149,11.332,1.64,7.0,472.41,3745.0,0.568,0.595,-1.3098,123.676
KELT-21 b,KELT-21,3.6127647,17.777474,2950.0,2051.0,7598.0,1.638,1.458,0.90472,470.878
K2-125 b,K2-125,21.750264,2.18,2.0,321.22,3654.47,0.402049,0.494727,-1.64124,124.156
V830 Tau b,V830 Tau,4.927,14.0,370.0414,1213.95,4250.0,2.0,1.0,0.08,130.111
HATS-31 b,HATS-31,3.37796,18.38276,1619.406,1823.0,6050.0,1.87,1.275,0.61909,773.974
Kepler-150 f,Kepler-150,637.2093,3.64,0.4485,227.77,5528.0,0.905339,0.97,-0.16141,891.092
Qatar-3 b,Qatar-3,2.5079204,12.285064,1330.0,1681.0,6007.0,1.272,1.145,0.27875,735.601
K2-160 b,K2-160,3.705871,3.17824034,,,5649.0,0.913754,0.982829,-0.13676,315.363
K2-128 b,K2-128,5.675819,1.42,68.8,803.1,4469.51,0.777569,0.711248,-0.82159,114.637
KELT-18 b,KELT-18,2.8717518,17.59813,3152.0,2085.0,6670.0,1.908,1.524,0.81291,321.376
K2-163 b,K2-163,6.673117,2.46610713,,,4937.0,0.762201,0.826112,-0.54141,208.529
K2-165 b,K2-165,2.354992,1.27443657,,,5185.0,0.803827,0.834847,-0.36982,134.591
K2-35 c,K2-35,5.608352,1.93,68.0,766.0,4402.71,0.619575,0.701968,-0.71881,252.596
HATS-35 b,HATS-35,1.8209993,16.409976,2440.7,2037.0,6300.0,1.433,1.317,0.46538,514.555
OGLE-2016-BLG-1195L b,OGLE-2016-BLG-1195L,,1.11,,,,,0.078,,3910.0
K2-175 b,K2-175,9.525988,2.03803688,,,5909.0,1.420038,1.094693,0.41926,247.266
K2-165 c,K2-165,4.382745,1.55409035,,,5185.0,0.803827,0.834847,-0.36982,134.591
K2-116 b,K2-116,4.655411,0.69,78.6,783.03,4348.35,0.6694,0.694512,-0.74639,49.3855
K2-102 b,K2-102,9.915615,1.3,,,4695.0,0.71,0.77,-0.65738,188.175
XO-6 b,XO-6,3.7650007,23.20263,580.386,1577.0,6720.0,1.93,1.47,0.53614,235.479
HD 6434 b,HD 6434,21.998,14.2,57.2458,786.83,5769.0,1.12,1.1,0.05,42.358
HD 68988 b,HD 68988,6.27711,13.4,340.126,1179.39,5932.0,1.19,1.28,0.22184,60.8447
HD 220074 b,HD 220074,672.09998,12.2,305.7049,1069.88,3787.0,54.92,2.2,2.89354,324.54
WASP-58 b,WASP-58,5.01718,16.02887,404.7112,1270.0,5800.0,1.22,1.06,0.16,290.404
K2-231 b,K2-231,13.841901,2.5,,,5695.0,0.95,1.01,-0.11208,321.215
HATS-39 b,HATS-39,4.5776348,17.59813,1547.1014,1645.0,6572.0,1.621,1.379,0.64048,878.521
HD 137388 b,HD 137388,330.0,9.32,0.5807,248.42,5181.0,0.88,0.68,-0.33724,40.4841
HD 13931 b,HD 13931,4218.0,13.2,0.0592,139.38,5867.0,1.25,1.3,0.1959,47.3963
HD 7199 b,HD 7199,615.0,,0.3785,218.73,5371.0,0.97,0.77,-0.1549,36.1531
HD 75289 b,HD 75289,3.50927,14.2,821.3488,1260.0,6117.0,1.23,1.29,0.31247,29.1158
WASP-72 b,WASP-72,2.21673,14.45961,6233.7915,2210.0,6250.0,2.18,2.78,0.724,434.754
HATS-40 b,HATS-40,3.2642736,17.71022,3163.3762,2101.0,6460.0,2.26,1.561,0.90309,1342.29
HATS-41 b,HATS-41,4.193649,14.90797,1300.3125,1710.0,6424.0,1.71,1.496,0.65321,737.668
HD 142022 A b,HD 142022 A,1928.0,12.9,0.1176,155.74,5421.0,1.04,0.9,0.00432,34.2802
HD 145377 b,HD 145377,103.95,12.8,7.7037,442.98,6014.0,1.05,1.2,0.19312,53.4884
HD 76700 b,HD 76700,3.97097,9.6,723.1837,1424.61,5644.0,1.37,0.99,0.25719,60.8831
HD 82886 b,HD 82886,705.0,13.3,5.568,435.78,4953.0,5.26,2.53,1.14301,127.061
HD 24040 b,HD 24040,3668.0,12.9,0.0779,143.81,5802.0,1.3,1.11,0.27569,46.6224
HD 222155 b,HD 222155,3999.0,13.4,0.1222,164.93,5701.0,1.85,1.21,0.50892,50.6078
HD 158996 b,HD 158996,820.2,12.3,234.6259,960.27,4069.0,50.3,1.8,3.01481,283.659
KPS-1 b,KPS-1,1.706291,11.54527,729.0,1459.0,5165.0,0.907,0.892,-0.35281,262.706
HD 154672 b,HD 154672,163.94,12.8,5.0225,410.76,5743.0,1.32,1.18,0.25722,63.0484
KELT-6 b,KELT-6,7.8457,14.5717,718.188,1313.0,6102.0,1.73,1.42,0.493,240.726
HAT-P-49 b,HAT-P-49,2.69155,17.82231,4392.03,2131.0,6820.0,2.06,2.22,0.814,350.351
K2-155 c,K2-155,13.85,2.6,7.0,583.0,4258.0,0.58,0.65,-1.22915,72.7998
HD 158038 b,HD 158038,521.0,13.5,5.2889,405.91,4860.0,4.5,1.3,1.07555,94.8625
HR 810 b,HR 810,302.79999,12.7,2.116,329.57,6167.0,1.13,1.34,0.25309,17.3181
BD-13 2130 b,BD-13 2130,714.29999,12.5,40.0372,744.77,4545.0,19.17,2.12,2.04268,925.214
HD 285507 b,HD 285507,6.0881,13.8,53.0123,736.35,4503.0,0.69,0.82,-0.71932,45.0293
WASP-117 b,WASP-117,10.02165,11.88154,706.3929,1001.0,6040.0,1.22,1.29,0.27413,157.963
K2-155 d,K2-155,40.718,1.9,1.67,381.0,4258.0,0.58,0.65,-1.22915,72.7998
HD 16175 b,HD 16175,990.0,12.8,0.7164,259.78,5981.0,1.72,1.63,0.50786,59.859
HD 16141 b,HD 16141,75.523,10.9,17.9052,562.87,5757.0,1.48,1.11,0.36558,37.7861
WASP-11 b,WASP-11,3.72247,12.44199,184.988,992.0,4800.0,0.89,1.42,0.0,124.73
WASP-13 b,WASP-13,4.35301,13.67498,617.309,1531.0,5950.0,1.37,0.72,0.43636,227.537
WASP-95 b,WASP-95,2.18467,13.78707,2841.0562,1570.0,5830.0,1.23,1.46,0.17781,137.544
WASP-97 b,WASP-97,2.07276,12.77826,1414.87,1555.0,5640.0,1.08,1.18,0.07149,151.068
11 UMi b,11 UMi,516.21997,12.3,114.8502,896.43,4213.0,29.79,2.78,2.42951,125.321
BD-08 2823 b,BD-08 2823,5.6,,65.7249,798.86,4816.0,0.71,0.5,-0.62597,41.3342
HD 1690 b,HD 1690,533.0,12.5,17.8958,841.73,4374.0,21.66,1.86,1.51983,752.615
WASP-14 b,WASP-14,2.24375,15.46842,1356.33,1872.0,6475.0,1.4,1.62,0.42732,161.997
WASP-101 b,WASP-101,3.58572,16.02887,1089.171,1560.0,6380.0,1.31,1.41,0.42052,201.224
BD-10 3166 b,BD-10 3166,3.48777,14.1,402.4216,1240.38,5393.0,0.91,1.47,-0.1912,84.4069
GJ 86 b,GJ 86,15.76491,12.9,33.7048,661.12,5182.0,0.77,0.93,-0.38952,10.7836
WASP-22 b,WASP-22,3.53269,13.78707,837.7034,1502.0,6000.0,1.24,1.46,0.245,317.652
HD 95127 b,HD 95127,482.0,12.4,116.3001,1151.28,4218.0,41.01,3.7,2.28,676.579
WASP-82 b,WASP-82,2.70579,18.15858,3557.29,2190.0,6480.0,2.1,1.48,0.79422,275.664
HD 204941 b,HD 204941,1733.0,10.1,0.0477,134.04,5026.0,0.78,0.58,-0.50864,28.7165
WASP-29 b,WASP-29,3.92273,8.63093,121.7724,970.0,4800.0,0.79,0.77,-0.52509,87.5953
WASP-26 b,WASP-26,2.7566,13.56289,1225.5264,1650.0,6034.0,1.22,0.86,0.28725,252.759
K2-164 b,K2-164,17.355066,3.24925008,,,5791.0,2.196069,1.180894,0.59002,375.67
K2-169 b,K2-169,6.380803,1.27328671,,,5548.0,0.919053,0.986144,-0.16063,235.867
HAT-P-22 b,HAT-P-22,3.21222,12.89035,325.569,1463.0,5302.0,1.11,1.13,-0.114,81.7647
HAT-P-24 b,HAT-P-24,3.35524,14.5717,1294.929,1637.0,6373.0,1.38,1.37,0.408,415.344
HD 212301 b,HD 212301,2.24571,14.2,1944.4444,1870.75,6239.0,1.16,1.55,0.24304,54.2304
WASP-38 b,WASP-38,6.87188,13.78707,501.5014,1250.0,6180.0,1.52,1.76,0.45294,136.24
K2-170 b,K2-170,7.576544,1.41817537,,,5748.0,0.981614,0.963657,0.0717,392.872
K2-171 b,K2-171,5.628466,2.68657205,,,5250.0,1.717458,0.891587,0.51583,606.128
HAT-P-29 b,HAT-P-29,5.72319,13.11453,433.0,1281.0,6087.0,1.3,1.45,0.31175,313.576
HD 213240 b,HD 213240,882.70001,12.8,0.7524,257.7,5979.0,1.51,1.57,0.42935,40.8707
HD 215497 b,HD 215497,3.93404,,155.6181,1015.96,5110.0,0.85,0.67,-0.41,40.5468
WASP-41 b,WASP-41,3.0524,12.3299,344.149,1244.0,5545.0,0.83,0.81,-0.19512,163.371
WASP-48 b,WASP-48,2.14363,16.8135,3410.2601,2035.0,5920.0,1.58,0.88,0.58013,454.144
K2-172 b,K2-172,14.316941,1.66608079,,,5569.0,0.868889,0.934356,-0.20215,249.742
K2-172 c,K2-172,29.62682,3.20569097,,,5569.0,0.868889,0.934356,-0.20215,249.742
K2-190 b,K2-190,10.098858,1.35673729,,,5631.0,0.912206,0.904597,-0.06781,160.679
HAT-P-5 b,HAT-P-5,2.78849,13.56289,850.6754,1517.0,5960.0,1.12,1.04,0.187,303.336
HAT-P-6 b,HAT-P-6,3.85298,16.58932,1099.44,1675.0,6570.0,1.62,1.79,0.55267,275.358
HD 218566 b,HD 218566,225.7,9.32,0.7414,253.15,4730.0,0.85,0.76,-0.45223,28.8274
HD 240237 b,HD 240237,745.70001,12.2,83.8296,1153.09,3926.0,71.23,8.76,2.49,933.377
XO-1 b,XO-1,3.94153,12.77826,321.85,1210.0,5750.0,0.88,0.88,-0.08628,163.553
XO-4 b,XO-4,4.12508,14.01125,1112.27,1630.0,6397.0,1.45,1.1,0.53558,272.655
K2-191 b,K2-191,2.858646,1.57889322,,,5176.0,0.839696,0.900994,-0.34502,287.188
K2-200 b,K2-200,2.849883,1.3643987,,,5233.0,0.791736,0.860208,-0.4288,184.131
HD 101930 b,HD 101930,70.46,10.6,5.4444,417.04,5108.0,0.86,0.57,-0.3098,30.0274
HD 2638 b,HD 2638,3.4442,14.3,292.3345,1212.27,5186.0,0.94,0.77,-0.33,54.9621
HD 30562 b,HD 30562,1157.0,13.6,0.5147,235.27,5882.0,1.61,1.12,0.45,26.1597
KELT-2 A b,KELT-2 A,4.11379,15.13215,3108.45,2080.0,6327.0,1.93,1.54,0.6889,134.058
Pr0201 b,Pr0201,4.4264,14.2,487.9693,1303.39,6174.0,1.15,1.24,0.24469,180.64
K2-173 b,K2-173,5.868699,1.60826194,,,5580.0,0.843154,0.881538,-0.05981,228.641
HD 102195 b,HD 102195,4.11377,14.2,185.2,1035.17,5301.0,0.82,0.76,-0.33442,29.3386
HD 102117 b,HD 102117,20.8133,8.47,63.8539,780.86,5655.0,1.23,1.06,0.15737,39.5792
HD 330075 b,HD 330075,3.38773,14.3,292.3345,990.0,5000.0,0.84,0.47,-0.33,45.2989
HD 34445 b,HD 34445,1049.0,13.9,0.4691,231.47,5879.0,1.38,1.14,0.3032,46.0907
HD 77338 b,HD 77338,5.7361,4.12,152.7909,1035.54,5341.0,0.97,1.37,-0.2596,45.935
HAT-P-40 b,HAT-P-40,4.45724,17.03768,1747.4151,1770.0,6080.0,1.94,1.03,0.778,464.469
HD 215152 c,HD 215152,7.28243,,66.105,783.2,4935.0,0.73,0.77,-0.52254,21.5974
HD 215152 d,HD 215152,10.86499,,38.779,685.43,4935.0,0.73,0.77,-0.52254,21.5974
HD 103197 b,HD 103197,47.84,5.83,7.52,474.97,5250.0,0.88,0.8,-0.3279,57.1463
HD 108874 b,HD 108874,394.48123,13.6,0.923,271.33,5600.0,1.05,1.1,-0.00072,59.5175
HD 40979 b,HD 40979,264.14999,12.9,2.7022,354.69,6165.0,1.21,1.45,0.29056,34.0883
HD 4203 b,HD 4203,431.88,13.3,1.4338,297.28,5596.0,1.42,1.25,0.29285,81.3795
WASP-49 b,WASP-49,2.78174,12.44199,615.4709,1400.0,5600.0,0.97,0.92,-0.05339,194.553
UKIRT-2017-BLG-001L b,UKIRT-2017-BLG-001L,,13.7,,,,,0.81,,6300.0
HD 121504 b,HD 121504,63.33,13.6,14.2224,523.32,6027.0,1.07,1.62,0.19,41.6592
HD 47186 b,HD 47186,4.0845,5.02,441.6068,1267.79,5657.0,1.08,0.96,0.04298,37.4574
WASP-66 b,WASP-66,4.08605,15.6926,1434.7739,1569.7,6600.0,1.76,1.33,0.63724,500.258
WASP-67 b,WASP-67,4.61442,12.89035,188.1062,1003.0,5200.0,0.88,0.91,-0.29441,189.469
K2-197 b,K2-197,8.357881,2.56,118.4501,848.0,5667.0,0.93,1.0,-0.11379,247.637
HD 185269 b,HD 185269,6.83776,13.8,832.9821,1455.61,5923.0,2.0,1.3,0.69362,51.9917
HD 181342 b,HD 181342,564.1,13.2,5.836,410.15,4945.0,4.71,1.69,1.17,120.391
K2-240 b,K2-240,6.034,2.0,20.1392,586.0,3810.0,0.54,0.58,-1.27572,72.9105
CoRoT-20 c,CoRoT-20,1675.0,12.2,0.1759,168.16,5880.0,1.02,1.14,0.17,844.061
HD 89345 b,HD 89345,11.8143,7.39794,275.6427,1089.0,5576.0,1.747,1.157,0.42488,132.345
WASP-158 b,WASP-158,3.656333,11.99363,903.013,1590.0,6350.0,1.39,1.38,0.48338,524.993
HD 200964 b,HD 200964,606.3,13.5,4.7312,425.95,4982.0,4.92,1.39,1.064,72.5922
K2-238 b,K2-238,3.20466,14.5717,1082.6407,1587.0,5630.0,1.59,1.19,0.36,537.963
WASP-162 b,WASP-162,9.62468,11.209,121.918,910.0,5300.0,1.11,0.95,0.05436,310.841
WASP-168 b,WASP-168,4.153658,16.8135,278.886,1340.0,6000.0,1.12,1.08,0.15518,303.941
HD 28678 b,HD 28678,380.2,13.5,16.4464,561.84,4972.0,6.48,1.53,1.35984,189.908
HD 30856 b,HD 30856,847.0,13.5,2.8926,364.02,4895.0,4.4,1.17,0.99564,131.199
OGLE-2014-BLG-1722L c,OGLE-2014-BLG-1722L,,11.0,,,,,0.4,,6400.0
K2-244 b,K2-244,21.06884,1.75,37.9007,638.0,5677.0,0.92,0.86,-0.118,212.902
K2-266 b,K2-266,0.658524,3.3,879.5,1515.0,4285.0,0.703,0.686,-0.82333,77.5586
K2-266 c,K2-266,7.814,0.705,32.4,664.5,4285.0,0.703,0.686,-0.82333,77.5586
WASP-173 A b,WASP-173 A,1.38665318,13.4508,1920.0,1880.0,5800.0,1.11,1.05,0.08279,232.98
OGLE-2011-BLG-0173L b,OGLE-2011-BLG-0173L,,9.01,,,,,0.41,,6100.0
HD 5319 b,HD 5319,637.1,13.5,3.2825,377.72,4871.0,4.06,1.27,0.908,121.405
K2-159 b,K2-159,12.42205,2.26,49.2934,684.0,5425.0,0.83,0.9,-0.29599,170.998
K2-266 e,K2-266,19.482,2.73,9.581,490.1,4285.0,0.703,0.686,-0.82333,77.5586
K2-266 d,K2-266,14.697,2.93,13.95,538.3,4285.0,0.703,0.686,-0.82333,77.5586
WASP-147 b,WASP-147,4.60273,12.498035,639.4923,1404.0,5702.0,1.429,1.044,0.28685,436.098
WASP-160 B b,WASP-160 B,3.7684952,12.21781,210.575,1119.0,5298.0,0.868,0.87,-0.31796,288.326
HD 95089 c,HD 95089,1785.0,13.1,1.2174,292.91,4918.0,5.08,1.54,1.13033,136.957
K2-166 b,K2-166,8.52695,2.19,390.3952,1140.0,5960.0,1.61,1.16,0.45848,476.882
HATS-36 b,HATS-36,4.175186,12.92,561.0,1203.0,5950.0,1.1,1.1,0.21484,856.436
WASP-165 b,WASP-165,3.465509,14.12334,1373.5324,1624.0,5599.0,1.75,1.248,0.42831,602.236
HD 96063 b,HD 96063,362.5,13.7,10.3076,500.75,5020.0,4.75,1.37,1.1038,140.065
K2-228 b,K2-228,2.69828,1.21,123.9803,914.0,4715.0,0.65,0.71,-0.84881,129.46
K2-283 b,K2-283,1.921036,3.52,353.6521,1186.0,5060.0,0.82,0.89,-0.52364,402.915
K2-151 b,K2-151,3.835476,1.49,20.8,566.0,3695.0,0.45,0.47,-1.55284,69.4798
K2-281 b,K2-281,8.687721,8.18,37.7384,665.0,4812.0,0.76,0.82,-0.64686,458.139
K2-216 b,K2-216,2.1748,1.75,248.0,1103.0,4503.0,0.72,0.7,-0.72125,115.461
HD 5319 c,HD 5319,872.2,13.8,2.1721,340.67,4871.0,4.06,1.27,0.908,121.405
K2-230 b,K2-230,2.86041,1.96,1241.5334,1529.0,5945.0,1.39,1.11,0.31741,540.773
K2-188 b,K2-188,1.742169,1.35,1945.6975,1692.0,5977.0,1.19,1.06,0.21087,446.821
GJ 96 b,GJ 96,73.94,4.67,1.0486,257.81,3785.0,0.580612,0.6,-1.05159,11.9315
KMT-2016-BLG-1820L b,KMT-2016-BLG-1820L,,12.9,,,,,0.039,,6260.0
HD 94834 b,HD 94834,1576.0,13.7,1.3107,286.45,4798.0,4.2,1.11,0.99301,98.1609
K2-153 b,K2-153,7.51574,2.0,11.8,497.0,3845.0,0.53,0.55,-1.36653,143.125
HATS-11 b,HATS-11,3.619188,18.03,1027.296,1596.0,6563.0,1.54,1.33,0.40312,944.603
KMT-2016-BLG-2142L b,KMT-2016-BLG-2142L,,12.2,,,,,0.073,,7010.0
MOA-2015-BLG-337L b,MOA-2015-BLG-337L,,6.42,,,,,0.0094,,7100.0
K2-241 b,K2-241,26.8199,2.55,14.5807,507.0,5262.0,0.75,0.71,-0.44608,149.464
K2-117 c,K2-117,5.444017,2.06,21.4,537.0,3778.0,0.51,0.54,-1.35655,101.632
K2-284 b,K2-284,4.795069,2.78,42.6,653.0,4140.0,0.607,0.63,-1.01323,107.272
MOA-2016-BLG-319L b,MOA-2016-BLG-319L,,14.1,,,,,0.15,,6800.0
HD 12648 b,HD 12648,133.60001,13.4,194.0796,1053.23,4835.0,11.02,0.67,1.75277,182.192
K2-243 b,K2-243,11.54182,2.17,226.095,1035.0,6570.0,1.39,1.29,0.42675,266.864
K2-117 b,K2-117,1.2916,2.03,145.8,868.0,3778.0,0.51,0.54,-1.35655,101.632
K2-312 c,HD 80653,871.32,12.8,0.4596,229.0,5959.0,1.199,1.15,0.21165,109.86
K2-245 b,K2-245,11.89307,4.34,83.0,923.0,5793.0,1.25,0.83,0.1719,456.064
K2-270 c,K2-270,4.400028,2.95,122.7722,848.0,4877.0,0.77,0.85,-0.51819,280.518
HATS-59 b,HATS-59,5.416081,12.621334,269.0,1128.0,5670.0,1.036,1.038,-0.00436,642.884
KELT-15 b,KELT-15,3.32944,19.50366,1612.7618,1642.0,6003.0,1.78,2.06,0.41162,324.683
K2-247 b,K2-247,2.25021,2.12,142.1387,979.0,4667.0,0.69,0.74,-0.88154,258.113
EPIC 211945201 b,EPIC 211945201,19.49221,5.76,101.0,817.0,6069.0,1.39,1.17,0.37334,181.69
CoRoT-21 b,CoRoT-21,2.72474,14.5717,2915.5997,2044.44,6200.0,1.95,1.29,0.705,1398.83419686
70 Vir b,70 Vir,116.688,12.6,12.2183,525.24,5495.0,1.89,1.09,0.4513,17.9011
K2-39 b,K2-39,4.60543,6.27704,1356.0,1670.0,4881.0,2.97,0.66,0.67409,307.47
K2-248 b,K2-248,7.17256,2.57,132.3323,886.0,5528.0,0.92,0.88,-0.18938,406.254
K2-276 b,K2-276,18.718269,3.77,23.5921,583.0,5139.0,0.85,0.82,-0.40538,488.152
HD 102956 b,HD 102956,6.4947,13.8,1781.1928,1804.96,4985.0,4.55,1.66,1.06446,121.89
HD 108863 b,HD 108863,437.7,13.3,9.6419,490.51,4878.0,5.74,1.59,1.22531,164.742
HATS-7 b,HATS-7,3.185315,6.310667,211.6178,1084.0,4985.0,0.815,0.849,-0.43415,240.707
K2-252 b,K2-252,13.81513,1.74,36.0315,639.0,5152.0,0.82,0.79,-0.40842,228.839
K2-188 c,K2-188,7.810253,2.83,230.628,1026.0,5977.0,1.19,1.06,0.21087,446.821
HD 131496 b,HD 131496,896.0,13.4,2.4257,347.3,4846.0,4.44,1.34,0.99123,131.849
HD 1502 b,HD 1502,428.5,13.2,7.2835,458.89,4947.0,4.67,1.46,1.06446,190.953
NGTS-3 A b,NGTS-3 A,1.6753728,16.58932,1000.5679,1434.44,5600.0,0.93,1.017,-0.144,743.972
K2-254 b,K2-254,4.09639,1.63,74.9905,791.0,4629.0,0.67,0.71,-0.82244,227.775
K2-192 b,K2-192,4.162817,1.52,181.7191,939.0,5222.0,0.81,0.9,-0.36021,221.753
K2-239 c,K2-239,7.775,1.0,4.8225,427.0,3420.0,0.36,0.4,-1.79588,31.0849
K2-258 b,K2-258,19.0921,3.0,84.2989,831.0,6351.0,1.31,1.21,0.27219,661.873
HD 70642 b,HD 70642,2124.54,13.0,0.0934,150.52,5732.0,0.984,1.078,0.01204,29.276
HATS-69 b,HATS-69,2.2252577,10.592505,466.6,1295.7,5137.0,0.8785,0.892,-0.31758,414.537
HD 202696 b,HD 202696,517.8,,9.5418,492.46,5040.0,6.43,1.91,1.36922,188.546
HD 202696 c,HD 202696,946.6,,4.2662,402.69,5040.0,6.43,1.91,1.36922,188.546
KMT-2017-BLG-1038L b,KMT-2017-BLG-1038L,,13.4,,,,,0.37,,6000.0
HD 117618 b,HD 117618,25.8,8.59,50.4075,745.79,5990.0,1.2,1.077,0.21304,37.7781
NGTS-4 b,NGTS-4,1.3373508,3.18,886.9841,1650.0,5143.0,0.84,0.75,-0.3533,280.555
K2-295 b,K2-295,4.024867,10.054473,97.8595,852.0,4444.0,0.7,0.74,-0.71623,232.801
HIP 79098 AB b,HIP 79098 AB,,12.1,,2450.0,9193.75,,3.75,,145.798
Kepler-730 b,Kepler-730,6.491682808,12.3299,418.797,1219.0,5620.0,1.411,1.047,0.23596,1935.04
K2-133 c,K2-133,4.86784,1.603,17.6181,570.6,3655.0,0.455,0.461,-1.47886,75.1703
K2-133 d,K2-133,11.02454,2.003,48.3251,734.0,3655.0,0.455,0.461,-1.47886,75.1703
HAT-P-25 b,HAT-P-25,3.65281514,12.722215,325.0,1182.0,5519.0,0.919,1.012,-0.15181,300.384
HD 89744 b,HD 89744,256.78,12.6,7.4311,462.62,6291.0,2.13257,1.86,0.79579,38.6364
HD 65216 c,HD 65216,5370.0,13.4,0.0214,105.87,5612.0,0.88,0.874,-0.1498,35.1205
K2-133 e,K2-133,26.5841,1.73,1.8,296.0,3655.0,0.455,0.461,-1.47886,75.1703
EPIC 201497682 b,EPIC 201497682,2.13174,0.692,,,4991.0,0.554,0.78,-0.76627,253.026
OGLE-2015-BLG-1670L b,OGLE-2015-BLG-1670L,,4.42,,,,,0.55,,6700.0
K2-290 c,K2-290,48.36685,11.276254,28.2979,676.0,6302.0,1.511,1.194,0.42035,272.909
HAT-P-34 b,HAT-P-34,5.452654,13.417173,433.78,1520.0,6442.0,1.53,1.392,0.6003,249.325
EPIC 201754305 d,K2-16,2.71578,1.03,,,4761.0,0.544,0.67,-0.76082,334.967
EPIC 201833600 c,K2-50,3.96151,1.0,,,4326.0,0.634,0.611,-0.87356,257.443
HAT-P-36 b,HAT-P-36,1.32734683,14.313893,1821.0,1780.97,5620.0,1.041,1.03,0.02243,294.419
K2-52 b,K2-52,3.535055,18.0,1124.0,2004.0,7147.0,2.192,1.691,0.02701,1038.41
K2-53 b,K2-53,12.20772,2.6,52.5,665.0,5263.0,0.807,0.851,-0.5788,138.018
K2-293 b,K2-293,13.1225,2.45,,750.0,5532.0,0.947,0.958,-0.18023,392.251
TOI-172 b,TOI-172,9.47725,10.816685,299.0,1198.0,5645.0,1.777,1.128,0.4609,342.831
EPIC 206024342 b,EPIC 206024342,4.50756,1.7,,,5724.0,0.823,0.928,-0.16992,369.888
EPIC 206032309 b,EPIC 206032309,2.87814,1.01,,,3489.0,0.37344,0.221,-1.73006,161.365
HAT-P-9 b,HAT-P-9,3.92281072,15.614137,931.0,1540.0,6350.0,1.338,1.281,0.4183,455.203
HATS-24 b,HATS-24,1.3484978,15.636555,2706.9606,2166.0,6125.0,1.12,1.07,0.19,494.182
K2-90 b,K2-90,13.733314,2.6,10.2,502.0,4484.0,0.619,0.629,-0.95318,134.188
K2-294 b,K2-294,2.50387,1.66,,1425.0,5612.0,1.2,0.987,0.08751,373.078
GJ 685 b,GJ 685,24.16,2.95,3.0917,368.84,3816.0,0.54,0.55,-1.253,14.3155
EPIC 206317286 b,EPIC 206317286,1.58252,0.96,,,4752.0,0.669,0.711,-0.59336,314.35
K2-308 b,K2-308,3.38628,9.916,512.9234,1213.76,6100.0,1.24,1.09,0.283,1314.53
Kepler-9 c,Kepler-9,38.9853,8.08,18.903,523.0,5774.0,0.958,1.022,-0.038,628.257
K2-124 b,K2-124,6.413651,2.9,8.7,442.0,3570.0,0.388,0.39,-1.65919,140.385
HD 92788 b,HD 92788,325.803,13.0,1.1129,300.27,5744.0,1.14,1.15,0.02,34.6538
Kepler-25 c,Kepler-25,12.7207,5.217,210.172,934.0,6354.0,1.316,1.165,0.4216,243.249
WASP-33 b,WASP-33,1.21987,17.855937,9392.0471,2781.7,7430.0,1.444,1.495,0.81944,121.944
HD 134060 c,HD 134060,1291.5646,5.91,0.2515,200.67,5966.0,1.164285,1.095,0.15836,24.0125
WASP-177 b,WASP-177,3.071722,17.71022,279.7736,1142.0,5017.0,0.885,0.876,-0.41167,176.818
WASP-181 b,WASP-181,4.5195064,13.271456,382.4492,1186.0,5839.0,0.965,1.04,0.04879,437.495
Kepler-25 b,Kepler-25,6.238297,2.748,542.96,1185.0,6354.0,1.316,1.165,0.4216,243.249
WASP-161 b,WASP-161,5.4060425,12.811887,990.0,1557.0,6400.0,1.712,1.39,0.64738,343.08
WASP-163 b,WASP-163,1.6096884,13.473218,1200.0,1638.0,5500.0,1.015,0.97,-0.07572,261.386
HD 20781 b,HD 20781,5.3135,1.21,175.0994,1006.1,5256.0,0.833609,0.7,-0.3098,35.9715
HD 20003 b,HD 20003,11.8482,3.43,75.8952,814.93,5494.0,0.921637,0.875,-0.14267,41.8316
Kepler-47 c,Kepler-47,303.227,4.65,0.9037,267.82,5636.0,0.936,0.957,-0.076,1025.02
Gl 49 b,Gl 49,13.8508,2.24,6.0291,435.99,3805.0,0.511,0.515,-1.30645,9.8528
HD 21693 b,HD 21693,22.6786,2.8,29.2864,656.39,5430.0,0.914378,0.8,-0.20761,33.255
HD 20781 c,HD 20781,13.8905,2.17,48.6103,730.3,5256.0,0.833609,0.7,-0.3098,35.9715
Kepler-47 d,Kepler-47,187.366,7.04,1.7171,314.44,5636.0,0.936,0.957,-0.076,1025.02
LSPM J2116+0234 b,LSPM J2116+0234,14.4399,3.71,2.6063,371.68,3475.0,0.431,0.43,-1.69897,17.6297
K2-285 e,K2-285,14.76289,1.95,10.5,500.9,4975.0,0.787,0.83,-0.42183,154.961
K2-285 d,K2-285,10.45582,2.48,24.61,619.9,4975.0,0.787,0.83,-0.42183,154.961
HD 31527 b,HD 31527,16.5535,3.22,76.3108,832.2,5898.0,1.073694,0.96,0.07918,38.4473
HD 31527 d,HD 31527,271.6737,3.46,1.8299,327.48,5898.0,1.073694,0.96,0.07918,38.4473
HD 21749 c,GJ 143,7.78993,0.892,305.9425,701.0,4640.0,0.695,0.73,-0.6862,16.32
HD 114729 b,HD 114729,1121.79,13.9,0.617,237.89,5844.0,1.473,0.936,0.42095,37.8063
K2-286 b,K2-286,27.359,2.1,2.8792,347.0,3926.0,0.62,0.64,-1.04576,76.1486
Qatar-9 b,Qatar-9,1.540731,11.309881,210.669,1134.0,4309.0,0.696,0.719,-0.82102,213.771
NGTS-5 b,NGTS-5,3.3569866,12.733424,101.253,952.0,4987.0,0.739,0.661,-0.51087,306.779
HD 126525 b,HD 126525,960.41,10.3,0.2701,198.47,5638.0,0.979,0.897,-0.0403,37.6506
HD 117207 b,HD 117207,2621.75,13.4,0.0811,147.2,5732.0,1.074,1.053,0.06566,32.3547
HD 143361 b,HD 143361,1039.15,12.9,0.205,180.26,5507.0,0.916,0.968,-0.09151,68.5146
K2-288 B b,K2-288 B,31.393463,1.9,0.4368,226.36,3341.0,0.32,0.33,-1.93,65.6138
HATS-60 b,HATS-60,3.560829,12.923977,903.9,1528.0,5688.0,1.46,1.097,0.30016,486.474
HD 20781 e,HD 20781,85.5073,3.83,4.3043,398.38,5256.0,0.833609,0.7,-0.3098,35.9715
HD 45184 c,HD 45184,13.1354,2.91,93.3884,884.78,5869.0,1.075139,1.03,0.05308,21.9532
HD 152079 b,HD 152079,2918.92,13.2,0.073,147.84,5907.0,1.128,1.147,0.10721,87.8888
HATS-62 b,HATS-62,3.2768837,11.825495,387.4,1237.0,5416.0,0.933,0.896,-0.17328,523.067
HATS-63 b,HATS-63,3.0566527,13.529263,634.1,1398.3,5627.0,1.07,0.931,0.01199,623.232
HATS-70 b,HATS-70,1.8882378,15.513256,9110.0,2730.0,7930.0,1.881,1.78,1.07918,1458.83
K2-264 b,K2-264,5.840002,2.231,13.0794,496.0,3660.0,0.473,0.496,-1.48149,185.605
KMT-2016-BLG-1107L b,KMT-2016-BLG-1107L,,13.1,,,,,0.087,,6651.0
HD 103949 b,HD 103949,120.878,3.35,1.3983,302.65,4792.0,0.753113,0.77,-0.56946,26.4997
HIP 35173 b,HIP 35173,41.516,3.61,6.4967,444.34,4881.0,0.773404,0.79,-0.51439,33.1562
HD 23127 b,HD 23127,1211.17,13.5,0.5038,223.4,5843.0,1.49,1.208,0.45175,93.8555
HD 25171 b,HD 25171,1802.29,13.9,0.2141,190.04,6125.0,1.23,1.076,0.27646,55.6146
HATS-65 b,HATS-65,3.105161,16.824709,1178.0,1634.0,6277.0,1.31,1.257,0.37658,493.32
HATS-66 b,HATS-66,3.1414391,15.815899,2637.0,1998.0,6626.0,1.841,1.411,0.76716,1477.98
HD 1397 b,HD 1397,11.53533,11.500434,356.0,1228.3,5521.0,2.336,1.324,0.65992,79.5702
HD 64114 b,HD 64114,45.791,4.41,12.0441,518.51,5676.0,0.882858,0.95,-0.13735,31.5262
HD 206255 b,HD 206255,96.045,6.47,21.0939,596.48,5635.0,2.221489,1.42,0.65156,75.2363
HD 38801 b,HD 38801,685.25,12.5,1.7311,287.8,5338.0,2.029,1.207,0.65896,91.4349
HATS-67 b,HATS-67,1.6091788,18.887165,3821.0,2193.0,6594.0,1.441,1.435,0.54654,960.109
HATS-68 b,HATS-68,3.5862202,13.809488,1521.0,1741.0,6147.0,1.748,1.351,0.59218,603.955
Gl 378 b,Gl 378,3.822,3.66,38.5823,830.0,3879.0,0.56,0.56,-1.22185,14.9545
WASP-190 b,WASP-190,5.367753,12.89035,747.132,1500.0,6400.0,1.6,1.35,0.69146,542.251
Kepler-1610 c,Kepler-1610,44.9851885,2.09,8.34,433.0,5295.0,0.8,0.825,-0.48291,864.331
XO-7 b,XO-7,2.8641424,15.389957,1540.0,1743.0,6250.0,1.48,1.405,0.43132,234.149
HATS-55 b,HATS-55,4.2042001,14.022459,355.909,1367.0,6214.0,1.126,1.1955,0.22891,609.838
Kepler-1996 c,Kepler-1996,92.7297248,2.81,1.38,276.0,4580.0,0.675,0.748,-0.65721,440.561
Kepler-1988 b,Kepler-1988,11.49500229,1.53,351.79,1105.0,6033.0,1.788,1.127,0.582,513.426
TOI-813 b,TOI-813,83.8911,6.71,23.1,610.0,5907.0,1.94,1.32,0.61906,263.145
GJ 433 b,GJ 433,7.3705,2.33,5.2029,473.94,3461.0,0.5,0.48,-1.69897,9.06456
HATS-58 A b,HATS-58 A,4.2180896,12.273855,382.7103,1721.0,7175.0,1.433,1.461,0.68931,403.591
HR 5183 b,HR 5183,27000.0,13.1,0.0077,171.0,5794.0,1.53,1.07,0.39748,31.4607
Kepler-1991 b,Kepler-1991,13.26079792,1.47,78.79,760.0,5478.0,1.053,0.914,-0.1085,855.82
Kepler-1471 c,Kepler-1471,11.6044881,1.88,118.5,841.0,5533.0,1.166,0.934,-0.19895,978.678
GJ 180 b,GJ 180,17.133,2.43,1.5359,344.43,3371.0,0.413049,0.43,-1.88606,11.9407
WASP-169 b,WASP-169,5.6114118,14.616536,1486.8579,1604.0,6110.0,2.011,1.337,0.78882,627.066
Kepler-1998 b,Kepler-1998,3.03267135,0.6,468.31,1187.0,5640.0,0.921,0.962,-0.0658,340.965
Kepler-164 e,Kepler-164,94.886902,4.24,7.99,429.0,5888.0,1.097,0.966,0.11291,890.758
Kepler-1994 b,Kepler-1994,4.61225043,0.51,268.27,1032.0,5495.0,0.961,0.932,-0.04165,241.991
Kepler-1984 b,Kepler-1984,1.992812339,6.81,48.82,675.0,3638.0,0.42,0.45,-1.55,
GJ 433 d,GJ 433,36.059,2.14,0.6312,279.71,3461.0,0.5,0.48,-1.69897,9.06456
GJ 3082 b,GJ 3082,11.949,2.79,5.521,457.53,3910.0,0.465216,0.47,-1.46273,16.6186
WASP-175 b,WASP-175,3.0652907,13.540472,649.429,1571.0,6229.0,1.204,1.212,0.78882,539.36
Kepler-619 d,Kepler-619,11.67894236,4.17,112.07,830.0,6122.0,0.964,1.041,-0.04002,900.678
Kepler-1126 c,Kepler-1126,199.66876,1.45,2.06,305.0,5678.0,0.921,0.794,-0.09926,635.736
EPIC 249893012 b,EPIC 249893012,3.5951,1.95,1037.0,1616.0,5430.0,1.71,1.05,0.35568,321.296
Kepler-1661 b,Kepler-1661,175.06,3.87,0.88,243.0,5100.0,0.762,0.841,-0.51299,410.607
OGLE-2016-BLG-1067L b,OGLE-2016-BLG-1067L,,14.3,,,,,0.3,,3730.0
Kepler-1987 c,Kepler-1987,3.64830183,1.33,129.44,860.0,4769.0,0.714,0.799,-0.61631,595.683
Kepler-1985 b,Kepler-1985,3.42064689,2.27,382.68,1129.0,5370.0,0.966,0.877,-0.155,
Kepler-1987 b,Kepler-1987,2.345863002,1.23,233.38,997.0,4769.0,0.714,0.799,-0.61631,595.683
Kepler-1801 c,Kepler-1801,116.583183,2.91,4.47,371.0,5738.0,0.981,0.936,-0.22269,839.332
EPIC 249893012 c,EPIC 249893012,15.624,3.67,160.0,990.0,5430.0,1.71,1.05,0.35568,321.296
EPIC 249893012 d,EPIC 249893012,35.747,3.94,53.0,752.0,5430.0,1.71,1.05,0.35568,321.296
WASP-180 A b,WASP-180 A,3.409264,13.89916,918.3877,1540.0,6600.0,1.19,1.3,0.31533,253.985
WASP-2 b,WASP-2,2.152175,12.116929,492.0,1311.0,5180.0,0.866,0.895,-0.31336,153.242
Kepler-949 c,Kepler-949,20.99757968,2.97,27.2,582.0,5211.0,0.895,0.817,-0.44164,486.105
Kepler-311 d,Kepler-311,232.040326,2.05,2.71,327.0,5903.0,1.156,0.974,0.19328,778.654
WASP-44 b,WASP-44,2.423804,12.3299,533.0,1337.0,5420.0,0.906,0.935,-0.19777,364.512
WASP-45 b,WASP-45,3.126089,10.603714,294.0,1153.0,5150.0,0.855,0.85,-0.33555,211.196
Kepler-1834 c,Kepler-1834,0.766691517,1.22,1334.22,1541.0,4821.0,0.788,0.765,-0.57662,500.395
HATS-47 b,HATS-47,3.9228038,12.520453,87.73,852.9,4512.0,0.6564,0.674,-0.79615,300.67
GJ 15 A c,GJ 15 A,7600.0,6.67,0.0008,46.14,3607.0,0.38,0.38,-1.655,3.56228
Kepler-763 c,Kepler-763,4.09667624,1.42,182.9,938.0,4999.0,0.843,0.8,-0.3339,962.459
Kepler-347 d,Kepler-347,85.517344,3.04,12.75,482.0,5592.0,1.451,1.0,0.34232,1298.88
EPIC 248847494 b,EPIC 248847494,3650.0,12.44199,0.19,183.0,4898.0,2.7,0.9,0.54805,551.886
WASP-184 b,WASP-184,5.1817,14.90797,669.018,1480.0,6000.0,1.65,1.23,0.50133,663.231
WASP-185 b,WASP-185,9.38755,14.01125,662.3252,1160.0,5900.0,1.5,1.12,0.41219,279.35
Kepler-290 d,Kepler-290,0.764017553,0.86,1503.79,1589.0,5142.0,0.755,0.84,-0.58591,694.627
Kepler-549 d,Kepler-549,24.61480613,4.2,27.93,586.0,5312.0,0.986,0.859,-0.30618,635.145
KMT-2017-BLG-0165L b,KMT-2017-BLG-0165L,,6.45,,,,,0.76,,4530.0
Kepler-865 c,Kepler-865,6.20920207,0.89,164.98,914.0,5440.0,0.885,0.782,-0.29754,586.137
TOI-150.01,TOI-150,5.857487,14.067295,750.922,1404.5,6255.0,1.526,1.351,0.49651,336.267
GJ 682 c,GJ 682,57.32,2.89,0.0646,190.08,3028.0,0.298255,0.27,-2.69897,5.00671
OGLE-2015-BLG-1649L b,OGLE-2015-BLG-1649L,,13.2,,,,,0.34,,4230.0
Kepler-2000 c,Kepler-2000,20.6180348,1.57,3.92,359.0,3757.0,0.576,0.581,-1.05272,320.588
Kepler-448 c,KOI-12,2500.0,12.0,0.2399,184.72,6635.0,1.4,1.5,0.62645,399.398
MOA-bin-29 b,MOA-bin-29,,14.1,,,,,0.03,,7120.0
TOI-4562 c,TOI-4562,3990.0,12.8,0.0657,138.11,6096.0,1.152,1.192,0.25285,339.605
HD 50554 d,HD 50554,28.0694,1.41,42.4756,651.11,5968.0,1.146,1.04,0.17543,31.1664
HD 97048 b,HD 97048,,13.3,0.0024,63.44,10000.0,2.25,2.4,1.60206,183.857
7 CMa b,7 CMa,735.1,13.4,3.7372,387.33,4826.0,4.87,1.34,1.06258,19.8101
Kepler-1983 b,Kepler-1983,7.32851947,2.33,100.13,807.0,5135.0,0.874,0.812,-0.48076,424.428
NGTS-8 b,NGTS-8,2.4997,12.21781,503.0,1345.0,5241.0,0.98,0.89,-0.20993,428.976
EPIC 205950854 c,K2-168,8.050722,1.31,,960.6,5502.7,0.83,0.877,-0.17649,243.935
7 CMa c,7 CMa,996.0,13.9,2.4917,350.0,4826.0,4.87,1.34,1.06258,19.8101
Kepler-1990 c,Kepler-1990,4.06844957,0.98,442.08,1170.0,5751.0,1.071,1.028,0.11702,392.739
HD 220197 b,HD 220197,1728.0,9.32,0.1332,164.22,5683.0,0.98,0.91,-0.00343,64.411
K2-43 c,K2-43,2.198884,2.42,,1093.7,3840.6,0.542,0.571,-1.21241,182.536
Kepler-763 d,Kepler-763,6.50327035,1.67,98.81,804.0,4999.0,0.843,0.8,-0.3339,962.459
Kepler-1162 c,Kepler-1162,59.284064,1.81,6.14,401.0,5225.0,0.859,0.861,-0.32228,940.211
HD 213885 b,HD 213885,1.008035,1.745,1882.94,2128.0,5978.0,1.1011,1.068,0.13862,48.0883
Kepler-896 c,Kepler-896,29.5422566,3.15,16.56,515.0,5510.0,0.803,0.877,0.48148,2334.93
Kepler-1982 b,Kepler-1982,3.82315697,0.77,638.38,1282.0,6202.0,1.122,1.213,0.37137,558.855
HD 213885 c,HD 213885,4.78503,4.71,426.5327,1265.4,5978.0,1.1011,1.068,0.13862,48.0883
HAT-P-69 b,HAT-P-69,4.7869491,18.786284,2320.18,1930.0,7394.0,1.926,1.648,1.0,341.263
Kepler-2000 b,Kepler-2000,6.383159135,2.73,18.73,530.0,3757.0,0.576,0.581,-1.05272,320.588
TOI-763 c,TOI-763,12.2737,2.63,64.3196,800.0,5450.0,0.897,0.917,-0.15377,95.1274
TOI-905 b,TOI-905,3.739494,13.125739,337.0,1192.0,5570.0,0.918,0.968,-0.13668,158.649
TOI-564 b,TOI-564,1.651144,11.43318,1423.0,1714.0,5640.0,1.088,0.998,0.03262,199.581
Kepler-29 b,Kepler-29,10.33974,2.55,55.9,777.0,5378.0,0.732,0.761,-0.29687,832.532
Kepler-1674 b,Kepler-1674,62.5611,3.2057749,7.13,417.0,5473.91,0.877273,0.96,-0.20584,1012.48
Kepler-1675 b,Kepler-1675,63.0382,3.12483349,11.8,465.0,5853.19,1.12865,1.06,0.12938,651.117
HD 108236 b,HD 108236,3.795963,1.615,312.1807,1099.0,5660.0,0.877,0.869,-0.14997,64.5978
HD 164922 c,HD 164922,75.74,3.66,6.29,400.5,5390.0,0.946,0.926,-0.14874,22.0016
KMT-2019-BLG-0842L b,KMT-2019-BLG-0842L,,3.19,,,,,0.76,,3320.0
HD 108236 e,HD 108236,19.590025,3.083,35.0031,636.0,5660.0,0.877,0.869,-0.14997,64.5978
WASP-150 b,WASP-150,5.644207,11.99363,854.7074,1460.0,6218.0,1.651,1.394,0.55826,527.995
NGTS-13 b,NGTS-13,4.119027,12.800678,1096.0,1605.0,5819.0,1.788,1.3,0.5172,647.595
MOA-2009-BLG-319L b,MOA-2009-BLG-319L,,9.64,,,,,0.524,,7050.0
Kepler-1685 b,Kepler-1685,20.4905,2.57673985,36.01,625.0,5484.0,0.835451,0.96,-0.24507,1141.89
Kepler-1686 b,Kepler-1686,9.30987,1.42553017,167.2,913.0,5714.96,1.19951,1.02,0.14075,729.823
KMT-2016-BLG-2397L b,KMT-2016-BLG-2397L,,13.2,,,,,0.64,,4880.0
OGLE-2017-BLG-0604L b,OGLE-2017-BLG-0604L,,14.2,,,,,0.7,,3950.0
OGLE-2017-BLG-1375L b,OGLE-2017-BLG-1375L,,12.4,,,,,0.81,,3930.0
NGTS-14 A b,NGTS-14 A,3.5357173,4.976796,191.782,1143.0,5187.0,0.842,0.898,-0.31088,322.148
HD 13808 b,HD 13808,14.1815,3.35,33.2278,661.56,5035.0,0.781,0.771,-0.43455,28.2305
OGLE-2015-BLG-1771L b,OGLE-2015-BLG-1771L,,14.3,,,,,0.077,,7070.0
OGLE-2018-BLG-1700L b,OGLE-2018-BLG-1700L,,12.9,,,,,0.42,,7600.0
Kepler-1687 b,Kepler-1687,5.77954,1.65623882,30.22,598.0,4132.0,0.726119,0.65,-0.85865,417.014
Kepler-1689 b,Kepler-1689,8.483,0.94678642,149.3,879.0,5731.43,0.996208,1.023,-0.01555,294.122
Kepler-462 b,Kepler-462,84.6866,3.0,31.269,611.0,7500.0,1.57,1.59,0.92588,596.625
HD 4760 b,HD 4760,434.0,12.3,654.9231,1198.67,4076.0,42.4,1.05,2.93,537.873
HD 110113 c,HD 110113,6.744,2.11384817,199.9,990.0,5732.0,0.968,0.997,-0.03235,106.307
HD 96992 b,HD 96992,514.0,13.7,19.1936,557.72,4725.0,7.43,0.96,1.47,396.082
KMT-2018-BLG-1292L b,KMT-2018-BLG-1292L,,12.9,,,,,1.09,,3460.0
OGLE-2012-BLG-0838L b,OGLE-2012-BLG-0838L,,8.39,,,,,0.4,,6320.0
Kepler-1691 b,Kepler-1691,3.8482,1.83470985,641.53,1283.0,6000.0,1.13152,1.11,0.17462,1267.67
Kepler-1692 b,Kepler-1692,5.95966,1.11177184,153.48,897.0,5146.0,0.866139,0.87,-0.32425,591.019
EPIC 201170410.02,EPIC 201170410,6.7987,1.047,10.3359,500.03,3648.0,0.282,0.287,-1.9,134.0
Kepler-160 d,Kepler-160,30.0,,34.9481,676.54,5471.0,1.118,1.003,0.00432,937.013
Kepler-160 c,Kepler-160,13.699429,3.76,84.848,771.0,5471.0,1.118,1.003,0.00432,937.013
Kepler-1694 b,Kepler-1694,3.89526,1.17986031,197.66,956.0,4954.0,0.756284,0.82,-0.50811,513.329
Kepler-716 c,Kepler-716,3.96999,1.39281536,151.8,992.0,5012.0,0.742183,0.83,-0.50424,635.009
EPIC 201757695.02,EPIC 201757695,2.0478,0.90819,494.202,1025.29,4520.0,0.655,0.727,-0.36351,577.6
HD 110082 b,HD 110082,10.18271,3.2,198.3948,957.2,6200.0,1.19,1.21,0.28103,105.096
Kepler-1664 b,Kepler-1664,14.3868,3.03320653,85.46,776.0,5735.81,1.072,0.944,0.0501,626.691
Kepler-1001 c,Kepler-1001,9.18186,1.57799279,72.4,804.0,5376.0,0.836475,0.93,-0.27856,928.978
TOI-954 b,TOI-954,3.6849729,9.550068,1393.0,1526.0,5710.0,1.892,1.201,0.53529,238.768
K2-329 b,K2-329,12.4551225,8.675766,45.7,650.0,5282.0,0.822,0.901,-0.32514,233.237
HATS-49 b,HATS-49,4.1480467,8.574885,80.45,834.8,4405.0,0.6977,0.7133,-0.78489,324.413
TYC 8998-760-1 c,TYC 8998-760-1,,12.3299,0.0,1240.0,4573.0,1.02,1.0,-0.34,94.6177
Wendelstein-1 b,Wendelstein-1,2.663416,11.5609626,113.6142,2198.0,4251.0,0.61,0.65,-0.9377,305.3
MOA-2013-BLG-220L b,MOA-2013-BLG-220L,,13.2,,,,,0.88,,6720.0
KMT-2016-BLG-1836L b,KMT-2016-BLG-1836L,,13.3,,,,,0.49,,7100.0
OGLE-2013-BLG-0911L b,OGLE-2013-BLG-0911L,,12.5,,,,,0.29,,3220.0
BD-11 4672 c,BD-11 4672,74.2,4.04,1.7444,320.21,4550.0,0.639,0.651,-0.8041,27.1665
BD-11 4672 b,BD-11 4672,1634.0,14.1,0.0282,114.17,4550.0,0.639,0.651,-0.8041,27.1665
HIP 65 A b,HIP 65 A,0.9809734,22.75427,661.0,1411.0,4590.0,0.7242,0.781,-0.67799,61.7856
TOI-481 b,TOI-481,10.33111,11.09691,253.126,1370.0,5735.0,1.66,1.14,0.43457,179.366
TIC 237913194 b,TIC 237913194,15.168865,12.520453,83.3856,974.0,5788.0,1.088,1.026,0.07773,306.063
OGLE-2016-BLG-1227L b,OGLE-2016-BLG-1227L,,13.9,,,,,0.1,,
TOI-157 b,TOI-157,2.0845435,14.414774,1062.0,1588.0,5404.0,1.167,0.948,0.01995,355.683
TOI-169 b,TOI-169,2.2554477,12.172974,1443.0,1715.0,5880.0,1.288,1.147,0.25261,407.84
Kepler-1700 b,Kepler-1700,234.239,2.90129941,2.2,329.0,6031.0,1.0937,1.12,0.15405,717.597
Kepler-1666 b,Kepler-1666,25.8476,2.88273782,48.23,672.0,6293.0,1.14586,1.23,0.26839,1379.37
Gl 686 b,Gl 686,15.53,2.46,3.5638,379.0,3656.0,0.427,0.426,-1.53,8.15728
HD 180617 b,HD 180617,105.911,3.53,0.2751,201.8,3534.0,0.481,0.484,-1.49,5.91059
HD 158259 e,HD 158259,7.951,2.34,,,5801.89,1.21,1.08,0.21233,27.0498
HD 158259 c,HD 158259,3.432,2.23,,,5801.89,1.21,1.08,0.21233,27.0498
HATS-37 A b,HATS-37 A,4.3315366,6.792654,229.7,1085.0,5326.0,0.877,0.843,-0.25571,211.896
GJ 687 b,GJ 687,38.142,4.32,0.801,263.65,3413.0,0.4183,0.4,-1.672,4.54939
GJ 2056 b,GJ 2056,69.971,4.17,1.5537,310.74,4069.95,0.709495,0.62,-0.90505,28.4434
TOI-237 b,TOI-237,5.436098,1.44,3.7,388.0,3212.0,0.211,0.179,-2.38722,38.0749
HD 216520 c,HD 216520,154.43,3.03,1.2669,295.22,5103.0,0.76,0.82,-0.452,19.552
CoRoT-30 b,CoRoT-30,9.06005,11.309881,89.2872,894.6,5650.0,0.91,0.98,-0.19653,1032.23
CoRoT-31 b,CoRoT-31,4.62941,16.36514,727.7611,1664.86,5700.0,2.15,1.25,0.39778,2005.76
HIP 38594 b,HIP 38594,60.722,2.77,1.3216,308.29,4086.3,0.626646,0.61,-1.06243,17.7886
WASP-186 b,WASP-186,5.026799,12.44199,853.1355,1378.4,6361.0,1.47,1.22,0.50022,278.514
Kepler-29 c,Kepler-29,13.28613,2.34,34.4,715.0,5378.0,0.732,0.761,-0.29687,832.532
Kepler-783 c,Kepler-783,7.05395,2.33153725,113.3,840.0,5411.49,0.872088,0.94,-0.23092,516.09
Kepler-1667 b,Kepler-1667,83.5781,2.98385261,9.3,655.0,5941.54,1.08751,1.09,0.12316,626.819
HIP 4845 b,HIP 4845,34.15,3.89,2.9859,358.21,4010.0,0.603999,0.62,-1.0339,21.0974
HIP 48714 b,HIP 48714,17.818,5.11,5.5708,446.47,4015.5,0.595456,0.58,-1.15565,10.5298
TOI-251 b,TOI-251,4.93777,2.74,277.7462,1041.19,5875.0,0.881,1.036,-0.0804,99.523
HAT-P-68 b,HAT-P-68,2.29840551,12.016048,184.8,1027.8,4508.0,0.6701,0.6785,-0.77911,202.152
Kepler-177 b,Kepler-177,36.8601,3.5,30.4,549.0,5732.0,1.324,0.921,0.24,1435.44
Kepler-36 b,Kepler-36,13.86825,1.498,247.0,978.0,5979.0,1.634,1.034,0.51005,527.956
KOI-1783.01,KOI-1783,134.4628,8.86,5.7,412.0,5922.0,1.143,1.076,0.21302,865.73
Kepler-1668 b,Kepler-1668,15.434,4.34764405,63.79,721.0,5542.0,1.01738,0.98,-0.05567,1335.64
Kepler-598 c,Kepler-598,86.4945,3.02420941,3.7,367.0,5245.0,0.900316,0.9,-0.25753,681.086
KMT-2019-BLG-1953L b,KMT-2019-BLG-1953L,,14.1,,,,,0.31,,7040.0
Kepler-1514 c,Kepler-1514,10.514181,1.1758241,193.0,1066.0,6145.0,1.289,1.196,0.32838,397.292
KOI-1783.02,KOI-1783,284.215,5.44,2.49,321.0,5922.0,1.143,1.076,0.21302,865.73
HD 156668 c,HD 156668,811.3,6.17,0.1169,166.08,4903.69,0.774528,0.785167,-0.54025,24.3323
HD 211403 b,HD 211403,223.8,12.8,3.44,380.0,6273.0,1.206,1.2,0.36406,83.0919
K2-344 b,K2-344,3.35585,1.59,37.2966,722.0,4374.0,0.49,0.51,-1.22508,75.1691
HD 24040 c,HD 24040,515.4,9.35,1.1163,287.75,5776.49,1.387296,1.10394,0.27569,46.6224
HD 3765 b,HD 3765,1211.0,8.56,0.0863,152.85,5049.8,0.83061,0.851785,-0.41634,17.926
HD 213472 b,HD 213472,17000.0,13.1,0.0114,91.76,5729.54,1.433902,1.048132,0.28533,64.4527
K2-348 c,K2-348,12.550171,2.67,,655.0,5077.0,0.85,0.83,-0.38844,201.856
CD Cet b,CD Cet,2.2907,1.82,8.6,464.0,3130.0,0.175,0.161,-2.53254,8.60715
G 264-012 b,G 264-012,2.30538,1.39,20.5,587.0,3326.0,0.305,0.297,-1.97224,16.009
K2-352 d,K2-352,14.871387,2.23,,727.0,5791.0,0.95,0.98,-0.06326,176.051
K2-339 b,K2-339,19.507428,1.92,,508.0,4857.0,0.72,0.74,-0.65173,360.36
K2-282 b,K2-282,4.169783,2.5,245.0004,1057.0,5499.0,1.0,0.94,-0.21463,496.289
K2-156 b,K2-156,0.813143,1.1,654.0363,1347.0,4460.0,0.62,0.66,-0.83803,150.21
TOI-257 b,TOI-257,18.38818,7.16253867,186.0,1027.0,6095.0,1.867,1.407,0.63649,76.9028
HAT-P-58 b,HAT-P-58,4.0138379,14.93036229,1146.0,1622.0,6078.0,1.53,1.031,0.45637,515.59
HAT-P-59 b,HAT-P-59,4.1419771,12.58768533,441.4,1277.8,5678.0,1.1038,1.008,0.05385,265.471
K2-268 d,K2-268,4.528598,1.49,,888.0,5106.0,0.78,0.84,-0.42942,327.783
TOI-269 b,TOI-269,3.6977104,2.77,19.0,531.0,3514.0,0.398,0.3917,-1.64675,57.0225
K2-268 f,K2-268,26.27057,2.23,,492.0,5106.0,0.78,0.84,-0.42942,327.783
K2-187 b,K2-187,0.77401,1.2,2367.252,1815.0,5438.0,0.83,0.966999,-0.19607,330.916
K2-210 b,K2-210,0.57023,0.86,,,5500.0,0.89,0.911717,-0.24869,176.51
K2-32 b,K2-32,8.992,5.299,79.5,837.0,5271.0,0.86,0.83,-0.29607,157.682
K2-32 e,K2-32,4.34934,1.212,210.7222,1066.0,5271.0,0.86,0.83,-0.29607,157.682
HAT-P-64 b,HAT-P-64,4.007232,19.08889413,1611.0,1766.0,6457.0,1.735,1.298,0.66839,651.897
Kepler-129 c,Kepler-129,82.2,2.52,17.554,525.0,5770.0,1.653,1.178,0.46365,408.845
K2-331 b,K2-331,9.398977,1.79,,909.0,5994.0,1.06,1.1,0.05943,211.43
EPIC 228836835 b,EPIC 228836835,0.728113,1.1,,932.0,3782.0,0.32,0.418179,-1.61153,150.124
K2-32 c,K2-32,20.66093,3.134,26.2,634.0,5271.0,0.86,0.83,-0.29607,157.682
K2-32 d,K2-32,31.71701,3.484,14.8,550.0,5271.0,0.86,0.83,-0.29607,157.682
KIC 10068024 b,KIC 10068024,2.073549,13.4,,,6118.4,1.574,1.22,0.496,721.105
K2-350 b,K2-350,4.163873,1.54,,1158.0,5789.0,1.04,0.98,-0.01175,489.368
K2-353 b,K2-353,15.466805,5.55,33.0649,735.0,5698.0,0.99,0.87,-0.07632,268.515
K2-137 b,K2-137,0.179719,0.64,975.5731,1471.0,3697.0,0.29,0.463,-1.48388,98.8765
EPIC 206042996 b,EPIC 206042996,5.2986,1.7,,,4114.0,0.5,0.565,-0.97996,451.769
NGTS-15 b,NGTS-15,3.27623,12.32987877,425.0,1146.0,5600.0,0.954,0.995,-0.08571,786.485
K2-354 b,K2-354,3.793306,1.56,,543.0,3669.0,0.41,0.43,-1.6137,91.722
K2-330 b,K2-330,13.774798,2.77,114.929,969.0,6232.0,1.5,1.23,0.47702,160.125
TOI-1333 b,TOI-1333,4.720219,15.647764,1112.85,1679.0,6274.0,1.925,1.464,0.71349,200.492
HD 238090 b,HD 238090,13.671,2.52,8.1,469.6,3933.0,0.57,0.578,-1.15366,15.2354
NGTS-18 b,NGTS-18,3.05125,13.56286665,845.0,1381.0,5610.0,1.392,1.003,0.2703,1096.19
HD 136352 b,HD 136352,11.57797,1.664,111.6,905.0,5664.0,1.058,0.87,0.0162,14.682
K2-336 b,K2-336,21.194733,1.22,,569.0,5424.0,0.8,0.86,-0.34534,239.289
GJ 414 A b,GJ 414 A,50.8,2.63,2.2033,308.6,4120.0,0.68,0.65,-0.92445,11.8893
BD+55 362 b,BD+55 362,265.59,14.0,0.7996,259.06,5012.0,0.896193,0.909,-0.31295,52.5697
HD 136352 d,HD 136352,107.245,2.562,5.74,431.0,5664.0,1.058,0.87,0.0162,14.682
K2-337 b,K2-337,16.273563,2.62,,850.0,5869.0,1.32,0.94,0.24964,421.636
K2-138 c,K2-138,3.56004,2.299,279.0,1012.0,5356.3,0.863,0.935,-0.28654,202.585
KOI-1831 d,Kepler-324,34.169,1.13,11.8,475.0,5233.0,0.835,0.901,-0.30825,501.574
K2-340 b,K2-340,29.740451,3.36,,606.0,5532.0,1.13,0.93,-0.00232,738.136
K2-138 d,K2-138,5.40479,2.39,160.0,888.0,5356.3,0.863,0.935,-0.28654,202.585
K2-138 e,K2-138,8.26146,3.39,91.1,757.0,5356.3,0.863,0.935,-0.28654,202.585
EPIC 212297394 c,EPIC 212297394,5.213965,2.27,,866.0,5171.0,0.8,0.83,-0.46654,418.395
K2-138 f,K2-138,12.75758,2.904,51.0,653.0,5356.3,0.863,0.935,-0.28654,202.585
K2-100 b,K2-100,1.6739035,3.88,1915.0,1841.0,5945.0,1.24,1.15,0.24969,188.959
TOI-2202 c,TOI-2202,24.6744,13.4,16.431,560.61,5144.0,0.794,0.823,-0.40121,235.933
KMT-2019-BLG-1715L b,KMT-2019-BLG-1715L,,13.2,,,,,0.61,,3860.0
K2-349 b,K2-349,9.032178,1.38,,518.0,4385.0,0.49,0.54,-0.36582,453.567
K2-350 c,K2-350,19.991944,2.74,,687.0,5789.0,1.04,0.98,-0.01175,489.368
K2-351 b,K2-351,7.806164,2.54,,934.0,5769.0,1.05,1.02,0.02389,694.734
GJ 740 b,GJ 740,2.37756,1.53,79.0,829.0,3913.0,0.56,0.58,-1.206,11.1017
HD 60292 b,HD 60292,495.4,12.7,110.1333,889.53,4348.0,27.0,1.7,2.3941,315.211
TOI-1749 b,TOI-1749,2.38839,1.39,83.8379,831.0,3985.0,0.55,0.58,-1.15649,99.5561
TOI-1749 d,TOI-1749,9.0497,2.52,14.2074,533.0,3985.0,0.55,0.58,-1.15649,99.5561
KMT-2018-BLG-1025L b,KMT-2018-BLG-1025L,,2.34,,,,,0.219,,6705.0
K2-185 b,K2-185,10.616384,1.15,,809.0,5788.0,0.94,0.96,-0.09029,268.357
EPIC 212587672 c,EPIC 212587672,23.228555,2.32,,658.0,6004.0,0.98,0.99,0.03848,320.07
HD 221420 b,HD 221420,10090.0,12.0,0.0389,123.49,5847.0,1.947,1.351,0.60293,31.1415
K2-185 c,K2-185,52.713494,2.39,,477.0,5788.0,0.94,0.96,-0.09029,268.357
TOI-1201 b,TOI-1201,2.4919863,2.415,40.6,703.0,3476.0,0.508,0.512,-1.46852,37.8871
HD 136925 b,HD 136925,4540.0,13.9,0.0518,134.25,5773.19,1.193078,0.875104,0.13441,47.874
HD 109286 b,HD 109286,520.1,13.2,0.709,259.4,5694.0,1.089,0.98,-0.08393,55.4156
Kepler-1771 b,Kepler-1771,88.64399719,4.05537256,5.51,391.0,5661.0,0.934,0.941,-0.0924,565.752
Kepler-1786 b,Kepler-1786,78.5460968,3.16305828,10.7,501.0,5808.0,1.397,1.058,0.15863,863.909
Kepler-1834 b,Kepler-1834,4.603010178,1.4593834,105.2,848.0,4821.0,0.788,0.765,-0.57662,500.395
TOI-559 b,TOI-559,6.9839095,12.22899794,404.915,1180.0,5925.0,1.233,1.026,0.22737,233.266
Kepler-418 c,Kepler-418,12.21829987,5.22108654,107.6,835.0,5822.0,1.081,0.957,0.11114,1002.53
Kepler-1801 b,Kepler-1801,10.44089985,2.70926154,111.52,829.0,5738.0,0.981,0.936,-0.22269,839.332
Kepler-1838 b,Kepler-1838,12.14680004,1.66049425,271.6,1097.0,5877.0,1.963,1.187,0.53674,451.242
Kepler-1839 b,Kepler-1839,5.056759834,1.9493759,286.32,1049.0,5926.0,0.939,1.03,0.19174,1136.6
TOI-530 b,TOI-530,6.387597,9.30345398,14.259,565.0,3659.0,0.54,0.53,-1.3098,148.762
Kepler-1749 b,Kepler-1749,14.53409958,1.61301783,7.34,420.0,3957.0,0.553,0.551,-0.94989,268.2
Kepler-1841 b,Kepler-1841,25.88599968,1.48912557,20.35,542.0,5190.0,0.899,0.823,-0.27843,631.7
Kepler-1842 b,Kepler-1842,14.02639961,2.35388681,108.07,822.0,5970.0,1.131,1.057,-0.02604,923.551
HAT-P-43 b,HAT-P-43,3.3326414,13.63,521.877,1353.0,5693.0,1.08,1.03,0.05986,528.825
Kepler-1742 b,Kepler-1742,49.47819901,2.1782413,10.73,462.0,5776.0,0.849,0.939,-0.18376,669.573
Kepler-1743 b,Kepler-1743,7.649710178,1.59887007,515.0,1144.0,5855.0,1.613,1.266,0.59938,538.807
Kepler-1741 b,Kepler-1741,2.757590055,1.273,33.79,615.0,3683.0,0.424,0.454,-1.24232,270.739
Kepler-1810 b,Kepler-1810,101.1330032,3.91815325,4.91,380.0,5492.0,1.016,0.921,-0.15834,1009.87
Kepler-1812 b,Kepler-1812,7.165219784,2.3249424,270.34,1034.0,6174.0,1.103,1.162,0.27988,1409.19
Kepler-1845 b,Kepler-1845,11.60649967,2.43836702,27.47,584.0,4703.0,0.701,0.686,-0.57817,710.724
Kepler-1716 b,Kepler-1716,35.58100128,2.4247685,6.3,408.0,4894.0,0.684,0.753,-0.62363,195.439
K2-95 b,K2-95,10.1346454,3.31,8.4172,474.0,3566.0,0.4,0.41,-1.63451,179.854
Kepler-1746 b,Kepler-1746,321.2120056,8.93504475,3.4,310.0,6018.0,1.286,1.09,0.496,979.541
Kepler-1745 b,Kepler-1745,3.016190052,1.92872921,1044.49,1449.0,5611.0,1.4,0.995,0.00651,996.105
Kepler-1814 b,Kepler-1814,2.935359955,2.36961357,216.9,1022.0,4922.0,0.823,0.79,-0.50574,726.346
Kepler-1813 b,Kepler-1813,2.818160057,1.413,298.2,1059.0,5167.0,0.787,0.812,-0.4,
Kepler-1815 b,Kepler-1815,12.19139957,2.7489262,80.01,763.0,5516.0,0.967,0.856,-0.03006,1006.63
Kepler-1856 b,Kepler-1856,1.302000046,1.73447868,772.73,1344.0,4948.0,0.816,0.782,-0.33065,848.76
K2-101 b,K2-101,14.6762429,2.0,20.1207,618.0,4927.0,0.76,0.82,-0.59482,188.33
Kepler-1669 c,Kepler-1669,1.609320045,1.90120972,199.28,958.0,4224.0,0.603,0.609,-0.80265,543.444
Kepler-1165 c,Kepler-1165,29.96870041,3.36093385,40.76,644.0,6249.0,1.076,1.13,0.55152,1575.2
Kepler-1816 b,Kepler-1816,91.50099945,1.9679397,2.0,310.0,5051.0,0.706,0.786,-0.53145,437.823
Kepler-1847 b,Kepler-1847,11.12969971,2.74516914,119.44,843.0,6122.0,0.964,1.041,0.09941,1693.86
K2-355 b,K2-355,5.7385647,2.25,192.2722,1066.0,5790.0,0.92,0.96,-0.11465,500.497
K2-356 b,K2-356,21.0267366,2.29,22.3128,624.0,5568.0,0.86,0.9,-0.24375,355.54
Kepler-1757 b,Kepler-1757,19.65640068,2.94660251,21.5,549.0,5288.0,0.74,0.828,-0.36941,807.308
Kepler-1758 b,Kepler-1758,9.977210045,2.57059831,93.64,1028.0,5557.0,1.616,1.035,0.48544,1588.41
Kepler-1819 b,Kepler-1819,16.48690033,3.90351256,78.99,760.0,6090.0,1.071,1.173,0.0865,1363.19
Kepler-1817 b,Kepler-1817,44.29919815,2.27349126,10.85,463.0,5316.0,0.915,0.878,-0.38044,748.569
K2-357 b,K2-357,16.3488637,3.72,40.8918,735.0,5794.0,1.0,0.98,-0.06563,517.687
K2-358 b,K2-358,11.2510285,2.68,92.6053,888.0,5650.0,0.91,0.93,-0.16134,480.307
Kepler-1731 b,Kepler-1731,21.76129913,2.93295657,13.3,486.0,4859.0,0.72,0.781,-0.59961,169.948
Kepler-1762 b,Kepler-1762,29.53910065,2.76022913,61.49,714.0,6572.0,1.238,1.298,0.33126,1663.74
Kepler-1820 b,Kepler-1820,31.03249931,3.11883067,23.41,561.0,5841.0,0.931,1.047,-0.02202,1425.39
Kepler-1821 b,Kepler-1821,16.45809937,2.59248115,40.61,644.0,5475.0,0.884,0.946,-0.12374,799.699
Kepler-1788 b,Kepler-1788,2.800120115,2.37850461,197.81,956.0,4786.0,0.704,0.686,-0.61055,560.445
Kepler-1859 b,Kepler-1859,2.729599953,1.58313575,1056.15,1455.0,5887.0,1.235,1.09,0.15429,1331.25
Kepler-1860 b,Kepler-1860,12.73719978,1.13863767,56.3,697.0,5420.0,0.868,0.874,-0.18091,438.703
K2-184 b,K2-184,16.9780102,1.47,14.0501,533.0,5245.0,0.75,0.84,-0.39912,75.5857
Kepler-1712 b,Kepler-1712,13.81499958,2.28372556,5.52,391.0,3732.0,0.509,0.515,-1.17916,156.264
Kepler-1763 b,Kepler-1763,1.480280042,1.14651332,2597.27,1822.0,5897.0,1.259,1.026,0.27421,756.486
Kepler-1764 b,Kepler-1764,70.46829987,4.55527871,16.17,511.0,6461.0,1.131,1.162,0.41465,1542.48
Kepler-1790 b,Kepler-1790,31.58889961,3.1446145,49.2,682.0,5866.0,1.367,1.02,0.38334,1070.17
Kepler-1791 b,Kepler-1791,7.720860004,3.12103321,257.14,1021.0,5887.0,1.177,0.985,0.176,602.218
EPIC 220554210 c,K2-282,0.70531,1.6,,,5499.0,1.0,0.94,-0.21463,496.289
K2-273 b,K2-273,11.7195663,3.05,83.5129,849.0,5161.0,0.85,0.89,-0.35279,308.105
K2-104 b,K2-104,1.9741954,1.79,62.1,798.0,3712.0,0.48,0.51,-1.43415,189.289
Kepler-1792 b,Kepler-1792,4.1957798,2.51990972,283.78,1047.0,5229.0,1.005,0.878,-0.50826,601.029
Kepler-1090 c,Kepler-1090,42.42720032,3.29265785,13.8,496.0,5330.0,1.013,0.869,-0.14595,858.77
EPIC 220492298 b,EPIC 220492298,0.762406,0.99,,,5620.0,0.89,0.95,-0.0088,624.512
EPIC 206024342 c,EPIC 206024342,0.911724,1.4,,,5724.0,1.1,0.928,-0.16992,369.888
Kepler-1760 b,Kepler-1760,38.3260994,2.28995546,12.56,480.0,5229.0,0.903,0.821,-0.26,
Kepler-1777 b,Kepler-1777,12.18420029,2.13189678,71.3,819.0,5771.0,1.068,0.984,-0.03321,619.146
K2-275 c,K2-275,8.4388385,2.21,45.7572,653.0,4841.0,0.69,0.77,-0.59332,123.438
K2-275 b,K2-275,3.2809626,2.34,161.2476,1166.0,4841.0,0.69,0.77,-0.59332,123.438
Kepler-1775 b,Kepler-1775,85.65399933,3.64762153,9.9,522.0,5818.0,1.647,1.149,0.24607,657.023
Kepler-1797 b,Kepler-1797,23.3593998,3.05774442,51.68,684.0,6244.0,1.009,1.069,0.06183,1338.49
Kepler-1798 b,Kepler-1798,16.85589981,2.30911251,6.52,408.0,3967.0,0.587,0.593,-0.95681,395.196
TIC 172900988 b,TIC 172900988 Aa,200.452,11.25,5.7522,361.24,6050.0,1.3842,1.2384,0.67103,250.956
HD 93385 d,HD 93385,45.85,2.89,24.471,619.44,5977.0,1.18484,1.04,0.20683,43.3475
OGLE-2018-BLG-0567L b,OGLE-2018-BLG-0567L,,12.3,,,,,0.25,,7060.0
OGLE-2018-BLG-0962L b,OGLE-2018-BLG-0962L,,13.6,,,,,0.54,,6500.0
Kepler-487 d,Kepler-487,2.418390036,2.77513568,550.8,1226.0,5422.0,0.887,0.874,-0.17269,872.343
Kepler-1822 b,Kepler-1822,22.13339996,2.64755943,15.65,507.0,5165.0,0.702,0.782,-0.28559,897.597
Kepler-1823 b,Kepler-1823,21.10339928,2.0861268,78.0,718.0,6000.0,1.126,1.068,0.28744,724.971
HD 96700 c,HD 96700,19.88,1.69,69.413,808.42,5845.0,1.16,0.89,0.13988,25.4111
HD 96700 d,HD 96700,103.5,3.61,7.6762,466.19,5845.0,1.16,0.89,0.13988,25.4111
TOI-2257 b,TOI-2257,35.189346,2.194,0.6703,256.0,3430.0,0.313,0.328,-1.86713,57.7911
Kepler-1769 b,Kepler-1769,89.1934967,4.465,8.9,483.0,6071.0,1.295,1.061,0.21523,438.412
Kepler-1778 b,Kepler-1778,10.08740044,3.01665969,186.14,942.0,6310.0,1.095,1.143,0.0978,1276.29
Kepler-1824 b,Kepler-1824,95.61100006,2.38127597,7.45,421.0,6002.0,1.081,1.135,0.171,1040.1
HD 189567 b,HD 189567,14.288,2.85,171.2523,845.16,5726.0,1.04,0.83,0.32428,17.9055
HD 189567 c,HD 189567,33.688,2.54,54.3688,634.41,5726.0,1.04,0.83,0.32428,17.9055
HD 137496 c,HD 137496,479.9,12.6,1.5713,370.0,5799.0,1.59,1.04,0.36633,155.317
Kepler-1782 b,Kepler-1782,5.756229877,2.22927435,86.0,773.0,4931.0,0.734,0.794,-0.55623,305.792
Kepler-1784 b,Kepler-1784,13.59049988,2.79936489,64.8,724.0,5442.0,0.974,0.887,-0.12103,883.045
Kepler-1828 b,Kepler-1828,10.2737999,2.11598626,96.27,799.0,5806.0,0.899,0.996,-0.11128,871.81
Kepler-1829 b,Kepler-1829,5.186719894,2.47887001,129.37,860.0,5230.0,0.777,0.873,-0.39395,679.921
Kepler-1776 b,Kepler-1776,35.01190186,2.61157023,29.9,603.0,5872.0,1.153,1.041,0.16391,690.336
Kepler-1709 b,Kepler-1709,65.70459747,3.12424875,11.7,472.0,5918.0,1.043,1.003,0.11547,273.946
Kepler-1833 b,Kepler-1833,6.892129898,1.30027362,439.2,1177.0,6164.0,1.446,1.286,0.4374,591.602
TOI-3362 b,TOI-3362,18.09547,12.80065596,37.2117,688.0,6532.0,1.83,1.445,0.73878,366.987
Kepler-1738 b,Kepler-1738,7.674630165,2.82472883,198.67,957.0,6063.0,1.001,1.079,-0.00542,1302.87
Kepler-1739 b,Kepler-1739,7.343709946,2.43056832,117.5,839.0,5757.0,0.762,0.865,-0.14011,783.666
Kepler-1924 b,Kepler-1924,15.33170033,2.65446572,107.44,821.0,5726.0,1.285,1.018,0.45229,1910.77
Kepler-1925 b,Kepler-1925,46.71640015,3.00177922,18.74,531.0,5856.0,1.092,1.057,0.36494,1771.31
HATS-76 b,HATS-76,1.9416423,12.09449018,129.8,939.8,4016.0,0.6259,0.662,-1.0381,385.689
Kepler-1130 d,Kepler-1130,4.272250175,0.64472273,221.4,981.0,5450.0,0.842,0.944,-0.25964,249.343
Kepler-1802 c,Kepler-1802,33.13610077,2.322,3.86,357.0,4245.0,0.637,0.649,-0.925,636.694
Kepler-1942 b,Kepler-1942,4.626049995,2.1170287,247.34,1012.0,5834.0,0.797,0.852,-0.07518,842.492
Kepler-1943 b,Kepler-1943,4.850180149,1.54869189,724.2,1098.0,6032.0,0.973,1.055,0.44535,1004.55
Kepler-1927 b,Kepler-1927,73.75039673,3.40627075,34.7,677.0,6056.0,2.481,1.408,0.77402,1091.0
Kepler-1722 b,Kepler-1722,9.178569794,2.86719266,76.14,753.0,5506.0,0.788,0.876,-0.16963,772.283
HD 69123 b,HD 69123,1193.3,13.1,4.7903,411.78,4842.0,7.72,1.68,1.46997,75.116
Kepler-1266 c,Kepler-1266,4.86631012,1.68023962,110.4,881.0,4996.0,0.831,0.791,-0.52996,849.312
Kepler-394 d,Kepler-394,5.613580227,1.50066814,302.0,1165.0,6398.0,1.101,1.141,0.05347,1058.72
Kepler-1944 b,Kepler-1944,9.842579842,2.75971163,97.62,801.0,5585.0,0.972,1.064,-0.08284,1076.48
Kepler-1945 b,Kepler-1945,6.080039978,1.289,100.72,808.0,4991.0,0.804,0.767,-0.441,
Kepler-1946 b,Kepler-1946,3.035190105,2.48812698,403.53,1143.0,5505.0,0.873,0.887,-0.27885,1002.12
Kepler-1929 b,Kepler-1929,59.36249924,3.07250761,37.2,566.0,5786.0,1.471,1.006,0.5928,508.201
Kepler-913 c,Kepler-913,5.939119816,3.8580709,122.82,1357.0,6068.0,1.797,1.294,-0.28163,991.618
Kepler-324 e,Kepler-324,13.97939968,2.03862444,38.9,635.0,5191.0,0.826,0.844,-0.30825,501.574
Kepler-1727 b,Kepler-1727,9.029299736,3.17321625,77.75,757.0,5349.0,0.82,0.824,-0.25065,894.187
Kepler-1931 b,Kepler-1931,38.5760994,2.65323514,51.7,619.0,6167.0,1.221,1.174,0.4741,620.091
Kepler-1530 d,Kepler-1530,9.20761013,3.27870115,69.2,972.0,5678.0,1.303,1.015,-0.31086,489.876
Kepler-1932 b,Kepler-1932,0.524177015,1.51482218,2799.9,1891.0,5278.0,0.815,0.911,-0.35191,713.733
YZ Cet b,YZ Cet,2.02087,0.913,8.21,471.2,3151.0,0.157,0.142,-2.65857,3.71207
YZ Cet c,YZ Cet,3.05989,1.05,4.72,410.3,3151.0,0.157,0.142,-2.65857,3.71207
Kepler-281 d,Kepler-281,148.2720032,5.93747806,2.51,321.0,5717.0,0.884,0.984,0.14638,1745.45
Kepler-495 c,Kepler-495,5.896609783,1.21936414,108.13,1000.0,5392.0,1.087,0.888,-0.2375,658.924
Kepler-501 c,Kepler-501,3.622760057,1.68119739,683.84,1304.0,5794.0,1.216,1.032,0.21635,1125.24
Kepler-196 d,Kepler-196,122.0800018,2.66065673,1.8,297.0,5132.0,0.77,0.805,-0.39257,451.312
Kepler-1950 b,Kepler-1950,10.77690029,1.52696349,75.83,752.0,5455.0,0.852,0.759,-0.22345,697.253
Kepler-1899 b,Kepler-1899,4.095779896,1.55098292,124.3,851.0,4791.0,0.742,0.759,-0.67239,711.509
Kepler-1869 b,Kepler-1869,8.167360306,1.11955354,138.5,865.0,5808.0,0.902,0.987,-0.05012,113.025
Kepler-1312 c,Kepler-1312,1.116119981,1.02732734,1770.2,1659.0,5721.0,0.905,0.983,-0.09874,299.104
Kepler-1952 b,Kepler-1952,27.21080017,1.23923346,65.27,725.0,5973.0,1.305,0.922,0.291,852.062
Kepler-1728 b,Kepler-1728,4.782999992,2.95501875,145.48,886.0,5170.0,0.807,0.891,-0.41612,651.783
Kepler-1926 b,Kepler-1926,42.87770081,2.31495961,9.8,451.0,5256.0,0.832,0.768,-0.64728,667.405
Kepler-1729 b,Kepler-1729,4.220970154,3.89404186,29.68,595.0,3837.0,0.517,0.544,-0.66329,576.181
Kepler-1972 b,Kepler-1972,7.54425,0.802,341.3,1084.0,5818.0,1.384,1.12,0.29447,287.339
Kepler-1321 d,Kepler-1321,5.720920086,2.62843782,15.84,509.0,3640.0,0.503,0.513,-0.8624,769.146
Kepler-1600 c,Kepler-1600,7.298049927,1.94206512,84.7,786.0,5119.0,0.834,0.818,-0.33945,1030.81
Kepler-1954 b,Kepler-1954,5.883430004,1.80235934,192.09,949.0,5840.0,0.849,0.942,0.04503,1373.83
Kepler-1730 b,Kepler-1730,13.81019974,4.48524519,113.75,833.0,5942.0,1.142,1.009,0.07455,1427.08
Kepler-1721 b,Kepler-1721,4.592380047,3.11856756,172.6,924.0,5351.0,0.796,0.89,-0.40675,641.374
Kepler-1887 b,Kepler-1887,19.94750023,2.92454357,36.14,625.0,5749.0,0.864,0.961,-0.18953,1366.18
Kepler-1958 b,Kepler-1958,9.328619957,2.05124311,99.6,806.0,5749.0,0.864,0.961,-0.00092,1320.38
Kepler-1726 b,Kepler-1726,18.39629936,2.50861954,24.0,582.0,5316.0,0.804,0.876,-0.36975,390.552
Kepler-1723 b,Kepler-1723,39.75289917,2.88046569,24.54,568.0,6072.0,1.01,0.96,0.03393,811.278
Kepler-1705 b,Kepler-1705,9.03502,2.03,91.74,789.0,6312.0,1.259,1.139,0.35411,1633.49
OGLE-2019-BLG-0960L b,OGLE-2019-BLG-0960L,,1.39,,,,,0.5,,980.0
Kepler-1890 b,Kepler-1890,4.820590019,0.86867375,493.0,1328.0,6046.0,1.396,1.024,0.26655,529.596
Kepler-1892 b,Kepler-1892,6.331230164,1.83707938,108.04,822.0,5383.0,0.759,0.851,-0.30112,851.595
Kepler-1959 b,Kepler-1959,6.38669014,1.14315727,102.25,811.0,5071.0,0.811,0.768,-0.47365,479.263
Kepler-1960 b,Kepler-1960,2.297940016,1.30749704,1352.14,1547.0,6371.0,1.072,1.117,0.27069,1527.56
Kepler-457 d,KOI-7892,10.6906004,2.98467257,244.47,1008.0,6474.0,1.242,1.148,0.2987,1072.3
Kepler-633 c,Kepler-633,23.78319931,2.296,115.4,725.0,5877.0,1.265,0.997,0.236,680.54
Kepler-1861 b,Kepler-1861,40.0306015,2.20677414,31.5,617.0,5855.0,1.373,1.161,0.30017,829.985
Kepler-1863 b,Kepler-1863,44.99760056,2.26309256,41.5,508.0,5871.0,0.983,1.097,0.40952,865.546
Kepler-1895 b,Kepler-1895,6.070290089,2.11934728,91.45,789.0,5076.0,0.763,0.86,-0.22959,984.187
Kepler-1911 b,Kepler-1911,5.990799904,1.011,223.93,987.0,5721.0,0.972,0.954,-0.07794,269.912
Kepler-1865 b,Kepler-1865,2.524009943,1.57686072,495.14,1203.0,5420.0,0.871,0.849,-0.32913,922.255
Kepler-1866 b,Kepler-1866,11.66009998,2.08215108,114.36,834.0,5791.0,1.083,1.03,0.14386,976.737
Kepler-1897 b,Kepler-1897,24.22030067,2.81407954,15.43,505.0,5165.0,0.761,0.859,-0.38987,983.174
Kepler-1896 b,Kepler-1896,44.87020111,3.09935997,19.5,536.0,6122.0,0.996,1.07,0.17382,1732.91
Kepler-1967 b,Kepler-1967,7.281690121,0.73022577,57.1,1086.0,4970.0,1.806,0.996,-0.56664,249.102
b Cen AB b,b Cen A,1790000.0,12.4,,,,,5.5,,98.0935
OGLE-2018-BLG-0532L b,OGLE-2018-BLG-0532L,,2.37,,,,,0.195,,773.0
Kepler-1867 b,Kepler-1867,9.887359619,1.15985997,82.32,768.0,5693.0,0.816,0.911,0.21949,680.583
Kepler-1868 b,Kepler-1868,211.0339966,3.14950109,0.5,215.0,4658.0,0.686,0.743,-0.66249,274.18
Kepler-1903 b,Kepler-1903,17.0678997,2.28642395,82.56,769.0,6347.0,0.996,1.053,0.29209,1775.44
Kepler-1969 b,Kepler-1969,6.647520065,1.68161001,235.89,999.0,6046.0,1.007,1.111,-0.1809,1204.54
Kepler-1968 b,Kepler-1968,7.281099796,1.50004034,72.16,744.0,5008.0,0.788,0.844,-0.64972,750.93
Kepler-1871 b,Kepler-1871,1.952700019,2.42172881,917.15,1403.0,5741.0,0.946,1.02,0.00294,854.623
Kepler-1872 b,Kepler-1872,3.825910091,2.38421141,241.25,1005.0,5223.0,0.885,0.913,-0.50562,840.182
Kepler-1906 b,Kepler-1906,7.362689972,2.77615754,155.72,901.0,5868.0,0.894,0.987,0.24215,1360.63
Kepler-1907 b,Kepler-1907,5.652450085,0.86973029,75.0,856.0,5159.0,0.8,0.752,-0.62479,292.111
Kepler-1913 b,Kepler-1913,14.1960001,1.51852059,105.7,818.0,6214.0,1.076,1.169,-0.05481,876.3
HD 79181 b,HD 79181,273.1,14.1,76.0617,821.87,4862.0,11.06,1.28,1.78965,103.335
HD 10975 b,HD 10975,283.8,14.3,68.2992,799.92,4840.0,11.16,1.41,1.78986,116.506
HD 99283 b,HD 99283,310.4,13.8,55.3069,759.06,4886.0,11.21,1.76,1.80963,111.093
Kepler-1873 b,Kepler-1873,0.558842003,1.62573811,2412.15,1787.0,5151.0,0.792,0.903,-0.40951,820.957
Kepler-1874 b,Kepler-1874,56.57320023,2.21110724,3.79,356.0,4701.0,0.775,0.758,-0.577,408.007
Kepler-1909 b,Kepler-1909,2.391609907,1.09217411,266.01,1031.0,4935.0,0.685,0.663,-0.57623,763.662
Kepler-1717 b,Kepler-1717,30.65279961,2.98929758,87.69,780.0,6200.0,1.64,1.158,0.59298,1008.79
Kepler-1917 b,Kepler-1917,12.90240002,1.88971288,48.99,675.0,5530.0,0.788,0.882,-0.29551,909.037
Kepler-1918 b,Kepler-1918,47.0564003,2.29763023,14.43,497.0,5889.0,0.924,0.967,-0.3081,1030.11
ups Leo b,ups Leo,385.2,14.2,45.3174,719.08,4836.0,11.22,1.48,1.80003,52.5973
HD 219139 b,HD 219139,275.5,14.0,70.5297,804.83,4831.0,11.22,1.46,1.79463,104.935
Kepler-616 d,Kepler-616,51.06740189,2.653,14.69,499.0,6004.0,0.977,1.061,-0.11149,945.775
Kepler-534 c,Kepler-534,7.378689766,1.227,178.68,933.0,5936.0,0.965,1.075,0.14739,570.659
Kepler-1919 b,Kepler-1919,37.88660049,2.62390658,12.46,479.0,5513.0,0.818,0.868,-0.27362,1177.53
Kepler-1488 c,Kepler-1488,6.158269882,1.65156749,760.6,1212.0,5710.0,1.524,1.003,0.58748,905.825
gam Psc b,gam Psc,555.1,13.6,33.5227,666.07,4742.0,11.2,0.99,1.76649,41.3107
HIP 34222 b,HIP 34222,159.986,13.9,0.3832,218.98,4050.0,0.6186,0.62,-1.03267,22.8386
Kepler-1881 b,Kepler-1881,159.3939972,2.98104391,1.5,289.0,5135.0,0.874,0.812,-0.3067,1057.21
Kepler-1879 b,Kepler-1879,10.61340046,2.06512018,242.6,987.0,5865.0,1.388,1.023,0.38444,627.171
Kepler-1934 b,Kepler-1934,1.419759989,0.91307734,1835.6,1700.0,5925.0,1.035,0.968,0.1085,428.514
Kepler-1935 b,Kepler-1935,3.951400042,2.50271696,324.78,1083.0,5570.0,0.899,0.845,0.16401,904.702
Kepler-1921 b,Kepler-1921,20.03479958,2.89459458,216.2,967.0,6120.0,2.0,1.251,0.80624,928.989
HIP 86221 b,HIP 86221,2.224,14.0,,,,,0.79,,29.4898
Kepler-1883 b,Kepler-1883,103.427002,3.25107395,7.08,416.0,6208.0,1.024,1.086,-0.01559,1377.61
Kepler-1938 b,Kepler-1938,13.06260014,1.82828927,18.25,527.0,4522.0,0.655,0.646,-0.64954,421.152
TOI-1268 b,TOI-1268,8.1577094,9.1,91.0972,918.9,5300.0,0.92,0.96,-0.28785,109.557
K2-25 b,K2-25,3.48456408,3.44,9.91,494.0,3207.0,0.2932,0.2634,-2.08831,44.9565
TOI-2136 b,TOI-2136,7.851928,2.19,4.0,395.0,3342.0,0.34,0.34,-1.88606,33.3631
K2-382 b,K2-382,21.700156,2.072,,,5452.0,0.811,0.922,-0.27952,278.412
K2-376 b,K2-376,5.776475,1.736,,,5937.0,1.149,0.908,0.18908,161.61
iot Dra b,iot Dra,510.8544,12.4,24.9999,618.67,4504.0,11.79,1.54,1.72247,31.32832
CoRoT-35 b,CoRoT-35,3.22748,18.83108758,1251.8629,1747.0,6390.0,1.65,1.01,0.36247,1123.21
CoRoT-36 b,CoRoT-36,5.616531,15.80466279,1491.0287,1567.0,6730.0,1.52,1.32,0.81257,925.958
K2-383 b,K2-383,1.865962,1.564,,,5129.0,0.804,1.061,-0.39685,203.788
K2-366 b,K2-366,15.937039,2.359,,,5601.0,0.94,0.825,-0.10862,185.947
iot Dra c,iot Dra,25000.0,12.2,0.1402,169.31,4504.0,11.79,1.54,1.72247,31.32832
K2-373 b,K2-373,11.02066,2.061,,,6138.0,1.486,1.158,0.43238,229.567
K2-367 b,K2-367,20.645099,2.413,,,4348.0,0.625,0.756,-0.85399,176.965
HD 160691 c,HD 160691,3947.0,,0.1092,157.21,5773.0,1.33,1.13,0.27848,15.5981
HD 160691 d,HD 160691,9.6392,3.23,209.5104,900.0,5773.0,1.33,1.13,0.27848,15.5981
K2-384 f,K2-384,13.62749,2.222,,,3623.0,0.348,0.33,-1.86986,82.6603
K2-369 b,K2-369,5.761612,1.313,,,5682.0,0.881,0.735,-0.12109,185.55
TOI-620 b,TOI-620,5.0988179,3.76,20.8,603.6,3708.0,0.55,0.577,-1.28819,33.0231
AB Aur b,AB Aur,,12.5,0.0067,83.63,9770.0,2.95887,2.4,1.77085,162.127
HD 33142 b,HD 33142,330.0,13.7,8.6781,477.5,5025.4,4.17,1.52,1.00043,121.375
K2-384 e,K2-384,9.715043,1.345,,,3623.0,0.348,0.33,-1.86986,82.6603
K2-371 b,K2-371,3.114905,13.024,198.0922,956.83,4925.0,0.736,0.958,-0.51657,442.813
K2-372 b,K2-372,9.844077,2.945,,,5479.0,0.922,0.847,-0.12154,463.88
TYC 2187-512-1 b,TYC 2187-512-1,691.9,12.5,0.0279,114.69,3734.0,0.495,0.498,-1.38091,15.4744
TOI-1246 b,TOI-1246,4.30744,3.01,196.0,955.0,5151.0,0.86,0.87,-0.30103,169.422
HD 160691 e,HD 160691,307.9,,2.0603,327.66,5773.0,1.33,1.13,0.27848,15.5981
K2-393 b,K2-393,10.413181,2.352,,,5678.0,1.071,0.881,0.04296,265.914
K2-375 b,K2-375,14.453895,2.243,,,5822.0,1.543,1.119,0.39626,696.1
HIP 94235 b,HIP 94235,7.713057,3.0,219.2841,1060.0,5991.0,1.08,1.094,0.13759,58.5146
KOI-984 c,KOI-984,21.512,14.1,22.0364,597.0,5295.0,0.818,0.928,-0.324,252.667
K2-389 c,K2-389,20.851337,2.04,,,5782.0,1.084,0.802,0.10644,259.208
K2-390 b,K2-390,3.312792,4.662,260.965,1119.0,5558.0,0.966,0.789,-0.09926,456.122
HD 73583 b,HD 73583,6.398042,2.79,43.3,714.0,4511.0,0.65,0.73,-0.74425,31.5666
HD 103891 b,HD 103891,1919.0,13.2,0.5714,241.25,6072.0,2.22,1.28,0.78604,55.5213
HD 105779 b,HD 105779,2412.0,14.1,0.0683,147.29,5792.0,0.94,0.89,-0.10791,55.2411
HD 33142 d,HD 33142,89.9,9.32,48.9956,736.04,5025.4,4.17,1.52,1.00043,121.375
HD 19615 b,HD 19615,402.0,12.6,270.2479,1113.92,4263.0,32.3,1.1,2.51455,265.155
K2-391 b,K2-391,4.622654,1.371,,,5543.0,0.566,0.757,0.39142,507.94
HD 73583 c,HD 73583,18.87974,2.39,10.2,498.0,4511.0,0.65,0.73,-0.74425,31.5666
GJ 411 b,GJ 411,12.9394,1.45,3.13,349.83,3719.0,0.3685,0.3899,-1.70997,5.675773
TOI-1064 c,TOI-1064,12.226574,2.651,26.8,634.0,4734.0,0.726,0.748,-0.62342,68.0726
K2-316 b,K2-316,1.133,1.33,68.5057,841.0,3436.0,0.379,0.408,-1.82964,112.486
HD 95735 c,GJ 411,2946.0,3.76,0.0023,63.49,3719.0,0.3685,0.3899,-1.70997,5.675773
TOI-2669 b,TOI-2669,6.2034,19.72780603,375.554,1226.0,4800.0,4.1,1.19,0.906,393.443
TOI-4329 b,TOI-4329,2.9223,16.81347105,3990.5716,2027.12,6000.0,2.31,1.538,0.79931,717.128
K2-397 b,K2-397,3.572326,2.417,,,5387.0,0.966,0.937,-0.14497,199.354
K2-316 c,K2-316,5.26,1.83,4.3703,423.0,3436.0,0.379,0.408,-1.82964,112.486
TOI-2046 b,TOI-2046,1.4971842,16.14093221,2643.655,1828.82,6250.0,1.21,1.13,0.27967,289.668
Kepler-1656 c,Kepler-1656,1919.0,14.0,0.1126,161.19,5569.0,1.1,1.03,0.02083,185.875
TOI-206 b,TOI-206,0.7363104,1.3,117.7582,910.0,3383.0,0.35,0.35,-1.83581,47.7465
K2-398 c,K2-398,18.787839,5.098,,,5946.0,1.239,0.945,0.25966,606.992
K2-319 b,K2-319,26.68,2.79,25.1842,641.0,5440.0,0.898,0.954,-0.23747,209.071
mu2 Sco b,mu2 Sco,,12.3,0.1074,159.05,21700.0,5.6,9.1,3.8,
TOI-1693 b,TOI-1693,1.7666957,1.41,57.0208,764.0,3499.0,0.46,0.49,-1.55409,30.7947
K2-402 b,K2-402,17.27474,2.678,,,5716.0,1.28,0.944,0.2095,523.055
K2-323 b,K2-323,24.93,2.1,2.8163,318.0,3710.0,0.549,0.478,-1.3393,118.318
HD 81040 b,HD 81040,1002.7,12.6,0.2213,189.77,5755.0,0.91,0.99,-0.07676,34.4341
HD 171238 b,HD 171238,1515.0,12.5,0.0989,166.96,5467.0,1.01,0.92,-0.20273,44.8113
HD 87883 b,HD 87883,3006.0,12.7,0.0238,110.52,4980.0,0.798557,0.8,-0.47108,18.2912
TOI-2411 b,TOI-2411,0.7826942,1.68,1051.1379,1355.0,4099.0,0.68,0.65,-0.87076,59.5362
TOI-2427 b,TOI-2427,1.3060011,1.8,62.7136,1117.0,4072.0,0.65,0.64,-0.94244,28.5147
K2-404 b,K2-404,13.115365,2.53,,,3748.0,0.552,0.552,-1.23901,121.63
K2-325 b,K2-325,6.93,2.2,5.0999,423.0,3287.0,0.298,0.274,-2.04801,111.638
HD 106515 A b,HD 106515 A,3626.0,12.1,0.0342,116.53,5362.0,0.91,0.89,-0.16368,34.0915
KMT-2017-BLG-2509L b,KMT-2017-BLG-2509L,,13.4,,,,,0.46,,7040.0
K2-406 b,K2-406,22.549406,4.602,,,5784.0,0.961,0.798,-0.05965,85.3751
K2-326 b,K2-326,1.256,2.28,268.1283,1114.0,3924.0,0.688,0.507,-0.97833,282.308
TOI-5153 b,TOI-5153,20.33003,11.88151954,49.5559,906.0,6300.0,1.4,1.24,0.46423,390.484
NGTS-20 b,NGTS-20,54.18915,11.99360935,6.7645,688.0,5980.0,1.78,1.47,0.64503,382.898
HD 29021 b,HD 29021,1365.0,12.9,0.1252,163.2,5560.0,0.85,0.86,-0.18111,30.9939
KMT-2021-BLG-0912L b,KMT-2021-BLG-0912L,,1.49,,,,,0.8,,5560.0
K2-407 c,K2-407,9.22453,1.36,,,5563.0,0.927,0.881,-0.12724,218.376
K2-199 b,K2-199,3.2253993,1.73,116.2,913.0,4491.0,0.682,0.711,-0.73283,107.518
Ross 508 b,Ross 508,10.77,1.83,1.2464,293.86,3071.0,0.2113,0.1774,-2.44503,11.2103
K2-387 b,K2-387,28.735327,7.322,,,3572.0,0.585,0.57,-1.23884,266.318
K2-374 b,K2-374,4.521953,1.593,,,5789.0,0.907,0.731,-0.05943,359.439
HD 136118 b,HD 136118,1187.59765,12.3,0.684,249.62,6097.0,1.67754,1.18,0.56868,51.4359
HD 140901 b,HD 140901,9.02378,4.07,109.3426,904.37,5610.0,0.95,0.99,-0.10237,15.2528
HD 93351 c,HD 93351,14010.2941,12.3,0.0051,74.54,5408.0,0.911435,0.94,-0.19371,56.163
GJ 2030 b,GJ 2030,2.38129,2.03,3542.7587,2147.31,5485.0,2.24104,0.96,0.6123,37.0788
TOI-2570 b,TOI-2570,2.9887615,13.64132951,699.0,1431.0,5771.0,1.095,1.063,0.07882,361.857
HD 113337 b,HD 113337,317.58639,13.1,4.1073,395.73,6774.0,1.5,1.41,0.63246,36.18
HIP 97233 b,HIP 97233,1062.26506,12.1,2.5778,354.42,5020.0,5.34,1.81,1.204,102.275
HD 144899 b,HD 144899,40.43914,4.77,58.843,770.87,6126.0,1.64802,1.16,0.53733,115.665
HD 142 A d,HD 142,108.45299,10.9,13.2625,530.32,6245.0,1.47,1.21,0.47418,26.1853
GJ 2030 c,GJ 2030,25533.11353,12.3,0.0146,96.71,5485.0,2.24104,0.96,0.6123,37.0788
GJ 3222 b,GJ 3222,10.66669,3.4,67.5954,811.06,5257.46,0.931389,0.89,-0.252,18.23817
GJ 680 b,GJ 680,17281.66514,12.0,0.0003,36.57,3563.0,0.45933,0.456,-1.51379,9.67315
TOI-3540 A b,TOI-3540 A,3.119999,23.53885947,841.3,1498.0,5810.0,1.228,1.081,0.19005,
TOI-3331 A b,TOI-3331 A,2.0180231,12.97999965,818.5,1488.0,5609.0,0.952,1.016,-0.09313,217.193
TOI-3693 b,TOI-3693,9.088516,12.59889431,68.6,801.0,5321.0,0.791,0.867,-0.3439,176.436
HD 145934 b,HD 145934,2751.53433,13.4,0.9461,276.92,4823.75,6.930587,2.058,1.35455,227.881
HD 151450 b,HD 151450,21.89288,6.94,66.5618,795.0,6091.98,1.17184,1.14,0.23147,43.6002
HD 149806 b,HD 149806,16521.52778,12.3,0.0037,69.13,5352.05,0.89,0.93,-0.2446,20.2727
HD 151450 c,HD 151450,18144.76236,12.8,0.0085,84.59,6091.98,1.17184,1.14,0.23147,43.6002
HD 115404 A b,HD 115404 A,10.49488,6.09,39.0242,695.65,5019.17,0.727007,0.83,-0.5197,10.9816
TOI-2196 b,TOI-2196,1.1947268,3.51,2000.0,1860.0,5634.0,1.043,1.032,-0.00436,259.947
HD 191806 b,HD 191806,1603.38923,12.5,0.2951,206.98,6010.0,1.40223,1.07,0.3483,65.6668
HD 153557 c,HD 153557,15.27018,4.36,22.2262,604.33,4837.0,0.745171,0.79,-0.56249,17.9412
HD 153557 d,HD 153557,40654.64809,11.9,0.0006,43.47,4837.0,0.745171,0.79,-0.56249,17.9412
HD 12235 c,HD 12235,36336.70679,12.5,0.0076,82.22,5986.0,1.80185,1.1,0.57468,31.7627
HD 56414 b,HD 56414,29.04992,3.71,1614.3559,1133.0,8500.0,1.751,1.89,1.15806,272.217
GJ 896 A b,GJ 896 A,284.39,13.3,0.0429,126.7,3345.0,0.394682,0.43599,-1.75523,6.26022
GJ 676 A c,GJ 676 A,13921.42302,12.3,0.001,47.96,3734.0,0.69,0.626,-1.04251,16.0272
HD 219828 c,HD 219828,4789.87297,12.2,0.0822,149.17,5891.0,1.56,1.04,0.42,73.114
HD 72892 b,HD 72892,39.44603,12.8,26.9314,634.46,5688.0,1.22,1.01,0.14613,69.7311
HD 155918 b,HD 155918,1.87567,2.67,1153.7389,1622.13,5771.84,1.01906,1.03,0.01635,27.561
TOI-2048 b,TOI-2048,13.79019,2.61,29.035,646.0,5185.0,0.79,0.83,-0.38722,116.567
HD 111232 b,HD 111232,1169.13202,12.6,0.1496,172.05,5512.0,0.9,0.96,-0.161,28.9571
HD 10697 b,HD 10697,1075.3799,12.8,0.7124,259.25,5641.0,1.863076,0.99,0.47665,33.1205
HD 125612 b,HD 125612,557.69994,13.2,0.6309,253.38,5900.0,1.07,1.05,0.06,57.6207
HIP 67537 b,HIP 67537,2523.64713,12.3,1.7903,323.2,4985.0,8.69,2.316,1.61669,116.046
HD 156098 c,HD 156098,7841.5839,12.8,0.1642,177.18,6419.19,2.75716,1.29,1.06554,48.249
HD 156098 b,HD 156098,21.85849,4.12,416.9726,1257.73,6419.19,2.75716,1.29,1.06554,48.249
HD 168863 b,HD 168863,14773.93272,12.7,0.0026,63.01,4905.0,0.777826,0.8,-0.50098,39.8979
HIP 19976 b,HIP 19976,50.65905,4.94,3.4055,378.1,4316.0,0.772319,0.67,-0.72939,40.2707
HD 203387 c,HD 203387,2481.07227,12.6,2.8216,360.63,5174.32,10.5852,2.817,1.86,61.7477
HIP 35965 b,HIP 35965,26125.56497,12.6,0.0009,48.85,4836.0,0.697551,0.78,-0.62021,50.1677
HD 125612 c,HD 125612,4.15466,4.07,441.4278,1303.14,5900.0,1.07,1.05,0.06,57.6207
HD 125612 d,HD 125612,2822.72698,12.7,0.0724,147.48,5900.0,1.07,1.05,0.06,57.6207
HD 156279 c,HD 156279,4818.25358,12.5,0.0237,109.42,5453.0,0.95,0.94,-0.14596,36.1945
HD 27894 d,HD 27894,5019.54244,12.7,0.0124,95.87,4875.0,0.891767,0.81,-0.449,43.8214
HD 181234 b,HD 181234,7593.40512,12.5,0.0144,98.09,5386.0,1.059423,0.94,-0.09853,47.7458
HD 18143 b,HD 18143,10.2851,3.28,61.873,769.92,5078.0,0.87,0.85,-0.31953,22.5243
HIP 948 b,HIP 948,24955.45756,12.1,0.0008,46.4,4497.0,0.688488,0.71,-0.75782,34.8523
HD 139357 b,HD 139357,1124.79139,12.1,7.649,446.97,4700.0,11.47,2.69,1.82295,112.09
HD 25015 b,HD 25015,6134.427,12.5,0.0106,90.69,5160.0,0.83,0.86,-0.38416,37.433
HD 188641 b,HD 188641,14583.81038,11.9,0.0285,114.36,5897.32,1.94492,1.07,0.61512,64.3399
HD 168443 b,HD 168443,58.11187,12.6,28.2942,641.03,5491.0,1.711479,0.98,0.38246,39.6245
HD 156279 b,HD 156279,133.40355,12.5,2.8355,361.73,5453.0,0.95,0.94,-0.14596,36.1945
HD 168443 c,HD 168443,1753.1096,12.2,0.2987,205.47,5491.0,1.711479,0.98,0.38246,39.6245
GJ 229 A c,GJ 229,121.93268,2.87,0.1899,188.1,3564.0,0.46,0.509,-1.55284,5.75624
HD 81817 b,HD 81817,1021.20159,12.0,174.402,1016.37,4140.0,83.8,4.3,3.26076,269.126
HD 204313 e,HD 204313,7325.64666,12.2,0.0226,106.81,5767.0,1.1,1.03,0.09981,47.7945
HD 169830 c,HD 169830,1818.82339,12.6,0.4856,241.03,6300.0,1.935709,1.17,0.662,37.6048
HIP 56640 b,HIP 56640,2675.57603,12.7,0.542,239.37,4769.0,4.93,1.75,1.05,122.324
HD 213519 b,HD 213519,11.12214,2.99,125.3797,931.36,5840.0,1.08287,1.05,0.0895,41.0014
HD 217786 c,HD 217786,2.52221,2.61,1308.8643,1663.13,5966.0,1.27,1.14,0.27646,55.4847
TOI-3629 b,TOI-3629,3.936551,8.29464572,39.0,690.0,3870.0,0.6,0.63,-1.12494,130.091
HD 183263 c,HD 183263,4667.97841,12.5,0.057,134.6,5948.0,1.23,1.06,0.25025,54.1955
HD 66428 c,HD 66428,10478.84437,13.5,0.0141,95.52,5716.0,1.13,1.01,0.09579,53.2817
HD 80869 b,HD 80869,1752.92067,12.8,0.142,203.2,5837.0,1.062,1.06,0.39977,85.3951
HD 25912 b,HD 25912,41.83156,6.9,18.7477,579.16,5920.58,0.995896,1.08,0.04058,49.1661
HD 217958 b,HD 217958,2560.19774,14.2,0.1388,169.89,5930.64,1.32619,1.08,0.29231,61.7957
HD 25912 c,HD 25912,26308.65619,12.2,0.0034,67.44,5920.58,0.995896,1.08,0.04058,49.1661
HD 109988 b,HD 109988,17132.15854,12.1,0.0031,65.91,5185.97,0.869694,0.88,-0.30725,42.5279
HD 28192 b,HD 28192,14.23283,12.2,91.1399,859.98,5919.87,1.07094,1.08,0.10347,49.8063
HD 43197 c,HD 43197,9295.9735,12.6,0.01,90.89,5508.0,1.0,0.96,-0.137,62.4112
HD 38529 b,HD 38529,14.3099,14.1,516.1847,1369.46,5697.0,2.857838,0.98,0.8342,42.3538
HD 38529 c,HD 38529,2127.60566,12.5,0.656,258.56,5697.0,2.857838,0.98,0.8342,42.3538
HD 110537 b,HD 110537,24469.67342,11.9,0.0047,72.83,5718.0,1.16626,1.02,0.11726,45.0858
HD 56957 b,HD 56957,5859.08992,12.8,0.075,145.67,5743.0,1.77793,1.03,0.49108,61.4925
HD 62364 c,HD 62364,74839.94555,12.0,0.002,58.7,6255.0,1.401,1.19,0.43297,53.112
TOI-712 c,TOI-712,51.69906,2.701,3.08,369.9,4622.0,0.674,0.732,-0.72793,58.6212
TOI-712 d,TOI-712,84.8396,2.474,1.6,313.6,4622.0,0.674,0.732,-0.72793,58.6212
HD 43197 b,HD 43197,308.92072,14.2,0.9377,282.81,5508.0,1.0,0.96,-0.137,62.4112
HD 4113 b,HD 4113,526.5239,13.5,0.744,251.65,5688.0,1.077514,1.008,0.086,41.8727
HD 111232 c,HD 111232,26472.44623,12.2,0.0023,60.71,5512.0,0.9,0.96,-0.161,28.9571
HD 62549 b,HD 62549,14306.88519,12.6,0.0121,92.25,5930.46,1.23227,1.08,0.22846,49.3305
KMT-2021-BLG-0171L b,KMT-2021-BLG-0171L,,3.35,,,5200.0,,0.78,,4600.0
HD 73267 b,HD 73267,1257.99159,13.0,0.1577,165.89,5387.0,0.909,0.93,-0.106,50.4093
HD 11505 b,HD 11505,32669.22247,12.6,0.0035,67.46,5757.15,1.19568,1.03,0.15075,38.9679
HD 80913 b,HD 80913,10839.83341,12.0,0.0326,118.23,6013.24,1.6542,1.11,0.50831,61.3603
HD 81817 c,HD 81817,622.97802,12.0,337.2228,1198.52,4140.0,83.8,4.3,3.26076,269.126
TOI-2207 b,TOI-2207,8.001968,11.1529358,406.0,1259.0,6101.0,1.564,1.296,0.4843,373.345
HD 86264 b,HD 86264,1488.79123,12.5,0.5987,247.01,6210.0,1.88,1.26,0.66,67.8107
HD 8673 b,HD 8673,1644.69097,12.3,0.3841,219.11,6389.05,1.50225,1.28,0.52992,37.8619
HD 127506 b,HD 127506,65.78395,5.67,2.6404,354.8,4595.32,0.735766,0.73,-0.66256,22.5279
HD 135872 b,HD 135872,2422.32597,12.8,0.4969,233.64,4992.0,3.93038,1.646,0.937,82.4251
HD 86065 b,HD 86065,25775.78859,12.5,0.0013,52.56,4927.56,0.780347,0.81,-0.4902,40.3661
HD 88072 b,HD 88072,18538.79293,12.6,0.0056,76.03,5785.33,1.032,1.04,0.03137,35.9098
HD 93351 b,HD 93351,2.45946,1.69,522.5845,1330.76,5408.0,0.911435,0.94,-0.19371,56.163
TOI-2421 b,TOI-2421,4.3474032,10.36830715,923.6,1534.0,5607.0,1.75,1.131,0.436,327.927
HD 142 c,HD 142,10159.64279,12.4,0.031,116.56,6245.0,1.47,1.21,0.47418,26.1853
TOI-2583 A b,TOI-2583 A,4.5207265,14.4595851,750.9,1456.0,5936.0,1.477,1.215,0.38828,566.189
OGLE-2018-BLG-1119L b,OGLE-2018-BLG-1119L,,13.9,,,,,0.48,,5760.0
KMT-2021-BLG-1554L b,KMT-2021-BLG-1554L,,6.9,,,,,0.08,,7680.0
TOI-2796 b,TOI-2796,4.8084983,17.26183028,352.0,1205.0,5764.0,1.069,1.063,0.05538,350.343
TOI-2096 b,TOI-2096,3.1190633,1.243,9.4,445.0,3300.0,0.235,0.231,-2.22768,48.4809
KMT-2021-BLG-1898L b,KMT-2021-BLG-1898L,,14.0,,,,,0.48,,6900.0
GJ 338 B b,GJ 338 B,24.422,3.25,3.9278,391.0,4014.0,0.58,0.64,-1.10127,6.33256
TOI-2842 b,TOI-2842,3.5514058,12.84549188,781.8,1471.0,5910.0,1.265,1.135,0.24551,460.995
TOI-4603 b,TOI-4603,7.24599,11.67975789,1192.0,1677.0,6264.0,2.738,1.765,1.01703,225.643
KMT-2021-BLG-0712L b,KMT-2021-BLG-0712L,,6.91,,,,,0.22,,3090.0
KMT-2021-BLG-0909L b,KMT-2021-BLG-0909L,,13.7,,,,,0.38,,6480.0
MASCARA-1 b,MASCARA-1,2.14877381,17.90074218,38711.5,2594.3,7490.0,2.082,1.9,1.08279,182.273
K2-38 b,K2-38,4.01593,1.54,426.0,1266.0,5731.0,1.06,1.03,0.03743,192.69
TOI-3364 b,TOI-3364,5.8768918,12.22899794,425.0,1264.0,5706.0,1.419,1.186,0.28556,277.899
KMT-2021-BLG-2478L b,KMT-2021-BLG-2478L,,13.9,,,,,0.2,,2970.0
KMT-2021-BLG-1105L b,KMT-2021-BLG-1105L,,13.6,,,,,0.63,,4540.0
K2-414 b,K2-414,4.3696,1.219,72.113,811.92,4343.0,0.732,0.814,-0.70538,260.036
TOI-4582 b,TOI-4582,31.034,10.53644186,33.7343,614.66,5190.0,2.5,1.34,0.612,383.846
TOI-3688 A b,TOI-3688 A,3.246075,13.08088048,924.3,1534.0,5950.0,1.302,1.199,0.2833,396.378
TOI-942 c,TOI-942,10.156272,4.67,59.2488,772.63,4969.0,0.894,0.822,-0.35853,152.601
TOI-733 b,TOI-733,4.884765,1.992,207.1,1055.8,5585.0,0.949,0.956,-0.08619,75.2092
Kepler-20 c,Kepler-20,10.8540774,2.894,78.7,828.0,5495.0,0.9164,0.929,-0.16451,282.563
HIP 21152 b,HIP 21152,22000.0,12.0,0.015,1300.0,6655.0,1.59186,1.4,0.63565,43.4073
OGLE-2019-BLG-0468L c,OGLE-2019-BLG-0468L,,12.5,,,,,0.92,,4400.0
OGLE-2019-BLG-0468L b,OGLE-2019-BLG-0468L,,13.1,,,,,0.92,,4400.0
TOI-3976 A b,TOI-3976 A,6.607662,12.27383387,469.0,1295.0,5975.0,1.501,1.254,0.41296,516.087
KMT-2017-BLG-1003L b,KMT-2017-BLG-1003L,,2.13,,,,,0.32,,7090.0
TOI-4087 b,TOI-4087,3.1774835,13.04725353,753.9,1458.0,6060.0,1.112,1.178,0.17609,301.676
TOI-942 b,TOI-942,4.32421,3.89,261.858,1120.0,4969.0,0.894,0.822,-0.35853,152.601
KMT-2021-BLG-0240L b,KMT-2021-BLG-0240L,,9.6,,,,,0.56,,6600.0
KMT-2017-BLG-0673L b,KMT-2017-BLG-0673L,,13.0,,,,,0.63,,5080.0
KMT-2019-BLG-1367L b,KMT-2019-BLG-1367L,,1.85,,,,,0.25,,4670.0
OGLE-2017-BLG-1806L b,OGLE-2017-BLG-1806L,,2.15,,,,,0.38,,6400.0
TOI-4791 b,TOI-4791,4.28088,12.44196858,783.2,1472.0,6058.0,1.409,1.242,0.38021,328.802
EPIC 229004835 b,EPIC 229004835,16.141132,2.332,69.7,804.0,5868.0,0.999,0.97,0.02989,121.971
OGLE-2019-BLG-1053L b,OGLE-2019-BLG-1053L,,1.38,,,,,0.61,,6800.0
KMT-2019-BLG-2974L b,KMT-2019-BLG-2974L,,11.4,,,,,0.47,,6100.0
OGLE-2019-BLG-1470L AB c,OGLE-2019-BLG-1470L A,,13.3,,,,,0.57,,5900.0
HD 23472 b,HD 23472,17.667087,2.0,16.0,543.0,4684.0,0.71,0.67,-0.62525,39.0341
HD 191939 c,HD 191939,28.579743,3.195,21.0,600.0,5348.0,0.94,0.81,-0.18709,53.6089
OGLE-2018-BLG-0506L b,OGLE-2018-BLG-0506L,,4.18,,,,,0.63,,5600.0
TIC 279401253 b,TIC 279401253,76.8,11.2089807,9.1803,486.37,5951.0,1.06,1.13,0.09691,285.584
HD 23472 c,HD 23472,29.79749,1.87,7.96,467.0,4684.0,0.71,0.67,-0.62525,39.0341
HD 23472 f,HD 23472,12.1621839,1.137,26.3,630.0,4684.0,0.71,0.67,-0.62525,39.0341
OGLE-2019-BLG-1492L b,OGLE-2019-BLG-1492L,,6.79,,,,,0.68,,5600.0
TIC 279401253 c,TIC 279401253,155.3,12.6,3.5788,384.31,5951.0,1.06,1.13,0.09691,285.584
TOI-1811 b,TOI-1811,3.7130765,11.14172682,55.9743,962.2,4766.0,0.769,0.817,-0.56019,128.23
HD 23472 d,HD 23472,3.97664,0.75,117.0,909.0,4684.0,0.71,0.67,-0.62525,39.0341
HD 23472 e,HD 23472,7.90754,0.818,46.7,723.0,4684.0,0.71,0.67,-0.62525,39.0341
HATS-54 b,HATS-54,2.5441765,11.37711541,476.965,1429.0,5621.0,1.23,1.05,0.11461,748.585
HD 45364 c,HD 45364,345.43,14.2,0.7829,261.82,5466.0,0.89,0.82,-0.19586,34.354
KMT-2021-BLG-1253L b,KMT-2021-BLG-1253L,,4.59,,,,,0.24,,6640.0
NGTS-23 b,NGTS-23,4.0764326,14.20177855,815.7013,1327.0,6057.0,1.24,1.01,0.2833,1074.95
NGTS-24 b,NGTS-24,3.4678796,13.60770257,391.83,1499.0,5820.0,1.64,1.26,0.44592,683.062
NGTS-25 b,NGTS-25,2.823093,11.46678726,339.4356,1101.0,5321.0,0.86,0.91,-0.29158,521.233
KMT-2021-BLG-1372L b,KMT-2021-BLG-1372L,,9.12,,,,,0.42,,5970.0
TOI-2497 b,TOI-2497,10.655669,11.14172682,997.8085,1595.0,7360.0,2.36,1.859,1.16732,285.289
TOI-5542 b,TOI-5542,75.12375,11.30986153,9.6,441.0,5700.0,1.058,0.89,1.057,348.849
TOI-2338 b,TOI-2338,22.65398,11.2089807,13.8485,799.0,5581.0,1.05,0.99,-0.01323,313.996
KMT-2021-BLG-1077L b,KMT-2021-BLG-1077L,,9.86,,,,,0.14,,8240.0
PZ Tel b,PZ Tel,44000.0,11.9,0.0014,53.77,5169.0,1.25646,1.36,0.00662,47.0648
KMT-2018-BLG-0030L b,KMT-2018-BLG-0030L,,13.6,,,,,0.51,,6480.0
MOA-2020-BLG-135L b,MOA-2020-BLG-135L,,3.37,,,,,0.23,,7900.0
TOI-2364 b,TOI-2364,4.0197517,8.60849718,237.0,1091.0,5306.0,0.886,0.954,-0.25181,219.614
OGLE-2018-BLG-0298L b,OGLE-2018-BLG-0298L,,7.56,,,,,0.69,,6540.0
TOI-969 c,TOI-969,1700.0,12.4,0.0208,96.4,4435.0,0.671,0.734,-0.70042,77.2554
OGLE-2006-BLG-284L A b,OGLE-2006-BLG-284L A,,14.3,,,,,0.35,,4000.0
K2-3 d,K2-3,44.55603,1.458,1.44,305.2,3844.0,0.546,0.549,-1.23136,44.0727
K2-3 c,K2-3,24.646729,1.582,3.17,371.8,3844.0,0.546,0.549,-1.23136,44.0727
HD 111998 b,HD 111998,810.0,12.9,0.8918,275.49,6557.0,1.45,1.4,0.51231,33.2237
HIP 70849 b,HIP 70849,3649.0,12.9,0.0056,78.85,4105.0,0.633112,0.65,-1.04817,24.0572
HD 114783 c,HD 114783,4352.0,13.4,0.017,101.53,5135.0,0.840622,0.9,-0.3725,21.0628
Kepler-409 b,Kepler-409,68.9583216,1.199,6.15,438.0,5421.0,0.897,0.913,-0.20201,68.173
Kepler-20 f,Kepler-20,19.578328,0.952,35.9,681.0,5495.0,0.9164,0.929,-0.16451,282.563
KMT-2022-BLG-0440L b,KMT-2022-BLG-0440L,,4.05,,,,,0.53,,3500.0
TOI-411 c,HD 22946,9.573083,2.328,156.75,931.0,6169.0,1.117,1.098,0.20919,62.7792
HD 140901 c,HD 140901,14386.0,13.4,0.0057,76.76,5610.0,0.95,1.06,-0.10237,15.2528
Kepler-102 c,Kepler-102,7.071392,0.567,61.0,777.0,4909.0,0.724,0.803,-0.58436,107.796
K2-416 b,K2-416,13.102,2.66,6.9344,447.0,3746.0,0.554,0.548,-1.27003,120.311
TOI-411 b,HD 22946,4.040295,1.362,495.139,1241.0,6169.0,1.117,1.098,0.20919,62.7792
HIP 54597 b,HIP 54597,3274.0,13.3,0.0143,94.0,4799.0,0.66,0.8,-0.68194,39.7429
HD 75302 b,HD 75302,4356.0,12.8,0.0299,115.76,5697.46,0.940904,1.06,-0.07549,30.3288
Kepler-68 c,Kepler-68,9.605027,0.979,204.0,1052.0,5847.0,1.2564,1.057,0.23106,144.166
MOA-2020-BLG-208L b,MOA-2020-BLG-208L,,7.71,,,,,0.43,,7490.0
HD 15906 b,HD 15906,10.924709,2.24,33.14,668.0,4757.0,0.762,0.79,-0.56864,45.5621
HIP 81208 C b,HIP 81208 C,104100.0,12.3,,2050.0,,,0.135,,147.533
HD 108202 b,HD 108202,2990.0,13.1,0.0125,93.04,4556.03,0.66355,0.74,-0.76721,38.6846
Kepler-323 b,Kepler-323,1.678328,1.381,1900.0,1838.0,6004.0,1.12,1.015,0.15091,454.883
HD 15906 c,HD 15906,21.583298,2.93,13.37,532.0,4757.0,0.762,0.79,-0.56864,45.5621
TOI-622 b,TOI-622,6.402513,9.2362001,602.0,1388.0,6400.0,1.415,1.313,0.47407,123.297
TOI-4201 b,TOI-4201,3.5819194,13.67495645,45.2,725.0,3794.0,0.63,0.61,-1.11919,189.011
HD 99492 b,HD 99492,17.0503,5.44,23.2671,622.27,4929.0,0.822539,0.85,-0.4749,18.2038
Kepler-454 b,Kepler-454,10.5737534,2.37,117.7,916.0,5687.0,1.066,1.03,0.05259,230.869
Kepler-109 b,Kepler-109,6.4816307,2.49,442.0,1276.0,5950.0,1.387,1.094,0.34654,474.861
GJ 1252 b,GJ 1252,0.5182331,1.193,233.0,1090.0,3458.0,0.391,0.381,-1.70774,20.373
HAT-P-2 c,HAT-P-2,8500.0,12.4,,,6412.0,1.416,1.33,0.577,127.774
TOI-4600 b,TOI-4600,82.6869,6.8,3.3159,347.0,5170.0,0.81,0.89,-0.37675,216.056
TOI-858 B b,TOI-858 B,3.2797178,14.06727078,908.9,1529.0,5842.0,1.308,1.081,0.25285,250.489
K2-36 b,K2-36,1.422614,1.43,519.0,1328.0,4916.0,0.718,0.79,-0.57,109.749
K2-36 c,K2-36,5.340888,3.2,89.0,854.0,4916.0,0.718,0.79,-0.57,109.749
Kepler-538 b,Kepler-538,81.73778,2.215,5.07,417.0,5534.0,0.8717,0.892,-0.17887,155.956
TOI-1235 b,TOI-1235,3.444714,1.69,60.3,775.0,3997.0,0.619,0.63,-1.05404,39.6345
TOI-1052 b,TOI-1052,9.139703,2.87,246.0,1135.0,6146.0,1.264,1.204,0.38373,129.804
K2-110 b,K2-110,13.86375,2.592,27.7,638.0,5010.0,0.713,0.738,-0.56708,116.474
TOI-1634 c,TOI-1634,103.0,,,,3472.0,0.45,0.451,-1.5784,35.2736
TOI-2018 b,TOI-2018,7.435583,2.268,26.0758,576.34,4174.0,0.62,0.57,-1.0,27.9956
TOI-1052 c,TOI-1052,35.806,6.48,39.7,719.0,6146.0,1.264,1.204,0.38373,129.804
TOI-519 b,TOI-519,1.2652328,11.54525012,54.0,687.0,3322.0,0.35,0.335,-1.85078,115.557
TOI-244 b,TOI-244,7.397225,1.52,7.3,458.0,3433.0,0.426,0.428,-1.64264,22.0337
TOI-4184 b,TOI-4184,4.9019804,2.43,4.8,412.0,3238.0,0.2347,0.2109,-2.2644,69.3649
TOI-470 b,TOI-470,12.19148,4.34,44.7551,660.0,5190.0,0.831,0.87,-0.35799,130.46
TOI-1470 b,TOI-1470,2.527093,2.18,46.3,734.0,3709.0,0.469,0.471,-1.42481,51.9503
Kepler-21 b,Kepler-21,2.7858212,1.639,2749.0,2015.0,6305.0,1.902,1.408,0.715,108.522
Kepler-78 b,Kepler-78,0.35500745,1.201,4070.0,2223.0,5058.0,0.7475,0.779,-0.49785,124.376
WISE J033605.05-014350.4 b,WISE J033605.05-014350.4,2560.0,12.6,,325.0,415.0,,0.0131,,
OGLE-2018-BLG-1126L b,OGLE-2018-BLG-1126L,,4.41,,,,,0.69,,5700.0
HD 6860 b,HD 6860,663.87,11.9,406.4355,1196.06,3802.0,86.4,2.49,3.22398,61.12469
TOI-1470 c,TOI-1470,18.08816,2.47,3.35,373.0,3709.0,0.469,0.471,-1.42481,51.9503
K2-12 b,K2-12,8.28246,2.44,185.0,1026.0,5672.0,1.117,0.965,0.07181,326.381
OGLE-2018-BLG-1212L b,OGLE-2018-BLG-1212L,,9.32,,,,,0.16,,1550.0
GJ 649 b,GJ 649,600.1,10.8,0.0352,120.74,3734.0,0.5,0.51,-1.361,10.3796
HD 36384 b,HD 36384,490.0,12.7,229.7515,1032.58,3940.0,38.4,1.14,2.58915,209.309
MWC 758 c,MWC 758,,,0.001,500.0,7314.0,2.01446,1.5,1.01963,159.537
K2-2016-BLG-0005L b,K2-2016-BLG-0005L,4700.0,13.7,,,,,0.584,,5200.0
GJ 849 b,GJ 849,1925.31,13.9,0.0048,73.63,3467.0,0.45,0.45,-1.59,8.80058
GJ 849 c,GJ 849,5990.0,13.8,0.001,50.41,3467.0,0.45,0.45,-1.59,8.80058
Kepler-68 b,Kepler-68,5.39875259,2.357,441.0,1275.0,5847.0,1.2564,1.057,0.23106,144.166
Kepler-107 d,Kepler-107,7.95839,0.86,315.0,1173.0,5854.0,1.447,1.238,0.36449,525.997
TOI-139 b,TOI-139,11.07085,2.4566,22.4219,561.17,4570.0,0.7007,0.69,-0.77842,42.4061
HD 62364 b,HD 62364,5138.0,12.1,0.072,143.96,6255.0,1.401,1.157,0.43297,53.112
BD-210397 b,BD-210397,1891.0,14.0,0.02,104.11,4051.0,0.747,0.679,-0.86967,23.7324
KMT-2022-BLG-0371L b,KMT-2022-BLG-0371L,,10.9,,,,,0.63,,7140.0
WASP-79 b,WASP-79,3.662392,17.14974047,1645.9887,1716.2,6600.0,1.51,1.39,0.66447,246.69
Kepler-454 d,Kepler-454,4073.0,13.3,0.0434,125.37,5687.0,1.066,1.03,0.05259,230.869
HD 74698 b,HD 74698,15.017,5.12,123.0,925.57,5783.0,1.333,1.039,0.25285,52.0648
HD 74698 c,HD 74698,3449.0,14.0,0.088,151.77,5783.0,1.333,1.039,0.25285,52.0648
GJ 9404 b,GJ 9404,13.4586,3.48,11.2454,473.5,3811.0,0.626041,0.62,-1.0,23.8839
GJ 832 b,GJ 832,3853.0,13.8,0.0019,57.84,3472.0,0.441557,0.45,-1.585,4.96435
Kepler-323 c,Kepler-323,3.5538229,1.57,700.0,1431.0,6004.0,1.12,1.015,0.15091,454.883
TOI-5803 b,TOI-5803,5.38305,3.2732,73.722,678.87,5134.0,0.7625,0.87,-0.43899,84.0126
KMT-2019-BLG-1216L b,KMT-2019-BLG-1216L,,5.98,,,,,0.39,,2740.0
TOI-1680 b,TOI-1680,4.8026345,1.466,4.41,404.0,3225.0,0.2106,0.1798,-2.36251,37.2209
HD 100777 b,HD 100777,383.0,13.7,0.9345,264.28,5533.0,1.04,1.08,0.02119,49.5336
HD 215497 c,HD 215497,566.0,13.0,0.2267,198.6,5113.0,0.85,0.92,-0.41,40.5468
Kepler-107 c,Kepler-107,4.901452,1.597,602.0,1378.0,5854.0,1.447,1.238,0.36449,525.997
K2-3 b,K2-3,10.0546535,2.078,10.5,501.3,3844.0,0.546,0.549,-1.23136,44.0727
Kepler-107 b,Kepler-107,3.1800218,1.536,1073.0,1592.0,5854.0,1.447,1.238,0.36449,525.997
Kepler-122 d,Kepler-122,21.587475,2.2,77.14,747.0,6050.0,1.216,0.982,0.26993,1027.45
HD 167677 b,HD 167677,1820.0,13.2,0.0891,151.9,5474.0,0.95271,0.96,-0.13215,54.3258
HD 165131 b,HD 165131,2342.6,12.1,0.0967,155.2,5870.0,1.06419,1.06,0.08329,57.4263
HIP 39017 b,HIP 39017,31000.0,12.0,0.0115,91.06,7201.0,1.51987,1.52,0.74788,66.3217
Kepler-415 c,Kepler-415,8.708,2.01,26.237,543.0,4362.0,0.643,0.67,-0.80504,530.487
omi UMa b,omi UMa,1569.81,13.0,8.4795,473.88,5075.0,13.84,2.72,2.06266,54.9149
omi CrB b,omi CrB,187.01,13.7,135.8368,947.65,4769.0,11.87,1.3,1.82197,84.7883
TOI-544 b,TOI-544,1.548352,2.018,240.195,999.0,4169.0,0.623,0.631,-0.90049,41.1166
Teegarden's Star d,Teegarden's Star,26.13,0.954,0.12,159.0,3034.0,0.12,0.097,-3.14146,3.83078
TOI-782 b,TOI-782,8.0240015,2.734,5.91,435.0,3370.0,0.413,0.397,-1.70246,52.5122
HD 4732 c,HD 4732,3184.2,13.1,0.5881,243.69,4898.0,5.03,1.39,1.11826,54.7841
HD 4732 b,HD 4732,371.74,13.4,10.3009,498.53,4898.0,5.03,1.39,1.11826,54.7841
ome Ser b,ome Ser,278.59,14.0,77.1527,824.94,4724.0,10.99,1.01,1.73384,76.7556
TOI-2010 b,TOI-2010,141.834025,11.81426566,4.09,400.2,5929.0,1.079,1.112,0.11361,109.19
TOI-1273 b,TOI-1273,4.631296,11.09689089,225.013,1211.0,5690.0,1.06,1.06,0.02938,177.118
TOI-904 b,TOI-904,10.8772,2.426,8.3169,429.43,3770.2,0.527,0.557,-1.29243,46.0891
KMT-2023-BLG-0469L b,KMT-2023-BLG-0469L,,7.04,,,,,0.47,,7070.0
HD 2952 b,HD 2952,312.08,13.9,46.9588,731.02,4853.0,10.9,1.91,1.76782,110.103
TOI-2416 b,TOI-2416,8.275479,9.86390302,130.93,1080.0,5808.0,1.236,1.118,0.197,557.733
TOI-2373 b,TOI-2373,13.33668,10.42435205,69.8726,860.0,5651.0,1.102,1.041,0.05115,508.686
TOI-904 c,TOI-904,83.9997,2.167,0.5449,217.26,3770.2,0.527,0.557,-1.29243,46.0891
TOI-4860 b,TOI-4860,1.5227591,8.7,42.5,694.0,3260.0,0.358,0.34,-1.83565,80.1423
TOI-4633 c,TOI-4633,271.9445,3.2,1.56,268.57,5800.0,1.05,1.1,0.31136,95.2016
gam Lib b,gam Lib,414.88,13.7,45.374,720.78,4879.0,12.38,1.78,1.8973,47.4017
KMT-2021-BLG-1770L b,KMT-2021-BLG-1770L,,12.1,,,,,0.13,,6920.0
OGLE-2019-BLG-1180L b,OGLE-2019-BLG-1180L,,13.5,,,,,0.545,,6070.0
HD 47366 b,HD 47366,360.08,13.4,17.9154,577.05,4866.0,7.3,1.81,1.41664,84.3552
HD 47366 c,HD 47366,677.53,13.5,7.7091,467.37,4866.0,7.3,1.81,1.41664,84.3552
Kepler-100 e,Kepler-100,60.888588,5.27,25.4128,621.73,5884.0,1.5,1.097,0.39445,304.645
NGTS-27 b,NGTS-27,3.3704181,15.64773706,1680.0,1783.0,5700.0,1.77,1.07,0.51375,942.122
HD 134606 d,HD 134606,966.5,7.59,0.3082,207.68,5576.0,1.158,1.046,0.06483,26.7909
HATS-2 b,HATS-2,1.35413379,12.57647635,950.0563,1550.0,5227.0,0.876,0.904,-0.268,341.925
TOI-5398 c,TOI-5398,4.77271,3.52,370.603,1242.0,6000.0,1.051,1.146,0.11725,130.855
HD 134606 f,HD 134606,26.915,2.24,36.479,685.04,5576.0,1.158,1.046,0.06483,26.7909
HD 134606 e,HD 134606,4.3203,1.33,418.0334,1260.39,5576.0,1.158,1.046,0.06483,26.7909
TOI-238 c,TOI-238,8.465651,2.18,58.3,696.0,5059.0,0.733,0.79,-0.47083,80.5407
2MASS J11550485-7919108 b,2MASS J11550485-7919108,,12.1,0.0,2506.0,3021.0,0.600455,0.58846,-1.56774,100.862
2MASS J21252752-8138278 b,2MASS J21252752-8138278,,12.4,0.0,1616.0,3592.0,0.672832,0.643977,-1.16815,34.1154
Kepler-1513 c,Kepler-1513,841.4,11.0,,,5491.0,0.95,0.943,-0.12901,349.247
HIP 66074 b,HIP 66074,310.9,12.9,0.2381,192.69,4300.0,0.69,0.705,-0.81816,35.4438
HAT-P-19 b,HAT-P-19,4.00878322,11.29865255,154.0,981.2,4962.0,0.773,0.807,-0.48545,202.078
Kepler-849 b,Kepler-849,394.62508,8.08167508,2.86,362.7,5950.0,1.822,1.259,0.57287,822.134
TOI-1853 b,TOI-1853,1.2436258,3.46,435.33,1479.0,4985.0,0.808,0.837,-0.43227,165.105
TOI-5126 b,TOI-5126,5.4588385,4.74,467.0,1442.0,6150.0,1.241,1.24,0.29885,160.414
Kepler-1513 b,Kepler-1513,160.8842,8.594,2.23,346.0,5491.0,0.95,0.943,-0.12901,349.247
HAT-P-51 b,HAT-P-51,4.21802091,13.50682174,310.0,1168.2,5453.0,0.995,0.961,-0.10237,440.089
Kepler-553 c,Kepler-553,328.24017,11.57887706,0.589,251.0,5191.0,0.902,0.889,-0.27084,728.525
Kepler-111 c,Kepler-111,224.77833,7.0840758,2.48,352.2,5914.0,1.145,1.118,0.15836,657.223
14 And b,14 And,186.76,13.1,115.1634,909.92,4888.0,11.55,1.78,1.83992,75.4392
18 Del b,18 Del,982.85,12.5,7.0173,452.72,4980.0,8.8,2.1,1.63367,76.222
GJ 724 b,GJ 724,5.101284,3.27,23.32,611.0,3799.0,0.52226,0.5271,-1.2909,16.9658
KMT-2019-BLG-0335L b,KMT-2019-BLG-0335L,,12.1,,,,,0.32,,7710.0
Kepler-553 b,Kepler-553,4.030467,4.74139884,235.0,1089.0,5191.0,0.902,0.889,-0.27084,728.525
6 Lyn b,6 Lyn,919.86,13.4,3.1949,371.86,4941.0,4.94,1.32,1.1186,54.6599
4 UMa b,4 UMa,270.27,12.6,150.0929,967.44,4415.0,18.11,1.234,2.06236,73.4603
TOI-4641 b,TOI-4641,22.09341,8.18255591,192.5802,950.11,6560.0,1.72,1.41,0.69461,86.3501
CI Tau c,CI Tau,25.2,13.0,19.2542,610.62,3807.0,1.880857,0.9,-0.25458,157.998
TOI-1994 b,TOI-1994,4.0337142,13.67495645,1910.26,2290.0,7700.0,2.3,1.86,1.22272,515.603
TOI-4515 b,TOI-4515,15.266446,12.17,42.2987,705.0,5433.0,0.86,0.949,-0.23582,193.499
M62H b,M62H,0.132935028,,,,,,1.4,,
HD 145457 b,HD 145457,176.13,13.2,77.8446,826.81,4757.0,9.9,1.9,1.65514,135.292
HD 167042 b,HD 167042,417.67,13.6,7.6592,462.08,4919.0,4.63,1.39,1.0569,49.6633
LHS 1678 c,LHS 1678,3.694284,0.941,13.5,510.9,3490.0,0.329,0.345,-1.83863,19.8782
HD 173416 b,HD 173416,322.03,13.4,58.1544,771.03,4683.0,13.5,2.0,1.892,132.184
HD 32518 b,HD 32518,157.35,13.2,131.2791,916.07,4580.0,10.22,1.13,1.66577,122.115
HS Psc b,HS Psc,3.986,13.6,64.4735,783.44,4203.0,0.65,0.69,-0.91364,37.6604
HD 81688 b,HD 81688,183.93,13.5,143.6043,958.66,4797.0,11.13,1.07,1.78032,85.7183
kap CrB b,kap CrB,1253.68,13.3,1.7376,319.32,4840.0,4.68,1.33,1.03583,30.0651
KMT-2021-BLG-1547L b,KMT-2021-BLG-1547L,,13.6,,,,,0.72,,5070.0
TOI-4559 b,TOI-4559,3.965991,1.415,15.77,554.16,3558.0,0.374,0.392,-1.6925,31.6354
11 Com b,11 Com,323.21,12.2,68.5387,803.26,4874.0,13.76,2.09,1.97823,93.1846
nu Oph b,nu Oph,529.93,12.0,25.1924,620.57,4887.0,12.24,2.61,1.89476,46.2107
TOI-4377 b,TOI-4377,4.378081,15.10970598,430.9826,1162.08,4974.0,3.52,1.36,0.82217,455.82
KMT-2023-BLG-0416L b,KMT-2023-BLG-0416L,,3.67,,,,,0.63,,5900.0
HD 76920 b,HD 76920,415.891,13.1,24.7841,621.44,4664.0,8.33,1.0,1.46982,184.031
75 Cet b,75 Cet,696.62,13.3,14.175,540.31,4809.0,10.38,1.92,1.7145,82.9613
LHS 3154 b,LHS 3154,3.71778,3.69,3.7134,343.83,2861.0,0.1405,0.1118,-2.72125,15.7606
TOI-1269 b,TOI-1269,4.2529913,2.40144286,231.2034,1004.9,5499.0,0.8521,0.9027,-0.21968,172.138
Kepler-23 d,Kepler-23,15.27,2.206,161.038,896.0,5828.0,1.548,1.078,0.39783,835.756
TOI-3919 b,TOI-3919,7.433234,12.31866979,184.322,1198.0,6100.0,1.319,1.208,0.33606,604.591
TOI-1288 b,TOI-1288,2.6998279,4.96846551,1198.41,1203.44,5388.0,0.9583,0.9552,-0.1549,114.865
GJ 238 b,GJ 238,1.7446999,0.566,229.4579,758.0,3485.0,0.4314,0.4193,-1.61618,15.2142
Kepler-49 c,Kepler-49,10.91,2.444,12.341,443.0,4095.6,0.618,0.607,-1.13077,311.222
TOI-5232 b,TOI-5232,4.0966692,12.778238,1193.86,1772.0,6500.0,1.785,1.389,0.71265,609.388
TOI-1410.01,TOI-1410,1.21687,3.10083009,565.5415,1236.7,4635.0,0.7558,0.7941,-0.6216,72.7512
TOI-1386 b,TOI-1386,25.8401,6.2163865,34.68,615.03,5735.0,1.0235,1.0363,0.0103,146.858
TOI-6029 b,TOI-6029,5.7987,14.39233122,806.794,1484.0,6223.0,2.338,1.548,0.79934,603.119
OGLE-2017-BLG-0448L b,OGLE-2017-BLG-0448L,,4.08,,,,,0.5,,7530.0
Kepler-128 c,Kepler-128,22.8,1.521,130.979,843.0,6072.0,1.659,1.184,0.57542,396.379
TOI-1451 b,TOI-1451,16.537944,2.61143902,53.0216,723.33,5801.0,1.0162,1.0022,0.02449,91.9362
TIC 4672985 b,TIC 4672985,69.048,11.5004142,11.9376,517.2,5757.0,1.15,1.01,0.11394,253.385
TOI-5218 b,TOI-5218,4.291452,9.86,62.0,783.0,4230.0,0.708,0.739,-0.82391,377.483
Kepler-305 d,Kepler-305,16.74,2.76,25.523,576.0,5090.0,0.792,0.827,-0.42318,868.477
TOI-1601 b,TOI-1601,5.33175,14.19902343,1071.42,1493.97,5982.0,2.195,1.5055,0.74772,336.608
TOI-1444 b,TOI-1444,0.4702743,1.41792246,5028.6263,2130.02,5460.0,0.9105,0.9513,-0.17587,125.463
TOI-1736 b,TOI-1736,7.073076,3.18175535,329.6,1099.79,5636.0,1.4286,1.0373,0.27068,88.9482
TOI-5634 A b,TOI-5634 A,2.2035373,10.42,77.0,837.0,3896.0,0.54,0.556,-1.24489,306.144
TOI-1683.01,TOI-1683,3.0575356,2.6382,163.056,929.25,4402.0,0.7,0.694661,-0.78662,51.1884
TOI-1298 b,TOI-1298,4.537143,9.65807033,732.0077,1278.0,5752.0,1.4536,1.2187,0.32056,319.036
TOI-1751 b,TOI-1751,37.46852,2.9507845,192.521,651.64,5970.0,1.3137,0.9382,0.29732,113.335
K2-419 A b,K2-419 A,20.35847252,10.55,3.3,377.0,3711.0,0.541,0.562,-1.27654,268.685
TOI-2095 b,TOI-2095,17.66484,1.25,3.43,347.0,3759.0,0.44,0.44,-1.45892,41.9176
HIP 97166 b,HIP 97166,10.288914,2.4801338,9.0686,701.66,5216.0,0.8418,0.9342,-0.32514,65.9501
TOI-1776 b,TOI-1776,2.799868,1.21612741,560.3349,1269.21,5785.0,0.9356,0.9196,-0.05306,44.647
Kepler-963 c,Kepler-963,0.919783,0.6,,,5169.47,0.928,0.821,-0.22463,771.494
OGLE-2023-BLG-0836L b,OGLE-2023-BLG-0836L,,12.9,,,,,0.71,,5120.0
BD-14 3065 b,BD-14 3065 A,4.2889731,21.59,646.761,2001.0,6935.0,2.35,1.41,1.06,589.423
HIP 97166 c,HIP 97166,16.432,2.75,30.7622,642.0,5216.0,0.8418,0.9342,-0.32514,65.9501
TOI-1794 b,TOI-1794,8.765528,3.29701268,228.913,992.91,5631.0,1.3162,0.9698,0.19728,155.791
2MASS J03590986+2009361 b,2MASS J03590986+2009361,,12.2,0.0,2369.0,2943.0,0.289776,0.264996,-2.24602,117.435
TOI-663 c,TOI-663,4.6955507,2.26,22.3,553.0,3681.0,0.512,0.514,-1.37033,64.2308
TOI-1246 c,TOI-1246,5.904137,2.45109846,129.0,862.49,5213.0,0.8649,0.8889,-0.30103,169.422
TOI-1842 b,TOI-1842,9.5739181,12.3485023,354.639,1199.55,6039.0,2.032,1.4643,0.69504,223.465
TOI-1824 b,TOI-1824,22.808533,2.7438269,14.6287,528.67,5165.0,0.8123,0.8801,-0.37263,59.4314
HIP 77900 b,HIP 77900,,12.1,,2507.0,13646.0,,,,150.862
2MASS J11011926-7732383 b,2MASS J11011926-7732383,,11.9,,2677.0,,,,,
SPECULOOS-3 b,SPECULOOS-3,0.71912603,0.977,15.54,553.0,2800.0,0.123,0.1009,-3.07831,
KMT-2023-BLG-1431L b,KMT-2023-BLG-1431L,,3.76,,,,,0.57,,6800.0
TOI-3071 b,TOI-3071,1.266938,7.16,2579.61,2155.0,6177.0,1.31,1.29,0.41667,485.219
TOI-1246 e,TOI-1246,37.92548,3.5141875,11.0,463.98,5213.0,0.8649,0.8889,-0.30103,169.422
TOI-2019 b,TOI-2019,15.3444,5.33275337,126.052,917.46,5626.0,1.7457,1.1832,0.44075,198.007
TIC 139270665 c,TIC 139270665,1010.0,12.9,0.21,200.0,5844.0,1.016,1.035,0.03222,189.875
HD 48948 b,HD 48948,7.34013,2.06,138.85,957.0,4593.0,0.679,0.686,-0.78885,16.9043
HD 93963 A c,HD 93963 A,3.6451389,3.11976057,543.8,1212.45,5908.0,1.0311,1.0844,0.06781,82.3432
HD 93963 A b,HD 93963 A,1.0376109,1.46954368,2898.0,1842.23,5908.0,1.0311,1.0844,0.06781,82.3432
TOI-815 c,TOI-815,34.976145,2.62,8.03,469.0,4869.0,0.77,0.776,-0.50459,59.7117
HD 48948 c,HD 48948,38.06,2.6,15.5,553.0,4593.0,0.679,0.686,-0.78885,16.9043
HD 48948 d,HD 48948,151.92,3.24,2.46,349.0,4593.0,0.679,0.686,-0.78885,16.9043
HIP 8152 c,HIP 8152,19.60562,2.52442508,39.9,650.68,5618.0,0.9603,0.9373,-0.0804,101.694
HIP 8152 b,HIP 8152,10.751014,2.53625843,88.9,794.96,5618.0,0.9603,0.9373,-0.0804,101.694
TOI-1669 b,TOI-1669,500.0,14.1,0.571,241.72,5497.0,1.0561,0.9867,-0.03574,111.276
OGLE-2014-BLG-0221L b,OGLE-2014-BLG-0221L,,12.9,,,,,0.69,,3680.0
TOI-329 b,TOI-329,5.70439,4.94057819,576.8749,1213.02,5614.0,1.5326,1.0678,0.3251,284.388
TOI-480 b,TOI-480,6.866196,2.85372018,531.521,1198.94,6174.0,1.4877,1.2793,0.46195,54.5306
TOI-1410 c,TOI-1410,47.56,5.63,4.1841,397.45,4635.0,0.7558,0.7941,-0.6216,72.7512
TOI-757 b,TOI-757,17.46819,2.5,24.3644,641.0,5278.0,0.78,0.8,-0.37675,60.3418
GJ 900 b,GJ 900 A,,12.4,0.0,1.48,3976.0,0.716187,1.08,-0.921,20.8065
TOI-1450 A c,TOI-1450 A,5.0688,1.13,,533.0,3437.0,0.483,0.48,-1.56499,22.4467
TOI-1855 b,TOI-1855,1.36414864,18.49481816,852.162,1701.0,5359.0,1.041,0.987,-0.09474,176.833
TOI-3261 b,TOI-3261,0.8831331,3.82,1466.0,1722.0,5068.0,0.849,0.861,-0.36653,300.141
TOI-669 b,TOI-669,3.945152,2.58606487,388.2,1124.85,5597.0,0.9882,0.9245,-0.06248,142.867
HD 25463 b,HD 25463,7.0491423,2.54535814,461.4,1198.46,6353.0,1.4182,1.251,0.47276,45.6181
HD 73344 b,HD 73344,15.611,2.884,111.9729,911.0,6252.6,1.22,1.2,0.26184,35.26
TOI-2368 b,TOI-2368,5.1750073,10.83908434,162.7267,1000.0,5360.0,0.846,0.897,-0.27491,210.915
TOI-2107 b,TOI-2107,2.4545467,13.57407563,508.468,1397.0,5627.0,0.932,0.961,-0.10458,236.705
TOI-1248 b,TOI-1248,4.3601561,6.8084859,202.0739,952.09,5205.0,0.8686,0.9042,-0.30016,168.735
TOI-837 b,TOI-837,8.3249113,9.16894621,164.0,995.3,5995.0,1.052,1.142,0.1271,142.488
SWEEPS-11 b,SWEEPS-11,1.796,12.666,,,,1.45,1.1,,8500.0
Kepler-24 c,Kepler-24,12.33,2.514,144.827,915.0,6028.0,1.099,1.06,0.064,1156.81
Kepler-57 b,Kepler-57,5.72,3.135,124.349,850.0,5187.9,0.826,0.859,-0.34241,644.14
TOI-3321 b,TOI-3321,3.6525145,15.55806521,967.919,1616.0,5850.0,1.549,1.041,0.40483,285.895
TOI-1744.01,TOI-1744,22.341702927,2.68,63.31,598.0,6179.0,1.14,1.18,0.23178,114.39
K2-360 c,EPIC 201595106,9.79692,4.02,115.0,912.0,5679.0,0.98,0.958,-0.04915,232.1
WASP-132 b,WASP-132,7.1335164,10.09929161,58.5,682.0,4686.0,0.758,0.789,-0.57512,122.91
TOI-469.01,TOI-469,13.6308205,3.41,74.7,716.0,5289.0,0.98,0.901,-0.14921,68.192
K2-260 b,K2-260,2.62669762,18.41635529,2520.03,2090.0,6860.0,1.755,1.637,0.78817,663.834
K2-237 b,K2-237,2.18053332,16.06246934,1860.0,1759.0,6180.0,1.236,1.256,0.3032,314.995
TOI-1772.01,TOI-1772,8.054246874,2.905,140.93,877.67,5583.0,0.995,0.99,-0.06194,97.7562
WASP-132 c,WASP-132,1.01153624,1.841,791.0,1329.0,4686.0,0.758,0.789,-0.57512,122.91
BD-17 63 b,BD-17 63,655.57,12.8,0.1169,168.92,4714.0,0.74,0.741,-0.678,34.4603
K2-261 b,K2-261,11.6334681,9.26982704,180.0,1036.0,5490.0,1.663,1.107,0.35392,213.283
K2-321 b,K2-321,2.2979749,2.05124347,68.5516,830.0,3750.0,0.595,0.578,-1.20066,77.6888
TOI-1777.01,TOI-1777,14.650111974,2.246,71.34,580.0,5859.0,0.98,1.06,0.01189,79.7665
HD 20794 d,HD 20794,89.68,2.04,5.2273,388.0,5368.0,0.93,0.79,-0.16311,6.00278
HD 175167 b,HD 175167,1175.0,12.3,0.496,232.03,5635.0,1.75,1.09,0.45593,71.0863
Kepler-289 d,Kepler-289,66.0282,3.03,10.5675,502.81,5990.0,1.0,1.08,0.061,704.438
Kepler-289 c,Kepler-289,125.8723,11.23,4.882,394.0,5990.0,1.0,1.08,0.061,704.438
K2-167 b,K2-167,9.978541,2.36509493,317.0,1220.0,6310.0,1.499,1.084,0.50651,80.8994
K2-265 b,K2-265,2.36902,1.70824866,592.0,1366.0,5420.0,0.92,0.901,-0.18243,138.671
Kepler-289 b,Kepler-289,34.5383,2.49,27.371,607.0,5990.0,1.0,1.08,0.061,704.438
KELT-24 b,KELT-24,5.55149296,12.71098411,624.0,1391.0,6426.0,1.338,1.268,0.43933,96.5173
TOI-3568 b,TOI-3568,4.417965,5.3,130.1481,899.0,4969.0,0.719,0.78,0.33,197.906
K2-57 b,K2-57,9.0073,2.30905002,24.1,635.8,4413.0,0.671,0.699,-0.8122,264.213
K2-54 b,K2-54,9.7833,2.6116925,6.1,560.0,3990.0,0.643,0.615,-1.02228,174.955
TOI-4638.01,TOI-4638,10.283918787,2.933,87.81,779.83,5700.0,0.895,1.02,-0.11858,168.248
TOI-5076 b,TOI-5076,23.443162,3.48935569,12.8373,550.0,4780.0,0.844,0.789,-0.47366,82.857
K2-77 b,K2-77,8.2000844,2.4996027,58.0,806.0,5160.0,0.792,0.847,-0.39686,141.731
K2-180 b,K2-180,8.865663,2.46597575,48.3,797.5,5365.0,0.719,0.735,-0.41341,203.896
TOI-2458 c,TOI-2458,16.553,3.18,131.8551,922.76,6005.0,1.31,1.05,0.34128,112.958
K2-97 b,K2-97,8.407115,13.45077684,114.149,1566.0,4673.0,4.14,1.17,0.86688,878.43
K2-182 b,K2-182,4.7369696,2.71257333,146.9,965.8,5128.0,0.789,0.823,-0.41117,154.83
Kepler-105 b,Kepler-105,5.4122034,2.53,341.809,1418.0,5933.0,1.026,0.991,0.09657,459.223
TOI-2537 b,TOI-2537,94.1022,11.25381662,7.4445,338.0,4870.0,0.771,0.771,-0.52143,184.986
K2-98 b,K2-98,10.1367349,5.06645928,339.0,1185.0,6260.0,1.518,1.246,0.50379,518.625
K2-114 b,K2-114,11.390931,10.59248676,40.0,701.4,4899.0,0.832,0.863,-0.4437,475.758
TOI-4994 b,TOI-4994,21.491984,8.54124329,40.0,717.6,5640.0,1.055,1.005,0.0086,329.304
Kepler-105 c,Kepler-105,7.12592,1.44,236.167,997.0,5933.0,1.026,0.991,0.09657,459.223
TOI-2295 c,TOI-2295,966.5,12.8,0.5059,234.9,5730.0,1.459,1.168,0.31387,126.279
TOI-5110 b,TOI-5110,30.158577,11.98240037,15.1027,976.0,6160.0,2.333,1.469,0.84696,392.259
TOI-2537 c,TOI-2537,1920.0,12.7,0.0389,123.1,4870.0,0.771,0.771,-0.52143,184.986
MOA-2008-BLG-310L b,MOA-2008-BLG-310L,,5.18,,,,,0.21,,7700.0
K2-115 b,K2-115,20.2729914,11.80305668,20.4393,696.0,5870.0,0.855,0.918,-0.10791,413.591
K2-277 b,K2-277,6.326768,2.18575124,195.0,1049.0,5680.0,0.973,0.974,-0.05061,113.123
TOI-406 c,TOI-406,3.307441,1.32,19.0,584.0,3392.0,0.41,0.408,-1.71444,31.0597
TOI-5005 b,TOI-5005,6.3085044,6.25,226.0,1040.0,5749.0,0.93,0.97,-0.00451,207.891
HD 86728 b,HD 86728,31.1515,3.03,37.1828,687.36,5610.0,1.237,0.967,0.13513,14.9202
KMT-2021-BLG-2609L b,KMT-2021-BLG-2609L,,3.17,,,,,0.2,,7480.0
TOI-5688 A b,TOI-5688 A,2.94815527,10.3,50.3,742.0,3713.0,0.57,0.6,-1.22841,226.318
HD 222237 b,HD 222237,14892.0,12.8,0.0019,58.74,4751.0,0.71,0.76,-0.66555,11.4469
HD 21520 b,HD 21520,25.1292,2.697,25.7431,637.0,5871.0,1.044,1.09,0.06595,79.208
TOI-2768 b,TOI-2768,1.50801,2.63,89.0458,855.0,4008.0,0.657,0.63,-0.99801,78.4525
TOI-1174 b,TOI-1174,8.953487683,2.562,52.02,713.83,5030.0,0.76,0.85,-0.4034,94.6375
TOI-2981 b,TOI-2981,3.601501,13.4,556.616,1358.0,5940.0,1.08,1.03,0.11594,527.789
TOI-1180 b,TOI-1180,9.686760378,3.072,36.97,638.18,4738.0,0.73,0.75,-0.57675,72.0238
OGLE-2016-BLG-1800L b,OGLE-2016-BLG-1800L,,13.2,,,,,0.41,,6480.0
TOI-5713 b,TOI-5713,10.441989,1.77,2.2554,347.2,3225.0,0.2992,0.2653,-2.05849,40.8668
TOI-6002 b,TOI-6002,10.904821,1.65,1.6823,321.4,3229.0,0.2432,0.2101,-2.23508,32.0266
HD 135694 b,HD 135694,15.923475568,2.857,71.8,750.83,5712.0,1.08,1.02,0.03941,73.8713
TOI-1295 b,TOI-1295,3.1968838,15.69257298,1800.0,2360.0,6280.0,1.7,1.38,0.58659,388.227
TOI-6130 b,TOI-6130,2.392679,14.3474953,1150.0,1750.0,6110.0,1.51,1.31,0.4609,220.882
TOI-1437 b,TOI-1437,18.840942,2.24,82.0,794.23,6008.0,1.17,1.1,0.28466,103.297
HD 183579 b,HD 183579,17.471291,3.49,58.1,752.0,5784.0,0.96,0.996,-0.03386,57.2651
KMT-2023-BLG-1866L b,KMT-2023-BLG-1866L,,1.43,,,,,0.51,,6210.0
K2-203 b,K2-203,9.6952,1.26549392,49.6336,738.4,5026.0,0.765,0.793,-0.47237,166.147
TOI-6651 b,TOI-6651,5.056973,5.09,817.0,1493.0,5940.0,1.721,1.323,0.52244,212.128
TOI-1630.01,TOI-1630,12.055734733,2.417,55.58,584.0,5504.0,0.83,0.95,-0.26764,66.0929
TOI-1467 b,TOI-1467,5.97114713,1.92,18.13,506.07,3834.0,0.491,0.489,-1.42022,37.4418
TOI-1659.01,TOI-1659,5.877556328,2.255,268.44,1031.14,5977.0,1.006,1.1,0.06555,122.494
HD 101581 c,HIP 56998,6.20401,0.99,52.0,747.0,4675.0,0.63,0.653,-0.78186,12.7781
K2-208 b,K2-208,4.19097,1.67462172,264.3425,1122.0,5500.0,0.872,0.881,-0.20135,256.887
TOI-1716.01,TOI-1716,8.082376554,3.143,254.83,959.0,5879.0,1.24,1.07,0.21525,104.158
TOI-6038 A b,TOI-6038 A,5.8267311,6.41,716.0,1439.0,6110.0,1.648,1.291,0.53275,179.147
HIP 116454 b,HIP 116454,9.1004157,2.469,51.2858,753.2,5048.0,0.758,0.8,-0.47314,62.4491
TOI-2420 b,TOI-2420,5.842641,15.02003414,1017.0,1571.6,5707.0,2.369,1.158,0.68664,435.174
K2-225 b,K2-225,15.8723,3.60929179,121.3934,923.0,5520.0,1.7,1.482,0.38202,357.778
TOI-1739 b,TOI-1739,8.303341406,1.946,53.91,755.55,4814.0,0.781,0.78,-0.52433,70.9819
HD 73344 d,HD 73344,5823.0,13.2,0.0407,126.51,6148.0,1.22,1.19,0.26184,35.26
TOI-2485 b,TOI-2485,11.23479,12.1393261,275.6,1134.0,6016.4,1.72,1.163,0.51983,397.953
K2-7 b,K2-7,28.6781,4.03523305,125.0,786.0,5700.0,1.533,1.056,0.35025,738.553
HD 118203 c,HD 118203,5103.0,12.4,0.1122,146.0,5742.0,2.04,1.27,0.6458,92.2589
TOI-4734 b,TOI-4734,6.235633,10.9175472,775.0,1468.0,6070.0,1.857,1.391,0.62428,563.068
TOI-1453 c,TOI-1453,6.5886982,2.224,75.3,819.8,4975.0,0.72,0.715,-0.57539,78.7415
TOI-3493 b,TOI-3493,8.1594667,3.22,245.0,1102.0,5844.0,1.228,1.023,0.19294,96.7224
TOI-2969 b,TOI-2969,1.8237146,12.32987877,382.0,1186.0,4738.0,0.7,0.71,-0.58503,163.996
TOI-5300 b,TOI-5300,2.262196,9.86390302,198.0,1043.0,4610.0,0.65,0.67,-0.76195,162.51
TOI-4794 b,TOI-4794,3.5658116,14.35870428,1310.0,1673.0,6390.0,1.451,1.25,0.49969,543.008
TOI-2443 b,TOI-2443,15.66858,2.363,13.2931,519.0,4375.0,0.631,0.642,-0.86487,23.9258
OGLE-2016-BLG-0007L b,OGLE-2016-BLG-0007L,14200.0,1.09,,,,,0.59,,4300.0
TOI-5340 b,TOI-5340,4.9394392,15.07607904,1004.0,1566.0,5990.0,1.842,1.35,0.5955,532.629
AT2021ueyL b,AT2021ueyL,4168.69,13.6,,,3680.0,,0.49,,1040.0
Kepler-10 c,Kepler-10,45.294301,2.355,18.3,579.0,5708.0,1.065,0.91,0.05467,185.506
TOI-2407 b,TOI-2407,2.702969,4.26,41.0,705.0,3530.0,0.567,0.548,-1.34872,92.4366
TOI-5386 A b,TOI-5386 A,3.62156552,14.70618268,817.0,1488.0,6094.0,1.245,1.165,0.28488,394.486
TOI-2015 c,TOI-2015,5.582796,2.93,6.68,448.0,3297.0,0.3273,0.3041,-1.49214,47.3444
TOI-2015 b,TOI-2015,3.348237,3.309,13.185,530.9,3297.0,0.3273,0.3041,-1.49214,47.3444
GJ 3998 b,GJ 3998,2.65033,1.39,48.0,733.5,3726.0,0.5,0.52,-1.358,18.1459
TOI-1117 b,TOI-1117,2.22816,2.46,928.0,1538.0,5635.0,1.05,0.97,-0.4437,167.598
GJ 3998 c,GJ 3998,13.727,2.5,5.4,423.49,3726.0,0.5,0.52,-1.358,18.1459
TOI-640 b,TOI-640,5.003777,19.2794468,1150.12,1816.0,6460.0,2.082,1.536,0.83442,341.997
K2-157 d,K2-157,66.5,5.16,6.46,429.1,5334.0,0.86,0.89,-0.2102,298.373
TOI-1117 c,TOI-1117,4.579,2.91,355.0,1210.0,5635.0,1.05,0.97,-0.4437,167.598
TOI-1117 d,TOI-1117,8.665,3.27,152.0,978.0,5635.0,1.05,0.97,-0.4437,167.598
Proxima Cen d,Proxima Cen,5.12338,0.692,1.814,282.0,2900.0,0.141,0.1221,-2.82102,1.30119
Proxima Cen b,Proxima Cen,11.18465,1.02,0.641,218.0,2900.0,0.141,0.1221,-2.82102,1.30119
LP 261-75 b,LP 261-75 A,,12.1,0.0,1500.0,3138.0,0.308,0.22,-2.08618,33.928
TIC 88785435 b,TIC 88785435,10.508843,5.03,28.3253,635.0,3998.0,0.911,0.724,-0.69596,122.386
TOI-1238 c,TOI-1238,3.294736,2.11,63.0,695.0,4089.0,0.58,0.59,-1.08249,70.7145
TOI-1238 b,TOI-1238,0.764597,1.21,442.0,1133.0,4089.0,0.58,0.59,-1.08249,70.7145
KOI-1843.03,Kepler-974,0.1768913,0.61,1769.292,1654.0,3584.0,0.45,0.46,-1.35426,134.311
TOI-5143 c,TOI-5143,5.2097118,16.25302201,158.1646,904.48,5183.0,0.852,0.864,-0.28635,181.38
TOI-1803 b,TOI-1803,6.293287,2.99,58.0,747.0,4687.0,0.715,0.756,-0.65365,119.24
TOI-5882 b,TOI-5882,7.148972,11.46678726,4792.5,1515.0,5920.0,2.26,1.334,0.75358,416.104
TOI-4465 b,TOI-4465,101.94054,14.01122587,130.528,427.0,5545.0,1.014,0.93,-0.07267,121.139
TOI-1478 b,TOI-1478,10.1802117,11.99360935,261.013,918.0,5597.0,1.048,0.947,-0.01278,152.892
HIP 67851 b,HIP 67851,89.23,13.7,83.22,840.72,4840.0,5.45,1.28,1.16673,64.1181
HIP 67851 c,HIP 67851,3128.41,12.7,0.7091,255.43,4840.0,5.45,1.28,1.16673,64.1181
TOI-2346 b,TOI-2346,3.3312029,16.11851425,1360.0,1689.0,6480.0,1.38,1.271,0.48144,437.484
HD 94890 b,HD 94890,824.61,13.3,13.5382,533.83,4867.0,10.71,1.74,1.7635,61.7012
HD 87816 b,HD 87816,484.17,12.7,17.2656,567.39,4989.0,9.0,2.41,1.65514,133.233
TOI-2886 b,TOI-2886,1.60200105,18.6405349,2560.0,1978.0,6240.0,1.241,1.229,0.32222,413.673
TOI-2876 b,TOI-2876,6.2996431,9.6397234,124.2,929.0,5271.0,0.873,0.939,-0.27654,225.744
TOI-2986 b,TOI-2986,3.2783662,9.292245,1156.0,1622.0,5906.0,1.458,1.122,0.36773,563.149
WASP-116 b,WASP-116,6.6132,13.67495645,663.0,1414.0,6250.0,1.426,1.25,0.49624,559.243
HD 102888 b,HD 102888,252.06,12.8,37.4512,688.63,4990.0,8.6,2.42,1.61584,126.484
HD 94890 c,HD 94890,2492.19,12.5,3.094,369.1,4867.0,10.71,1.74,1.7635,61.7012
TOI-3135 b,TOI-3135,3.7065585,13.65253849,464.0,1292.0,5890.0,0.985,1.044,0.02119,221.673
Gaia-4 b,Gaia-4,571.3,12.4,,,4034.0,0.624,0.644,-0.99957,73.4829
WASP-188 b,WASP-188,5.748916,14.81827249,1278.0,1666.0,6850.0,1.83,1.5,0.74277,675.281
WASP-154 b,WASP-154,3.811678,10.76062147,162.0,994.0,4774.0,0.823,0.8,-0.50063,215.501
TIC 434398831 b,TIC 434398831,3.685504,3.51,333.6313,1250.0,5638.0,0.909,0.992,-0.14351,217.011
TOI-3464 b,TOI-3464,3.6515568,13.7646283,1370.0,1693.0,6370.0,1.56,1.363,0.55871,597.774
HR 858 c,HR 858,5.973865,1.979,512.0,1309.0,6354.0,1.258,1.204,0.36361,31.964
WASP-197 b,WASP-197,5.167228,14.44837612,1276.0,1665.0,6050.0,2.112,1.36,0.77067,483.675
WASP-102 b,WASP-102,2.709813,14.90794433,1293.0,1671.0,5990.0,1.375,1.08,0.35701,535.689
TOI-3486 b,TOI-3486,2.21778105,10.5700688,334.0,1190.0,4930.0,0.788,0.837,-0.4828,154.715
TOI-2328 b,TOI-2328,17.10197,9.97599282,20.0982,842.0,5525.0,0.9,0.95,-0.17005,231.782
TOI-3837 b,TOI-3837,11.88865,10.87271128,138.065,1178.0,5905.0,1.2,0.89,0.19618,311.705
Gl 410 b,Gl 410,6.02,2.83,20.4555,592.44,3842.0,0.543,0.55,-1.239,11.9324
HD 219666 b,HD 219666,6.034468,4.898,598.4408,1076.0,5540.0,1.059,1.02,-0.0278,94.1719
TOI-3682 b,TOI-3682,3.3462406,12.80065596,1258.0,1657.0,5703.0,1.735,1.32,0.45788,404.211
TOI-6628 b,TOI-6628,18.18424,10.98480109,20.0861,833.0,5463.0,1.01,0.97,-0.08778,320.527
Kepler-289 e,Kepler-289,330.0716,2.94,1.58,286.0,5990.0,0.985,1.061,0.061,704.438
KMT-2022-BLG-2076L b,KMT-2022-BLG-2076L,,13.9,,,,,0.67,,5570.0
TOI-4214 b,TOI-4214,3.4913885,10.68215861,1210.0,1642.0,6370.0,1.434,1.382,0.48287,346.881
GJ 581 c,GJ 581,12.9211,2.5,2.3985,346.13,3500.0,0.302,0.295,-1.90781,6.2981
G 192-15 c,G 192-15,1219.0,3.87,0.0016,55.9,2999.0,0.170718,0.132,-2.67285,9.53114
G 268-110 b,G 268-110,1.43263,1.13,13.57,534.0,,0.177,0.137,-2.63971,
TOI-2449 b,TOI-2449,106.14468,11.24,362.642,400.0,6021.0,1.065,1.079,0.14808,156.786
KMT-2024-BLG-2242L b,KMT-2024-BLG-2242L,,3.82,,,,,0.069,,7620.0
GJ 508.2 b,GJ 508.2,5300.0,,0.0025,59.3,3720.0,0.53,0.54,-1.222,16.6374
GJ 3512 c,GJ 3512,2354.0,14.3,0.0005,42.92,3141.0,0.139,0.123,-2.8041,9.48637
HD 28471 b,HD 28471,3.1649,1.75,653.3957,1377.0,5766.0,1.08,0.98,0.06167,43.6455
HD 28471 c,HD 28471,6.1245,2.26,272.8024,1066.0,5766.0,1.08,0.98,0.06167,43.6455
NGTS-32 b,NGTS-32,3.31211,15.91675259,1554.0,1750.0,5680.0,1.85,1.07,0.47092,837.457
HD 143811 AB b,HD 143811 A,117000.0,15.69257298,0.0011,1042.0,6791.0,1.68398,1.32,0.64102,136.608
AF Lep b,AF Lep,8905.0,13.0,0.0241,1400.0,6140.0,1.25,1.218,0.29,26.8564
TOI-238 b,TOI-238,1.273099,1.559,753.1,1378.0,5059.0,0.756,0.781,-0.47083,80.5407
HD 152843 b,HD 152843,11.62071,3.05,265.4,1003.11,6310.0,1.43,1.15,0.44992,107.898
MOA-2022-BLG-033L b,MOA-2022-BLG-033L,,3.52,,,,,0.51,,1840.0
HD 28471 d,HD 28471,11.681,2.06,115.259,945.0,5766.0,1.08,0.98,0.06167,43.6455
HD 152843 c,HD 152843,19.502104,5.94,133.1,253.08,6310.0,1.43,1.15,0.44992,107.898
KMT-2023-BLG-1896L b,KMT-2023-BLG-1896L,,4.19,,,,,0.72,,5490.0
KMT-2023-BLG-0119L b,KMT-2023-BLG-0119L,,11.0,,,,,0.71,,5410.0
TOI-6054.02,TOI-6054,12.563636,2.82,285.0,1143.0,6047.0,1.662,1.107,0.52244,79.407
WASP-110 b,WASP-110,3.7784022,13.19297028,279.0,1158.0,5392.0,0.853,0.814,-0.229,274.96
K2-233 d,K2-233,24.3681,2.363,12.7,525.0,4796.0,0.71,0.79,-0.52288,67.5062
K2-233 c,K2-233,7.06024,1.272,66.2,794.0,4796.0,0.71,0.79,-0.52288,67.5062
BEBOP-4 AB b,BEBOP-4 A,1823.5,,0.5477,239.44,5701.43,2.75645,1.507,0.85933,234.294
2MASS J22501512+2325342 b,2MASS J22501512+2325342,,11.9,0.0,1600.0,3352.0,0.437589,0.433173,-1.66196,57.2309
WASP-4 b,WASP-4,1.338230994,15.12091496,1188.6219,1653.0,5436.0,0.912,0.899,-0.17897,267.206
Kepler-391 b,Kepler-391,7.4175,2.5,690.0,930.0,5038.0,2.879,1.27,0.66276,869.236
GJ 251 b,GJ 251,14.237,1.79,2.37,336.0,3342.0,0.36,0.35,-1.80967,5.58057
TOI-1438 b,TOI-1438,5.13967,3.04,145.0,971.0,5230.0,0.82,0.876,-0.34679,110.513
GJ 536 c,GJ 536,32.761,2.3,1.692,290.5,3641.0,0.529,0.528,-1.35291,10.4092
TOI-1438 c,TOI-1438,9.428089,2.75,65.0,794.0,5230.0,0.82,0.876,-0.34679,110.513
Kepler-391 c,Kepler-391,20.501,2.88,179.0,662.0,5038.0,2.879,1.27,0.66276,869.236
TOI-756 b,TOI-756,1.2392495,2.81,127.0,934.0,3657.0,0.505,0.505,-1.38722,86.1759
TOI-756 c,TOI-756,149.4,13.0,0.24,194.0,3657.0,0.505,0.505,-1.38722,86.1759
HD 224018 d,HD 224018,138.0731,2.4,4.7348,411.0,5784.0,1.147,1.013,0.12385,105.48
TOI-2141 c,TOI-2141,5.4624,2.35,241.0,1095.0,5635.0,0.95,0.896,-0.05,77.682
TOI-6448 b,TOI-6448,14.844261,8.47398941,28.1152,745.0,5910.0,0.897,1.03,-0.04191,386.879
K2-214 b,K2-214,8.59656,2.51,238.0,1001.0,5875.0,1.236,1.03,0.19579,300.64
51 Eri b,51 Eri,9100.0,,0.0529,807.0,7422.0,1.45,1.75,0.7574,29.7575
TOI-1203.01,TOI-1203,25.502672,2.918,51.0,743.6,5737.0,1.179,0.886,0.12977,64.9943
TOI-2093 c,TOI-2093,53.81149,2.3,3.0647,329.0,4426.0,0.729,0.745,-0.73565,82.7982
KMT-2024-BLG-1209L b,KMT-2024-BLG-1209L,,13.2,,,,,0.77,,3930.0
HD 135344 A b,HD 135344 A,,16.25302201,0.061,1585.0,9540.0,1.5,2.32,1.22,141.595
K2-10 b,K2-10,19.30553,3.773,42.1,649.0,5533.0,0.956,0.88,-0.10088,272.36
TOI-1203 b,TOI-1203,4.1572888,1.52,572.2,1361.2,5737.0,1.179,0.886,0.12977,64.9943
TOI-1203 c,TOI-1203,13.0766,2.2,,,5737.0,1.179,0.886,0.12977,64.9943
HIP 18606 b,HIP 18606,674.94,14.0,4.4294,405.91,4860.0,4.83,1.21,1.06,47.0288
HIP 111909 c,HIP 111909,893.63,13.9,2.6982,357.64,4891.0,4.53,1.28,1.02,88.077
TIC 257060897 b,TIC 257060897,3.66003639,17.26183028,1804.5549,1775.0,5993.0,1.863,1.187,0.60531,505.703
OGLE-2016-BLG-1266L b,OGLE-2016-BLG-1266L,,12.4,,,,,0.015,,3080.0
BD+37 3172 b,BD+37 3172,1887.76,12.4,31.9959,713.25,4500.0,50.24,3.75,2.84,454.251
TOI-654.01,TOI-654,1.527561,2.378,65.0,794.0,3521.0,0.43,0.419,-1.60906,57.7553
K2-37 b,K2-37,4.4434,1.39,193.0,949.0,5352.0,0.809,0.84,-0.40798,179.943
K2-37 d,K2-37,14.09229,2.31,41.3,646.0,5352.0,0.809,0.84,-0.40798,179.943
K2-55 b,K2-55,2.849271,4.43,141.3,900.0,4300.0,0.715,0.688,-0.78432,159.522
TOI-5261 b,TOI-5261,4.1509768,11.60129502,159.592,1244.0,5790.0,1.021,1.037,0.02078,377.054
TOI-4773 b,TOI-4773,1.7452851,15.22179579,3879.8071,2255.0,6740.0,1.55,1.452,0.64836,492.888
BD+42 2315 b,BD+42 2315,123.05,14.2,335.1294,1247.58,4500.0,17.85,1.38,1.99,610.715
Ross 176 b,Ross 176,5.0066338,1.84,36.2,682.0,4041.0,0.569,0.577,-1.10891,46.4488
K2-62 c,K2-62,16.19697,1.99,14.3,495.0,4455.0,0.696,0.67,-0.72658,112.467
K2-61 b,K2-61,2.57336,1.92,730.0,1325.0,5748.0,0.995,0.97,-0.01524,405.732
TOI-6420 b,TOI-6420,6.961508,11.93756445,106.619,1213.0,6020.0,1.312,1.165,0.31175,634.712
TOI-5350 b,TOI-5350,7.581367,12.41955062,321.879,1195.0,6220.0,1.263,1.167,0.33445,277.419
TOI-5817 b,TOI-5817,15.61031,3.08,126.8632,950.0,5770.0,1.427,0.97,0.31175,80.7542
K2-73 b,K2-73,7.49556,2.58,209.0,968.0,5867.0,1.058,1.02,0.07609,269.183
TOI-5799 b,TOI-5799,4.164507,1.733,11.91,505.0,3452.0,0.321,0.325,-1.82974,27.8123
TOI-1346 b,TOI-1346,1.7622538,2.39,468.5415,1324.0,5099.0,0.78,0.82,-0.47288,115.45
TOI-1346 c,TOI-1346,5.502558,2.23,102.6644,928.0,5099.0,0.78,0.82,-0.47288,115.45
K2-105 b,K2-105,8.26726,3.4,100.0,805.0,5373.0,0.905,0.94,-0.18892,197.989
TOI-5799 c,TOI-5799,14.010449,1.76,2.4202,337.0,3452.0,0.321,0.325,-1.82974,27.8123
TOI-6223 b,TOI-6223,3.855219,5.07,41.8646,714.0,3895.0,0.576,0.582,-1.12203,133.122
KOI-351 g,KOI-351,210.73514,7.718,3.387,342.0,6031.13,1.185,1.242,0.26853,848.254
HD 63433 c,HD 63433,20.5438281,2.692,35.3582,678.92,5553.0,0.934,0.956,-0.1261,22.4035
HD 17156 b,HD 17156,21.2164294,12.26262489,68.8,888.0,6046.0,1.517,1.285,0.44091,78.0863
TOI-6000 b,TOI-6000,0.448959,0.94,258.7482,1120.0,3419.0,0.38,0.37,-1.75585,75.7664
K2-189 c,K2-189,6.67932,2.31,140.0,877.0,5442.0,0.879,0.85,-0.21855,242.113
KMT-2024-BLG-0404L b,KMT-2024-BLG-0404L,,11.9,,,,,0.09,,7210.0
KMT-2024-BLG-1281L b,KMT-2024-BLG-1281L,,4.59,,,,,0.32,,7180.0
GJ 317 b,GJ 317,695.69,13.3,0.0159,100.32,3496.0,0.403,0.402,-1.68663,15.1968
TOI-6303 b,TOI-6303,9.485236,11.59,14.28,541.0,3977.0,0.609,0.644,-1.08672,152.219
LHS 1903 d,LHS 1903,12.566287,2.5,6.35,442.0,3664.0,0.539,0.538,-1.32451,35.6917
LHS 1903 e,LHS 1903,29.31773,1.732,2.05,333.0,3664.0,0.539,0.538,-1.32451,35.6917
WASP-120 b,WASP-120,3.61126721,15.58048317,1818.5489,1749.0,6450.0,1.68443,1.393,0.67509,381.174
WASP-140 b,WASP-140,2.23598448,14.23540549,491.326,1270.0,5300.0,0.87,0.9,-0.29437,117.598
HD 85426 c,TOI-1774,35.73,3.19,,640.0,5746.0,1.1303,0.991,0.10143,53.974
TOI-1774.01,TOI-1774,16.70988,2.78,73.7609,824.0,5746.0,1.1303,0.991,0.10143,53.974
HD 176986 b,HD 176986,6.49164,,81.7,767.0,4931.0,0.782,0.789,-0.48017,27.7843
KOINTREAU-3 b,ISO-Oph 96,,13.1,0.0,8.74,3920.0,0.730795,0.41,-1.18009,140.563
PDS 70 b,PDS 70,43500.0,21.96960217,0.0008,1392.0,4109.0,1.26,0.982,-0.45593,113.064
HD 176986 d,HD 176986,61.376,2.49,4.09,363.0,4931.0,0.782,0.789,-0.48017,27.7843
TOI-6692 b,TOI-6692,131.125,11.67975789,182.3533,467.0,5890.0,1.385,1.047,0.31806,312.903
TOI-4342 b,TOI-4342,5.5382592,2.329,27.8,639.0,3866.0,0.598,0.587,-1.12494,61.5204
PDS 70 c,PDS 70,,22.19378179,0.0003,1054.0,4109.0,1.26,0.982,-0.45593,113.064
V2376 Ori b,V2376 Ori,,87.20586985,,2100.0,,,0.45,,
TOI-5489 b,TOI-5489,3.15222,1.4,25.1137,624.0,3547.0,0.42,0.41,-1.60776,45.0907
HD 208487 b,HD 208487,129.36,14.3,6.0876,437.59,6134.0,1.16,1.15,0.233,45.147
HD 181433 b,HD 181433,9.3745,,51.0227,732.52,4918.0,0.79,0.86,-0.45618,26.8762
TOI-1135 b,TOI-1135,8.0277327,9.91994792,310.0,1171.0,6320.0,1.202,1.119,0.31806,114.048
TOI-5716 b,TOI-5716,6.7663,0.96,3.4093,400.0,3436.0,0.22,0.19,-2.24692,39.4122
HD 181433 d,HD 181433,6896.1,13.2,0.0077,81.19,4918.0,0.79,0.86,-0.45618,26.8762
HD 181433 c,HD 181433,1018.5,,0.0984,153.53,4918.0,0.79,0.86,-0.45618,26.8762
DMPP-1 b,DMPP-1,17.812,4.26,103.0711,877.0,6196.0,1.26,1.21,0.31955,62.5388
HD 202206 b,HD 202206,256.26,12.1,1.6613,314.96,5764.23,1.04,1.06,0.03743,45.9665
TOI-4940 b,TOI-4940,25.867811,6.61,40.4612,643.0,5504.0,1.163,1.012,0.04766,345.659
TOI-5734 b,TOI-5734,6.1841876,2.1,56.3778,688.0,4750.0,0.639,0.724,-0.74232,32.5102
GJ 480 b,GJ 480,9.5536,2.91,5.929,406.0,3509.0,0.449,0.45,-1.562,14.2358
DMPP-1 d,DMPP-1,3.1417,2.02,1045.9594,1632.0,6196.0,1.26,1.21,0.31955,62.5388
DMPP-2 b,DMPP-2,5.203,14.2,288.2234,1000.0,6500.0,1.78,1.41,0.1038,137.94
K2-19 d,K2-19,2.50827,1.044,404.0,1258.0,5350.0,0.824,0.892,-0.29196,289.827
NGTS-35 b,NGTS-35,25.241192,10.9,9.8437,451.0,4717.0,0.753,0.789,-0.59688,183.078
TOI-2267 c,TOI-2267 A,3.4950412,1.14,4.7,374.0,3030.0,0.2075,0.171,-2.48149,22.55
TOI-2267 b,TOI-2267 A,2.28909,1.0,8.4,424.0,3030.0,0.2075,0.171,-2.48149,22.55
HD 39194 c,HD 39194,14.0309,2.65,33.2512,675.19,5205.0,0.783742,0.86,-0.40894,26.4131
DMPP-3 A b,DMPP-3 A,5.59,1.44,142.7812,854.0,5138.0,0.91,0.9,-0.29513,46.8917
TOI-5007 b,TOI-5007,2.543371,11.07447293,85.3,774.0,3793.0,0.656,0.632,-1.09528,203.352
TOI-7166 b,TOI-7166,12.92063621,2.01,1.07,249.0,3099.0,0.222,0.19,-2.3869,35.4153
TOI-375 b,TOI-375,9.45469,10.77183045,593.3,1373.0,5259.9,2.9,1.441,0.75997,396.213
TOI-5422 b,TOI-5422,5.377219,9.10169233,580.0,1369.0,5820.0,1.474,1.066,0.35218,346.141
HD 28185 b,HD 28185,385.92,12.8,0.9073,271.95,5602.0,1.048,0.974,-0.01323,39.3809
XO-3 b,XO-3,3.19152309,14.79585452,1161.72,1890.0,6970.0,1.523,1.449,0.69197,213.053
DMPP-6 c,DMPP-6,36.441,3.74,42.4847,715.27,6182.09,1.27,1.079,0.31544,54.6303
TOI-7510 b,TOI-7510,11.530869,7.31,1678.5119,878.0,5720.0,1.035,1.063,0.01115,249.006
TOI-5788 c,TOI-5788,16.213362,2.272,49.8,667.0,5615.0,0.87,0.87,-0.14752,97.614
TOI-5788 b,TOI-5788,6.340758,1.528,175.1,910.0,5615.0,0.87,0.87,-0.14752,97.614
DMPP-9 b,DMPP-9,12.733,3.89,176.6011,995.58,6092.0,1.26,1.1,0.32741,109.539
HD 72659 c,HD 72659,35500.0,12.1,0.0051,71.91,5929.0,1.36,1.033,0.37397,51.8949
KMT-2020-BLG-0202L b,KMT-2020-BLG-0202L,,12.4,,,,,0.81,,3840.0
KMT-2022-BLG-1551L b,KMT-2022-BLG-1551L,,13.2,,,,,0.54,,6900.0
HD 95338 b,HD 95338,55.082694,4.27174254,7.42,443.0,5097.0,0.868,0.848,-0.3098,36.9941
KMT-2022-BLG-1818L b,KMT-2022-BLG-1818L,,13.0,,,,,0.79,,5300.0
TOI-1243 b,TOI-1243,4.6594779,2.33,17.2664,450.0,3515.0,0.511,0.515,-1.44551,43.1865
TOI-5938 b,TOI-5938,2.260424,3.82,249.273,1077.0,4650.0,0.712,0.744,-0.70991,114.035
TOI-7009 b,TOI-7009,2.3206612,3.71,42.4124,872.0,4080.0,0.564,0.583,-0.88845,184.12
KMT-2025-BLG-0121L b,KMT-2025-BLG-0121L,,12.6,,,,,0.61,,6200.0
HD 28109 b,HD 28109,22.891054,2.69,33.4501,867.0,6189.0,1.425,1.227,0.43297,139.611
TOI-5388.01,TOI-5388,2.5946748,0.99,3.3023,488.0,3440.0,0.3,0.292,-1.94539,18.5226
KMT-2024-BLG-2087L b,KMT-2024-BLG-2087L,,12.9,,,,,0.48,,7190.0
HD 100508 b,HD 100508,5681.0,13.7,0.0216,106.66,5419.0,1.0179,0.94,-0.0942,32.7548
HD 114386 c,HD 114386,444.0,13.4,0.2616,200.82,4895.0,0.76,0.8,-0.54,27.9243
HD 28109 d,HD 28109,84.2899,3.11,17.3745,561.0,6189.0,1.425,1.227,0.43297,139.611
KMT-2020-BLG-0414L b,KMT-2020-BLG-0414L,,1.2,,,,,0.49,,1220.0
TOI-6716 b,TOI-6716,4.7185898,0.982,4.4,369.0,3110.0,0.231,0.223,-2.31942,18.8873
HD 154345 b,HD 154345,3280.0,13.7,0.0349,119.21,5468.0,0.85,0.89,-0.21934,18.284
HD 217107 b,HD 217107,7.1270166,13.6,231.1546,1105.84,5622.0,1.2245,1.045,0.09754,20.0619
TOI-1472 b,TOI-1472,6.36338574,4.058,110.0201,891.0,5100.0,0.84,0.87,-0.35556,121.84
TOI-1648 b,TOI-1648,7.331602,2.54,27.4026,799.0,4850.0,0.81,0.83,-0.45377,69.835
HD 164604 b,HD 164604,653.9,12.3,0.1402,170.16,4663.0,0.78,0.77,-0.58503,39.3633
HD 164604 c,HD 164604,5387.0,12.5,0.0084,84.25,4663.0,0.78,0.77,-0.58503,39.3633
HIP 54515 b,HIP 54515,33000.0,12.2,0.0171,100.72,8100.0,1.64915,1.9,1.02101,82.8101
TOI-1518 b,TOI-1518,1.90261131,21.05046575,7010.0,2546.0,7299.0,1.942,1.88,0.98408,225.888
GJ 4274 b,GJ 4274,1.6339,1.53,14.7,548.53,3228.0,0.19,0.18,-2.46218,7.23556
LHS 1903 b,LHS 1903,2.1555098,1.382,66.66,796.0,3664.0,0.539,0.538,-1.32451,35.6917
LHS 1903 c,LHS 1903,6.226185,2.046,16.2,559.0,3664.0,0.539,0.538,-1.32451,35.6917
TOI-1080 b,TOI-1080,3.9652482,1.2,4.35,368.0,3065.0,0.2019,0.1667,-2.48945,25.559
TOI-2145 b,TOI-2145,10.261128,12.24020692,515.939,1484.0,6206.0,2.75,1.71,0.99651,224.731
TIC 231949697 b,TIC 231949697,0.90720448719,1.52831855,154.97,982.91,3451.32,0.492584,0.490679,-1.38707,50.2408
CWISEP J193518.59-154620.3 b,CWISEP J193518.59-154620.3,,12.2,,390.0,,,0.024,,14.43
HD 202772 A b,HD 202772 A,3.3088775,18.2370116,3770.0,2181.0,6442.0,2.554,1.721,1.00945,161.498
TOI-4588 b,TOI-4588,13.11881173651,2.92922558,2310.43,1768.0,7746.12,1.57458,2.018,0.9174,225.181
TOI-4513 b,TOI-4513,9.76042253684,2.34587608,30.3621,653.0,5623.93,0.796628,0.979,-0.26312,102.609
TIC 24750448 b,TIC 24750448,3.59159193029,2.43722231,,,4545.43,0.713599,0.69,-0.7721,178.146
TOI-4127 b,TOI-4127,56.3987,12.07,22.3,556.0,6096.0,1.293,1.23,0.31639,319.632
TOI-697 b,TOI-697,8.60788713593,2.35859364,117.5495,839.8,5681.95,0.968149,0.97,-0.10598,93.7714
TOI-4561 b,TOI-4561,8.93547936706,1.77789214,91.9624,789.81,5537.93,0.851957,1.0,-0.18213,179.008
TIC 24750448 c,TIC 24750448,10.14385270726,3.09028272,,,4545.43,0.713599,0.69,-0.7721,178.146
GJ 1137 c,HD 93083,9.6412,2.11,58.4,768.51,5033.8,0.837,0.836,-0.39041,28.5159
TIC 87422071 b,TIC 87422071,11.364929,10.8615023,140.925,1110.0,6150.0,1.489,1.239,0.44716,384.758
TOI-883 b,TOI-883,10.05771848538,7.17166228,91.5488,861.0,5713.15,1.01477,1.003,-0.02407,102.637
TOI-4640 b,TOI-4640,2.68566015238,2.84326517,854.2741,1378.86,5743.01,1.06715,1.1,0.11737,245.089
TIC 38828280 b,TIC 38828280,4.85558984762,2.62701629,,,5046.63,0.741147,0.84,-0.49681,286.415
TIC 147027702 b,TIC 147027702,44.40523,10.92875618,90.5749,863.0,6410.0,2.136,1.406,0.83251,457.186
TIC 245076932 b,TIC 245076932,21.61389,10.87271128,85.6018,845.0,6130.0,1.288,1.117,0.32428,303.96
TOI-921 b,TOI-921,5.12871907628,3.53409617,426.7683,951.0,6011.66,1.14165,1.13,0.19836,294.015
TOI-4930 b,TOI-4930,6.78130241498,6.93277225,310.079,1169.0,5624.72,1.15926,1.04,0.13797,413.757
TIC 62895484 b,TIC 62895484,2.83985434327,3.49391667,,,5520.79,0.874291,0.98,-0.17702,294.857
TOI-941 b,TOI-941,8.51460888787,6.51165317,220.1422,982.42,5745.88,1.1849,1.078,0.19135,263.386
TOI-5159 b,TOI-5159,5.83639428843,1.54732112,133.1006,866.29,5156.16,0.854084,0.9,-0.29869,55.1788
TIC 86380416 b,TIC 86380416,6.0408643461,2.4123612,,,5723.74,0.989724,1.07,0.02589,244.68
K2-19 b,K2-19,7.9193,7.0,87.0,857.0,5322.0,0.82,0.88,-0.29196,289.827
TOI-5335 b,TOI-5335,3.61365988443,4.02422162,200.83,1048.0,5528.92,0.916633,0.945,-0.18268,331.289
TIC 88692598 b,TIC 88692598,2.64909436758,1.81295951,,,3483.17,0.532473,0.529218,-1.36028,73.5258
TOI-1752 b,TOI-1752,0.9351861,1.693,194.1729,1036.0,3762.0,0.53,0.524,-1.29671,103.021
TOI-1269 c,TOI-1269,9.23786144195,2.22999162,54.6767,757.0,5554.02,0.848906,0.9027,-0.21968,172.138
TOI-5486 b,TOI-5486,2.02470073205,3.96824928,53.3297,752.0,3750.17,0.553216,0.548138,-1.30844,89.6811
TIC 139702105 b,TIC 139702105,6.83601903383,2.45316949,,,5742.35,1.25423,0.9,0.03698,91.7884
TOI-5624 c,TOI-5624,7.885385,2.474,96.429,857.0,5327.0,0.82,0.858,-0.31336,101.913
TOI-1718 b,TOI-1718,5.58703768615,4.10824994,134.155,948.0,5304.91,0.939285,0.93,-0.17723,52.3044
TOI-5532 b,TOI-5532,5.6539659431,2.52763693,34.3229,617.33,4208.45,0.662052,0.636083,-1.00617,90.9985
TIC 161045582 b,TIC 161045582,8.85577189959,2.24566738,,,5683.87,1.07976,1.04,0.07687,162.246
TOI-1232 c,TOI-1232,30.356,8.88,31.4327,660.05,5823.0,1.072,1.058,0.07298,328.604
TOI-1732 b,TOI-1732,4.11923678339,2.49549787,44.2458,657.79,4201.93,0.632571,0.613891,-1.08955,74.7599
TOI-5605 b,TOI-5605,5.91340454843,2.52611303,33.3499,669.0,4583.79,0.736044,0.68,-0.74768,95.0735
TOI-1756 b,TOI-1756,2.78301736297,1.94225664,55.5824,696.39,3891.86,0.562607,0.556454,-1.24599,86.7159
TOI-5630 b,TOI-5630,3.22118452536,2.37117553,937.884,1541.0,5385.64,0.933361,0.934,-0.1813,134.047
TIC 206466666 b,TIC 206466666,9.10486865159,2.14817673,,,4620.3,0.667193,0.76,-0.69846,127.837
TOI-198 b,TOI-198,10.215213,1.36,7.2,456.0,3801.0,0.418,0.417,-1.484,23.7262
KMT-2024-BLG-2005L b,KMT-2024-BLG-2005L,,8.18,,,,,0.12,,7720.0
gam Cep b,gam Cep,904.0,12.5,3.0238,356.44,4775.0,4.74,1.26,1.073,14.1024
HD 7449 b,HD 7449,1270.55195,12.6,0.2125,183.23,6024.0,0.97,1.196,0.10138,38.662
WASP-104 b,WASP-104,1.7554137,12.745,867.7365,1516.0,5475.0,0.963,1.076,-0.18964,185.932
WASP-74 b,WASP-74,2.13775,15.24424,531.159,1865.0,5990.0,1.42,0.98,0.39971,149.216
HATS-34 b,HATS-34,2.1061619,14.36991326,691.8428,1431.2,5456.0,0.9381,0.952,-0.15366,508.842
TOI-3894 b,TOI-3894,4.33454,15.27784069,546.903,1531.0,5990.0,1.506,1.089,0.41847,417.365
TOI-5301 b,TOI-5301,5.858858,13.09208946,429.794,1648.0,6260.0,2.18,1.507,0.81757,629.161
NGTS-33 b,NGTS-33,2.827972,18.38272835,2620.0,1991.0,7437.0,1.47,1.6,0.77159,437.855
KMT-2023-BLG-1118L b,KMT-2023-BLG-1118L,,9.6,,,,,0.09,,7200.0
TOI-5926 b,TOI-5926,3.81122794237,7.56807148,157.644,987.0,5388.92,0.890046,0.946,-0.20728,275.103
TIC 290487717 b,TIC 290487717,3.400818229,6.63777941,,,5328.97,0.943767,0.92,-0.1841,395.574
TOI-672 b,TOI-672,3.633581,5.31,39.8,699.5,3810.0,0.54,0.54,-1.31885,66.9071
TOI-2071 b,TOI-2071,5.67395386982,2.56484195,265.3025,1029.33,5755.41,1.00286,1.063,0.03271,231.311
TOI-4156 c,TOI-4156,12.82282706375,2.92303762,101.3929,809.32,5971.64,1.03963,1.1,0.097,213.719
TIC 356227008 b,TIC 356227008,2.96147448702,2.39024009,,,5731.86,0.959792,1.02,-0.05745,387.609
TOI-2518 b,TOI-2518,6.89797425216,2.26838675,239.133,1095.0,5751.2,0.993374,1.11,0.06615,160.825
TOI-6393 b,TOI-6393,9.53176110329,2.75958542,39.0679,696.0,5008.2,0.766023,0.835,-0.47332,186.229
EPIC 220674823 b,EPIC 220674823,0.57130782,1.606,4467.0,2324.0,5578.0,0.99,0.913,-0.11919,244.59
EPIC 220674823 c,EPIC 220674823,13.340603,2.712,70.0,838.0,5578.0,0.99,0.913,-0.11919,244.59
TOI-2654 b,TOI-2654,2.96760425926,7.94454164,75.0167,819.0,4594.08,0.756095,0.69,-0.71592,248.964
TOI-6699 b,TOI-6699,5.32005926761,2.32645266,150.91,976.0,4705.1,0.75309,0.75,-0.59732,85.8463
K2-111 c,K2-111,15.6748,3.34,142.0569,923.0,5775.0,1.25,0.84,0.27875,200.394
TOI-4156 b,TOI-4156,4.46189034133,2.53823825,459.495,1289.0,5971.64,1.03963,1.1,0.097,213.719
TOI-7333 b,TOI-7333,6.26449803661,2.09469416,53.9635,755.0,4586.87,0.666066,0.721,-0.75937,157.217
rho CrB e,rho CrB,12.904,1.75,151.5473,1004.88,5817.0,1.3617,1.0,0.23198,17.4671
MOA-2007-BLG-192L b,MOA-2007-BLG-192L,,3.58,,,,,0.28,,2160.0
K2-79 b,K2-79,10.995039,4.15,180.0,1033.0,5897.0,1.269,1.06,0.24551,256.011
K2-111 b,K2-111,5.3518963,1.837,490.0,1293.0,5775.0,1.25,0.84,0.27875,200.394
TOI-4363 b,TOI-4363,2.11867592279,1.76689273,144.7854,884.71,4278.45,0.69132,0.62,-0.95684,77.7751
HD 5388 b,HD 5388,772.5,13.1,1.4901,316.59,6297.0,1.91,1.21,0.66276,53.0661
Kepler-79 b,Kepler-79,13.48451,3.51,205.404,929.0,6389.0,1.316,1.244,0.342,1020.72
Kepler-79 c,Kepler-79,27.4026,3.76,79.765,734.0,6389.0,1.316,1.244,0.342,1020.72
HD 16760 b,HD 16760,466.08,12.1,0.5388,226.14,5518.0,0.835,0.93,-0.14267,50.17561
TOI-3457 b,TOI-3457,32.600268,10.64,17.4858,824.2,6300.0,1.474,1.04,0.2927,370.666
TOI-6884 b,TOI-6884,4.808264,10.39072511,1230.0,1652.0,6330.0,1.84,1.41,0.69108,562.376
TOI-4602.01,TOI-4602,3.9812999,2.45,664.0,1344.0,5966.0,1.08,0.9,0.11394,63.0637
TOI-791 b,TOI-791,139.29931,11.13051784,8.47,434.3,6294.0,1.474,1.28,0.57642,341.221
eps Eri b,eps Eri,2680.0,13.8,0.0306,112.26,5020.38,0.759106,0.82,-0.41928,3.2026
TOI-791 c,TOI-791,232.0157,12.94637271,4.12,362.8,6294.0,1.474,1.28,0.57642,341.221
HD 190360 b,HD 190360,2887.5,13.5,0.0741,150.0,5560.0,1.14,0.996,0.06647,16.0069
HD 190360 c,HD 190360,17.11625,5.53,69.1705,794.55,5560.0,1.14,0.996,0.06647,16.0069
HD 190360 d,HD 190360,88.69,3.48,7.7173,459.21,5560.0,1.14,0.996,0.06647,16.0069
TOI-3664 b,TOI-3664,3.2974839,13.69737442,349.544,1232.0,5593.0,1.11,0.98,0.07566,464.748
TOI-4034 b,TOI-4034,1.8020932,17.71018951,1870.78,1907.0,5891.0,1.83,1.19,0.53102,745.145
HD 126105 b,HD 126105,524.0,13.5,4.8659,413.6,4875.0,4.21,1.2,0.95424,82.8811
TIC 52059926 b,TIC 52059926,175.532,10.71,4.4802,229.6,4505.0,0.72,0.73,-0.72125,216.581
TOI-4427 b,TOI-4427,4.6182621,13.09208946,195.0,1040.0,5347.0,0.89,0.9,-0.17393,198.251
TOI-2049 b,TOI-2049,5.303468,16.64533634,2032.0,1869.0,6164.0,3.2,1.57,1.1038,571.487
TOI-4458 b,TOI-4458,3.9393792,12.40834163,1595.0,1759.0,6151.0,1.96,1.47,0.72754,505.432
TOI-159 b,TOI-159,3.7628396,18.18,1797.8272,1891.0,7287.0,1.62,1.661,0.82217,347.593
COCONUTS-2 b,COCONUTS-2 A,402000000.0,12.57647635,0.0,493.0,3552.0,0.366,0.4,-1.719,10.8864
HD 30177 c,HD 30177,11320.0,12.9,0.0124,87.87,5680.0,1.019,0.98,0.0835,55.5867
TOI-1710 b,TOI-1710,24.28336,5.06,33.0,602.99,5775.0,0.93,1.02,-0.0655,81.2271
K2-370 b,K2-370,2.1408093,2.67,428.205,1267.0,5662.0,0.945,0.962,-0.12703,144.202
HIP 8923 b,HIP 8923,5160.0,12.5,0.0539,136.48,5980.0,1.32164,1.01,0.27354,65.9957
TOI-201 c,TOI-201,2890.0,10.4,0.1367,169.58,6423.0,1.31,1.32,0.41664,113.825
KMT-2023-BLG-0332L b,KMT-2023-BLG-0332L,,12.0,,,,,0.54,,6500.0
XO-2 S d,XO-2 S,4696.0,13.0,0.0253,110.98,5325.0,1.02,0.98,-0.12302,151.398
TOI-237 c,TOI-237,1.74486147,1.206,16.0,515.0,3226.0,0.2056,0.1698,-2.38722,38.0749
bet Pic b,bet Pic,8682.0,18.49485,0.0885,1612.0,8038.68,1.54416,1.789,0.95282,19.7442
bet Pic c,bet Pic,1202.0,12.5,1.2305,1250.0,8038.68,1.54416,1.789,0.95282,19.7442
bet Pic d,bet Pic,33200.0,14.12331568,0.0133,600.0,8038.68,1.54416,1.789,0.95282,19.7442
Kepler-484 b,Kepler-484,10.045569313,2.28,90.629,766.0,5668.0,0.87,0.96,-0.13505,382.136
Kepler-758 c,Kepler-758,4.75793986,1.69,1211.822,1372.0,6228.0,1.42,1.16,0.56281,1502.32
TOI-4311 b,TOI-4311,0.9902738,1.376,1273.0,1664.0,5063.0,0.8441,0.816,-0.37469,134.988
TOI-2147 b,TOI-2147,26.20518,10.5,68.2928,820.0,5983.0,1.39,0.99,0.35211,282.108
TOI-6019 b,TOI-6019,14.547952,12.3,249.6501,1095.0,5561.0,2.02,1.13,0.52792,260.342
Kepler-929 b,Kepler-929,0.921032135,1.11,8159.933,2362.0,5869.0,1.02,1.01,0.46075,1311.23
Kepler-1767 b,Kepler-1767,59.65829849,3.01299077,5.66,393.0,5243.0,0.831,0.887,-0.50273,820.506
Kepler-223 e,Kepler-223,19.72567,4.6,119.882,751.0,5803.0,1.72,1.125,0.37128,1859.71
Kepler-1127 b,Kepler-1127,5.12330347,1.96,160.765,994.0,5664.0,0.95,0.97,-0.25911,842.459
Kepler-1793 b,Kepler-1793,8.779999733,3.79037518,61.24,713.0,5191.0,0.764,0.85,-0.23389,1189.88
HD 141937 b,HD 141937,662.37,12.4,0.4436,231.49,5870.0,1.03,1.09,0.022,33.3622
Kepler-1367 b,Kepler-1367,1.574090272,0.92,225.233,998.0,4106.0,0.6,0.62,-0.90488,401.484
Kepler-1900 b,Kepler-1900,2.986229897,1.62314676,798.35,1356.0,6173.0,1.041,1.104,0.21994,1540.43
Kepler-1364 b,Kepler-1364,13.32196237,2.15,672.06,1299.0,6805.0,1.79,1.49,0.792,1056.9
Kepler-482 b,Kepler-482,56.35418576,2.36,4.436,352.0,4871.0,0.72,0.75,-0.53864,313.068
Kepler-1646 b,Kepler-1646,4.48558383,1.23,4.2,365.0,3299.0,0.26,0.24,-1.77984,127.591
HD 6718 b,HD 6718,2476.0,13.3,0.0907,148.94,5746.0,1.02,0.96,0.0531,51.3444
Kepler-32 c,Kepler-32,8.7522,2.0,10.68,451.0,3900.0,0.53,0.58,-1.29243,323.847
K2-177 b,K2-177,14.155185,2.1162048,,,6063.0,1.213565,1.210525,0.34158,492.167
Kepler-259 c,Kepler-259,36.924931,2.7,15.054,530.0,5938.0,0.898,0.867,-0.15271,1002.14
K2-183 b,K2-183,0.469285,1.1,,,5482.0,0.87,0.942219,-0.13179,329.041
Kepler-222 d,Kepler-222,28.081912,3.69,15.087,522.0,5433.0,0.869,0.933,-0.33784,758.854
Kepler-165 c,Kepler-165,15.31299,2.23,25.931,581.0,5211.0,0.77,0.746,-0.4723,560.885
K2-263 b,K2-263,50.819172,2.513,8.17,482.0,5368.0,0.85,0.88,-0.25964,162.481
Kepler-166 d,Kepler-166,1.554003928,1.73,651.409,1313.0,5350.0,0.83,0.88,-0.38508,603.53
Kepler-52 b,Kepler-52,7.8773565,2.1,22.72,553.0,4075.0,0.52,0.54,-0.99568,321.542
K2-186 b,K2-186,41.474219,3.17207779,,,5784.0,0.98083,1.018617,0.0504,330.739
K2-195 c,K2-195,28.482786,2.57581891,,,5712.0,0.906367,0.963364,-0.01196,315.014
K2-187 e,K2-187,13.606629,1.9,52.0501,698.0,5438.0,0.83,0.966999,-0.19607,330.916
K2-187 c,K2-187,2.871512,1.4,414.343,1173.0,5438.0,0.83,0.966999,-0.19607,330.916
K2-189 b,K2-189,2.58812,1.403,497.0,1203.0,5442.0,0.879,0.85,-0.21855,242.113
K2-280 b,K2-280,19.89526,7.5,69.5,787.0,5500.0,1.28,1.03,0.13976,391.537
K2-381 c,K2-381,16.034656,2.0,,,4473.0,0.675,0.754,-0.73923,145.701
Kepler-229 b,Kepler-229,6.252972,2.2,76.217,823.0,5120.0,0.728,0.808,-0.53795,826.265
K2-222 b,K2-222,15.3889274,2.275,95.0,803.0,5942.0,1.072,0.94,0.1271,101.321
K2-220 b,K2-220,13.68186,2.37,79.7,761.0,5612.0,1.026,0.91,-0.06106,233.514
Kepler-491 b,Kepler-491,4.225384512,8.92,312.514,1111.0,5582.0,1.03,1.04,-0.05683,630.785
Kepler-197 b,Kepler-197,5.599308,1.02,431.256,1142.0,6004.0,1.12,0.857,0.22187,330.575
Kepler-216 b,Kepler-216,7.693641,2.35,540.034,1069.0,6091.0,1.26,1.126,0.51836,1187.47
K2-176 b,K2-176,5.329439,1.49090097,,,5428.0,0.86416,0.938545,-0.34794,247.302
Kepler-1732 b,Kepler-1732,32.31240082,4.09903273,27.05,699.0,5821.0,1.494,1.043,0.29575,1289.41
14 Her b,14 Her,1766.41,12.5,0.0873,147.32,5338.0,0.93,0.97,-0.15273,17.9323
16 Cyg B b,16 Cyg B,798.5,13.5,0.454,228.76,5750.0,1.13,1.08,0.09729,21.1397
K2-368 d,K2-368,20.201085,1.948,,,4663.0,0.663,0.746,-0.69293,206.608
Kepler-261 b,Kepler-261,10.381227,2.18,45.779,672.0,5098.0,0.794,0.834,-0.471,317.499
1RXS J160929.1-210524 b,1RXS J160929.1-210524,,18.647,0.0,1700.0,4060.0,1.31316,0.85,-0.37,139.135
CoRoT-4 b,CoRoT-4,9.20205,13.34,203.9517,1074.0,6190.0,1.17,1.16,0.18482,726.412
K2-224 c,K2-224,10.09489,2.41,73.1328,764.0,5620.0,0.84,0.91,-0.24102,275.255
K2-368 c,K2-368,9.660186,1.361,,,4663.0,0.663,0.746,-0.69293,206.608
24 Sex c,24 Sex,883.0,13.9,3.3719,377.31,5098.0,4.9,1.54,1.164,72.0691
CoRoT-7 b,CoRoT-7,0.85359163,1.68135,1773.7952,1756.0,5275.0,0.83,0.82,-0.28938,159.906
K2-226 b,K2-226,3.27109,1.53899305,332.7564,1187.0,5288.0,0.889,0.856,-0.25337,211.265
K2-227 b,K2-227,13.621832,1.66551298,,,5673.0,0.890666,0.950811,-0.16664,187.234
2MASS J12073346-3932539 b,2MASS J12073346-3932539,,15.69257298,0.0,1163.0,2825.0,0.21887,0.188001,-2.56086,64.308
CoRoT-7 c,CoRoT-7,3.698,2.83,242.7184,1098.59,5256.0,0.864273,0.899,-0.28938,159.906
eps Tau b,eps Tau,585.82,12.7,22.147,603.08,4877.0,12.35,2.57,1.89271,47.52852
gam1 Leo b,gam1 Leo,428.5,12.5,228.5105,1080.7,4330.0,31.88,1.23,2.51,39.8883
K2-229 b,K2-229,0.584216,1.0,2290.0,1818.0,5315.0,0.79,0.87,-0.38869,102.564
Kepler-752 b,Kepler-752,18.82747265,2.81,45.278,632.0,5373.0,0.83,0.87,-0.12488,1232.29
CoRoT-9 b,CoRoT-9,95.272656,11.948794,3.444,420.0,5625.0,0.96,0.96,-0.25426,412.98
K2-343 b,K2-343,2.787174,1.65,,653.0,3804.0,0.46,0.49,-1.43852,166.169
51 Peg b,51 Peg,4.2307966,14.1,506.1775,1328.93,5761.0,1.19,1.07,0.13631,15.4614
K2-331 c,K2-331,22.996591,2.72,,673.0,5994.0,1.06,1.1,0.05943,211.43
EPIC 212624936 c,EPIC 212624936,11.811437,2.3,,,5765.0,0.93,1.0,-0.12371,561.929
K2-334 b,K2-334,5.113981,5.65,832.2294,1380.0,6502.0,1.49,1.36,0.51362,371.823
K2-379 b,K2-379,8.777247,2.181,,,4603.0,0.751,0.856,-0.6327,182.207
61 Vir d,61 Vir,123.01,5.11,3.5464,382.51,5577.0,0.963,0.942,-0.095,8.50332
K2-202 b,K2-202,3.405164,2.30165603,,,5491.0,0.910685,0.971461,-0.33519,300.397
K2-343 c,K2-343,7.676972,2.02,,465.0,3804.0,0.46,0.49,-1.43852,166.169
K2-342 b,K2-342,11.561052,2.03,,861.0,5920.0,1.09,1.01,0.09264,208.357
Kepler-260 b,Kepler-260,8.187399,2.01,132.134,782.0,5250.0,0.862,1.013,-0.09198,627.365
K2-381 d,K2-381,26.803023,1.689,,,4473.0,0.675,0.754,-0.73923,145.701
K2-381 b,K2-381,7.9389334,1.075,,,4473.0,0.675,0.754,-0.73923,145.701
K2-348 b,K2-348,4.688418,3.26,133.083,908.0,5077.0,0.85,0.83,-0.38844,201.856
K2-384 d,K2-384,6.679582,1.392,,,3623.0,0.348,0.33,-1.86986,82.6603
81 Cet b,81 Cet,1005.57,13.1,13.0071,526.92,4734.0,11.21,1.23,1.76027,101.26
K2-352 c,K2-352,8.234885,1.92,,885.0,5791.0,0.95,0.98,-0.06326,176.051
K2-384 c,K2-384,4.194766,1.191,,,3623.0,0.348,0.33,-1.86986,82.6603
BD+14 4559 b,BD+14 4559,268.94,13.8,0.7867,246.28,4864.0,0.86,0.49,-0.32,49.352
K2-204 b,K2-204,7.055908,3.17214154,290.0978,1148.0,5783.0,1.253,1.076,0.19866,577.235
Kepler-1736 b,Kepler-1736,37.81029892,3.8765856,24.27,566.0,6085.0,0.973,0.976,0.40206,1430.0
K2-205 b,K2-205,26.672263,1.99552771,,,5890.0,1.077574,0.951027,0.19406,405.301
Kepler-8 b,Kepler-8,3.5224991,15.871944,1444.881,1680.0,6213.0,1.486,1.213,0.605,1021.87
K2-209 b,K2-209,2.080615,0.86850263,,,4720.0,0.712365,0.74479,-0.58815,76.4986
Kepler-745 b,Kepler-745,9.93143556,2.16,286.026,931.0,5849.0,1.04,1.04,0.37557,1780.38
K2-211 b,K2-211,0.669561,1.33162691,2056.0589,1873.0,5117.0,0.818,0.851,-0.383,272.297
Kepler-262 c,Kepler-262,21.853722,1.64,25.26,618.0,5841.0,0.881,0.816,-0.13988,613.129
Kepler-119 b,Kepler-119,2.422082,3.6,745.285,1213.0,5595.0,0.839,0.918,-0.0366,701.996
K2-394 b,K2-394,5.095717,1.692,28.5068,643.0,4938.0,0.631,0.478,-0.85841,98.0152
CoRoT-19 b,CoRoT-19,3.89713,14.46,1103.809,2000.0,6090.0,1.65,1.21,0.544,790.663
Kepler-748 b,Kepler-748,7.40742793,2.52,439.778,938.0,5934.0,1.1,1.07,0.36017,1705.99
HD 113538 b,HD 113538,663.2,13.2,0.0585,140.67,4462.0,0.53,0.585,-1.04576,16.2817
Kepler-112 b,Kepler-112,8.408878,2.36,123.818,809.0,5544.0,0.841,0.782,-0.08612,513.206
HD 114386 b,HD 114386,937.70001,13.6,0.0964,154.56,4836.0,0.76,0.6,-0.54,27.9243
HD 136418 b,HD 136418,464.29999,13.3,4.0863,411.81,4989.0,3.78,1.48,0.83251,105.168
GJ 676 A b,GJ 676 A,1051.44521,12.8,0.0301,113.55,3734.0,0.69,0.626,-1.04251,16.0272
HAT-P-31 b,HAT-P-31,5.00542,12.21781,746.9025,1450.0,6065.0,1.39,1.31,0.43315,344.05
HD 11506 b,HD 11506,1617.7,12.9,0.2609,193.57,6123.0,1.24,1.22,0.33685,51.261
HD 11506 c,HD 11506,223.92,14.0,3.6537,374.44,6123.0,1.24,1.22,0.33685,51.261
GJ 581 e,GJ 581,3.1481,1.38,15.783,554.37,3500.0,0.302,0.295,-1.90781,6.2981
HAT-P-35 b,HAT-P-35,3.646706,14.930388,999.6688,1581.0,6096.0,1.435,1.236,0.38307,506.965
HD 116029 b,HD 116029,670.0,13.6,4.1506,400.04,4819.0,4.89,0.83,1.05308,123.245
HD 142245 b,HD 142245,1299.0,13.1,1.7468,306.3,4922.0,4.63,3.5,1.13033,97.2305
GJ 876 b,GJ 876,61.1166,13.3,0.2857,190.6,3293.74,0.3,0.32,-1.90658,4.67517
HD 118203 b,HD 118203,6.1349779,12.778238,593.4,1361.0,5742.0,2.04,1.27,0.6458,92.2589
HD 142 b,HD 142,351.43394,12.7,2.7603,358.19,6245.0,1.47,1.21,0.47418,26.1853
GJ 876 d,GJ 876,1.93778,2.51,28.6429,603.09,3293.74,0.3,0.32,-1.90658,4.67517
HD 125595 b,HD 125595,9.6737,,37.7085,687.97,4691.0,0.74,0.29,-0.61738,28.1989
GQ Lup b,GQ Lup,,33.6,0.0001,2650.0,4360.0,1.94153,0.7,-0.07239,151.169
GJ 876 e,GJ 876,124.26,3.92,0.111,150.46,3293.74,0.3,0.32,-1.90658,4.67517
HD 100655 b,HD 100655,157.57001,13.5,92.9931,907.14,4891.0,10.06,2.28,1.63347,137.178
Kepler-744 b,Kepler-744,12.06222443,1.62,62.955,750.0,5594.0,0.93,0.94,-0.22215,449.964
HD 10180 f,HD 10180,122.744,5.24,6.1329,427.54,5911.0,1.109,1.06,0.17319,38.9607
HD 126614 b,HD 126614,1257.25303,12.7,0.2392,209.54,5568.0,1.369794,0.96,0.08279,73.0961
HD 10180 g,HD 10180,604.67,,0.7317,251.27,5911.0,1.109,1.06,0.17319,38.9607
HD 12661 b,HD 12661,262.70862,13.3,1.9237,325.35,5645.0,1.2,1.2,0.1327,37.8478
HAT-P-15 b,HAT-P-15,10.8635,11.88154,79.7578,904.0,5568.0,1.07,1.0,0.03019,192.516
HAT-P-16 b,HAT-P-16,2.77596727,14.68376472,1597.59,1566.0,6140.0,1.158,1.218,0.29447,226.637
Kepler-764 b,Kepler-764,7.33683936,1.64,160.457,875.0,5557.0,0.89,0.92,-0.13604,1047.84
Kepler-123 b,Kepler-123,17.232366,2.94,138.807,817.0,6089.0,1.264,1.079,0.40952,1021.66
HD 104985 b,HD 104985,199.68,12.8,115.1548,901.01,4738.0,11.12,1.22,1.76989,100.576
HD 104067 b,HD 104067,55.851,9.2,4.2965,407.83,4952.0,0.78,0.82,-0.51256,20.3632
HD 13189 b,HD 13189,471.60001,12.4,277.0528,1115.98,4175.0,38.41,2.24,2.63638,497.823
HD 106252 b,HD 106252,1535.0,12.5,0.1884,178.13,5874.0,1.05,1.05,0.1232,38.185
HD 132406 b,HD 132406,908.0,12.8,0.4641,228.73,5766.0,1.34,0.973,0.25996,70.7832
HD 108874 c,HD 108874,1624.0,13.8,0.1412,168.21,5551.0,1.05,0.95,-0.00072,59.5175
HD 10647 b,HD 10647,989.2,13.8,0.3471,221.54,6218.0,1.1,1.11,0.149,17.3357
HD 134060 b,HD 134060,3.2696,3.16,730.4602,1473.18,5966.0,1.164285,1.095,0.15836,24.0125
HAT-P-21 b,HAT-P-21,4.12448,12.44199,459.542,1367.0,5588.0,1.21,1.24,0.18184,277.278
HD 215152 b,HD 215152,5.75999,,90.3745,846.89,4935.0,0.73,0.77,-0.52254,21.5974
HD 37124 c,HD 37124,885.5,14.1,0.2641,204.73,5698.64,0.949168,0.85,-0.11224,31.6634
HD 159868 b,HD 159868,1184.1,13.3,0.668,255.69,5534.0,2.13,1.19,0.55574,55.8503
HD 187085 b,HD 187085,1019.74,13.9,30.5887,229.38,6117.0,1.27,1.189,2.13,45.8993
HD 216437 b,HD 216437,1359.0,13.0,0.3389,209.85,5909.0,1.394,1.22,0.35,26.6902
HD 187123 c,HD 187123,3810.0,13.2,0.056,135.42,5790.0,1.15043,1.04,0.12713,45.9548
HD 216770 b,HD 216770,118.45,14.1,3.7539,370.18,5399.0,0.93,0.74,-0.1,36.6625
HD 18742 b,HD 18742,766.0,13.1,4.1964,399.93,4940.0,5.13,1.36,1.14301,162.685
HD 21693 c,HD 21693,53.7357,4.34,9.2712,492.36,5430.0,0.914378,0.8,-0.20761,33.255
HD 162020 b,HD 162020,8.4282,12.5,39.0625,650.0,4723.0,0.75,0.42,-0.60206,30.8248
HD 190647 b,HD 190647,1176.45,13.4,0.3978,214.19,5656.0,1.376,1.069,0.29667,54.4738
HD 190984 b,HD 190984,4885.0,13.0,0.089,152.29,5988.0,1.53,0.91,0.43,148.187
HD 192263 b,HD 192263,24.3556,14.2,15.0597,486.0,4976.0,0.74,0.66,-0.47,19.6359
HD 217786 b,HD 217786,1301.36009,12.3,0.3159,207.3,5966.0,1.27,1.14,0.27646,55.4847
HD 217107 c,HD 217107,5138.7,12.9,0.0357,123.27,5622.0,1.2245,1.045,0.09754,20.0619
HD 41004 B b,HD 41004 B,1.3283,12.1,,,5036.0,1.04137,0.4,-0.20175,41.5504
HD 163607 c,HD 163607,1272.0,13.3,0.4605,228.5,5522.0,1.76,1.12,0.42,67.7855
HD 192310 c,HD 192310,525.8,5.25,0.2765,185.0,5166.0,0.857922,0.8,-0.41454,8.79687
HD 4208 b,HD 4208,832.97,13.9,0.2878,196.68,5717.0,0.846,0.883,-0.09961,34.1937
HD 164922 b,HD 164922,1207.0,13.3,0.1578,159.4,5390.0,0.946,0.926,-0.14874,22.0016
HD 197037 b,HD 197037,1035.7,13.9,0.4042,216.67,6150.0,1.105,1.11,0.23857,33.1944
HD 4308 b,HD 4308,15.56,4.12,68.8078,799.37,5686.0,1.02,0.93,-0.004,22.0158
Kepler-272 c,Kepler-272,6.057342,1.79,310.76,947.0,5297.0,0.929,0.91,0.06634,889.608
HD 4313 b,HD 4313,356.21,13.4,10.533,502.39,4943.0,5.14,1.63,1.14922,136.308
HD 168746 b,HD 168746,6.404,11.1,224.4898,900.0,5570.0,1.09,1.07,0.04139,41.5681
HD 148156 b,HD 148156,1027.0,13.9,0.2965,213.76,6308.0,1.21,1.22,0.25042,57.1289
HD 17092 b,HD 17092,359.89999,12.5,33.1963,671.64,4326.0,13.58,6.73,1.75563,228.422
HD 27894 b,HD 27894,18.01939,14.1,22.7604,627.88,4875.0,0.891767,0.81,-0.449,43.8214
HD 28254 b,HD 28254,1333.0,13.0,0.3645,212.28,5664.0,1.48,1.1,0.34,55.2884
HD 148427 b,HD 148427,331.9,13.7,4.8905,451.86,5025.0,3.86,1.64,0.78,71.3499
HD 171028 b,HD 171028,550.0,13.2,3.1028,374.07,5671.0,2.47,1.53,0.73291,111.659
HD 204313 c,HD 204313,34.95875,4.31,28.2644,634.95,5767.0,1.1,1.03,0.09981,47.7945
HD 30177 b,HD 30177,2539.0,12.6,0.0995,148.0,5680.0,1.019,0.98,0.0835,55.5867
HD 290327 b,HD 290327,2443.0,13.3,0.0616,139.7,5505.0,0.95,0.84,-0.14,56.433
HD 152581 b,HD 152581,686.5,13.4,5.4072,426.55,5027.0,5.14,1.3,1.17319,165.76
HD 177830 b,HD 177830,410.10001,13.5,3.7258,399.64,4901.0,3.26,1.7,0.68502,62.7674
HD 20794 b,HD 20794,18.314,1.45,43.4733,660.0,5368.0,0.93,0.79,-0.16311,6.00278
HD 31253 b,HD 31253,466.0,14.1,2.0698,348.36,6130.0,1.75,1.7,0.51667,58.1438
HD 178911 B b,HD 178911 B,71.484,12.6,7.8319,480.24,5588.0,1.08,1.24,-0.04317,40.9727
HD 155358 b,HD 155358,194.3,13.8,5.0212,421.43,5905.0,1.38,1.15,0.29949,43.6197
HD 154857 b,HD 154857,408.60001,13.3,2.7638,359.86,5589.0,2.3,1.96,0.66269,63.4482
HD 155358 c,HD 155358,391.9,13.9,1.9155,330.92,5900.0,1.38,0.92,0.29949,43.6197
HD 210702 b,HD 210702,355.5,13.6,9.3194,485.86,4912.0,4.54,1.33,1.03543,54.1963
HD 3651 b,HD 3651,62.25,10.1,6.1123,432.84,5221.0,0.871954,0.799,-0.27415,11.1336
HD 156668 b,HD 156668,4.6455,1.87,679.2975,887.48,4850.0,0.72,0.772,0.23,24.3323
HD 156411 b,HD 156411,842.2,14.0,1.5229,304.95,5900.0,2.16,1.25,0.731,56.8655
HD 183263 b,HD 183263,624.87404,13.1,0.8347,263.26,5948.0,1.23,1.06,0.25025,54.1955
HD 63454 b,HD 63454,2.81805,12.31,159.9116,1018.06,4812.0,0.77,0.42,-0.592,37.6894
HD 89307 b,HD 89307,2166.0,13.4,0.1265,166.55,5955.0,1.1,1.27,0.13131,32.0104
rho CrB b,rho CrB,39.849,13.7,34.7,614.0,5817.0,1.3617,1.0,0.23198,17.4671
HD 66428 b,HD 66428,2269.81726,12.4,0.1082,159.02,5716.0,1.13,1.01,0.09579,53.2817
HD 93083 b,HD 93083,144.72,14.3,1.59,311.57,5033.8,0.837,0.836,-0.39041,28.5159
HD 69830 b,HD 69830,8.667,3.17,97.7824,872.84,5385.0,0.886947,0.86,-0.22,12.5591
TrES-3 b,TrES-3,1.30618581,14.975,1025.5022,1638.0,5650.0,0.829,0.928,-0.20412,231.337
WASP-50 b,WASP-50,1.9551,13.069694,690.3398,1394.84,5400.0,0.843,0.892,-0.19792,184.848
HD 69830 d,HD 69830,197.0,4.45,1.5182,308.1,5385.0,0.886947,0.86,-0.22,12.5591
HD 96127 b,HD 96127,638.9,13.0,364.3861,947.29,3943.0,35.0,0.91,2.86,587.659
HD 70573 b,HD 70573,851.8,12.8,0.3222,206.11,5737.0,0.976919,1.0,-0.00083,59.182
HD 97658 b,HD 97658,9.4897116,2.12,41.924,751.0,5212.0,0.728,0.85,-0.45469,21.5618
V0391 Peg b,V0391 Peg,1170.0,13.1,9.375,519.69,29300.0,0.23,0.5,1.43287,1195.98
WASP-8 b,WASP-8,8.15872,12.66617,209.118,1059.0,5600.0,1.03,1.34,-0.05754,89.9606
WASP-10 b,WASP-10,3.0927616,12.106,174.0323,1370.0,4675.0,0.698,0.75,-0.64029,140.998
XO-2 N b,XO-2 N,2.61585906,11.130537,428.036,1328.0,5290.0,0.998,0.96,-0.08823,154.273
HD 74156 b,HD 74156,51.63564,13.5,32.0951,679.63,6068.0,1.510576,1.1,0.40075,57.603
HD 99706 b,HD 99706,841.0,13.7,3.9282,391.46,4862.0,5.52,1.46,1.18752,146.6
HIP 12961 b,HIP 12961,57.435,13.2,1.5889,303.32,3901.0,0.65,0.69,-1.00302,23.371
HD 45184 b,HD 45184,5.8854,3.52,272.4625,1156.34,5869.0,1.075139,1.03,0.05308,21.9532
WASP-16 b,WASP-16,3.1186,13.67498,481.917,1389.0,5700.0,1.14,1.78,0.01005,194.134
HD 45364 b,HD 45364,225.79,9.03,1.3804,301.69,5466.0,0.89,0.82,-0.19586,34.354
HD 75898 b,HD 75898,422.82,13.2,1.9945,335.16,6122.0,1.55,1.295,0.46,78.0505
HD 7924 b,HD 7924,5.39792,,113.7,825.9,5131.0,0.78,0.65,-0.40636,16.9922
Kepler-746 b,Kepler-746,3.48159251,1.11,421.61,1156.0,5418.0,0.93,0.91,-0.172,450.0
HD 79498 b,HD 79498,1807.0,13.6,0.1207,164.53,5748.0,1.05,1.08,0.03,48.9489
HD 48265 b,HD 48265,778.51,12.6,1.167,283.0,5733.0,1.901,1.312,0.58433,90.5446
HD 49674 b,HD 49674,4.94737,6.2,264.2871,1113.78,5602.0,1.02,1.03,-0.02162,43.0399
HIP 57274 c,HIP 57274,32.03,14.2,48.8832,437.32,4640.0,0.68,0.73,0.19,25.8618
HD 52265 b,HD 52265,119.27,13.7,7.3281,405.0,6136.0,1.32,1.204,0.297,29.9803
HR 8799 e,HR 8799,20815.6,13.11453,0.0201,1150.0,7400.0,1.49338,1.51,0.73347,41.2441
HD 5891 b,HD 5891,177.11,12.6,96.1914,918.78,4673.0,10.64,1.93,1.5955,283.502
HD 85390 b,HD 85390,799.52,6.16,0.2281,190.89,5186.0,0.8,0.758,-0.36653,33.5225
xi Aql b,xi Aql,136.97,13.4,149.8624,973.07,4841.0,10.86,1.74,1.76745,56.1858
WASP-35 b,WASP-35,3.16158,14.5717,758.1026,1338.29,5990.0,1.08,1.05,0.1443,202.218
TOI-1408 b,TOI-1408,4.42587,25.0,465.179,1293.0,6117.0,1.53,1.312,0.47129,139.484
TOI-2524 b,TOI-2524,7.18585,11.2089807,210.609,1100.0,5831.0,1.119,1.007,0.11628,438.842
HD 219415 b,HD 219415,2093.3,13.8,0.4071,221.26,4820.0,2.9,1.0,0.62,165.184
WD 0806-661 b,WD 0806-661,,12.10569916,,357.0,10393.0,,0.605,,19.2444
WASP-99 b,WASP-99,5.75251,11.43318,2005.426,1480.0,6150.0,1.64,1.21,0.5433,158.66
HD 32963 b,HD 32963,2372.0,13.4,0.0996,157.63,5727.0,1.111044,0.94,0.06398,38.0786
K2-133 b,K2-133,3.07133,1.34,32.5438,665.21,3655.0,0.455,0.461,-1.47886,75.1703
HATS-53 b,HATS-53,3.8537768,15.02006,471.61,1312.0,5644.0,1.101,0.964,0.04532,585.77
Kepler-286 b,Kepler-286,1.796302,1.24,850.1,1367.0,5580.0,0.863,0.83,-0.11623,1226.85
TOI-283 b,TOI-283,17.61745,2.34,30.4,661.0,5213.0,0.85,0.8,-0.33724,82.7013
Kepler-69 b,Kepler-69,13.722341,2.24,123.517,779.0,5638.0,0.93,0.81,-0.097,730.625
HD 169830 b,HD 169830,225.67372,13.2,7.8465,345.0,6300.0,1.935709,1.17,0.662,37.6048
HD 192699 b,HD 192699,340.94,13.4,9.0351,495.11,5041.0,4.41,1.38,1.009,71.8627
Pr0211 b,Pr0211,2.1461,13.4,457.3078,1304.13,5300.0,0.827,0.935,-0.33603,182.714
HATS-3 b,HATS-3,3.547851,15.48,1212.0044,1648.0,6351.0,1.404,1.209,0.456,411.211
HD 33844 c,HD 33844,916.0,13.5,2.8101,360.22,4861.0,5.29,1.78,1.14922,105.779
HATS-29 b,HATS-29,4.6058749,14.022459,356.0,1212.0,5670.0,1.073,1.032,0.02938,353.891
K2-138 b,K2-138,2.35309,1.51,486.0,1157.0,5356.3,0.863,0.935,-0.28654,202.585
gam Lib c,gam Lib,966.49,12.8,14.6916,543.71,4879.0,12.38,1.78,1.8973,47.4017
TOI-406.01,TOI-406,13.175682,2.08,3.0,368.0,3392.0,0.41,0.408,-1.71444,31.0597
Kepler-282 d,Kepler-282,24.806,2.46,52.348,588.0,5656.0,0.89,0.97,0.10587,1337.61
TOI-663 b,TOI-663,2.598902,2.27,49.1,674.0,3681.0,0.512,0.514,-1.37033,64.2308
Kepler-283 b,Kepler-283,11.008151,2.13,16.26,488.0,4351.0,0.566,0.596,-0.98297,468.094
HD 195019 b,HD 195019,18.20132,13.0,109.862,901.66,5751.0,1.48,1.21,0.3331,37.6681
BD-06 1339 c,BD-06 1339,125.94,8.38,0.5024,261.91,4324.0,0.686355,0.7,-1.022,20.2695
CoRoT-25 b,CoRoT-25,4.86069,12.11,414.1434,1330.0,6040.0,1.19,1.09,0.14101,1103.48
HD 564 b,HD 564,492.3,12.5,0.7254,261.1,5902.0,1.01,0.961,0.01893,51.1659
HATS-45 b,HATS-45,4.1876244,14.414774,811.3504,1518.0,6450.0,1.315,1.272,0.42488,772.11
Kepler-421 b,Kepler-421,704.1984,4.16,0.2,185.0,5308.0,0.757,0.794,-0.398,348.558
TOI-663 d,TOI-663,7.1027268,1.92,12.9,482.0,3681.0,0.512,0.514,-1.37033,64.2308
TOI-1443 b,TOI-1443,23.540678,2.30381001,16.8576,520.66,5224.0,0.7511,0.7663,-0.42022,85.8034
HAT-P-41 b,HAT-P-41,2.69405,22.97845,2485.0721,1941.0,6390.0,2.05,2.56,0.628,348.185
HD 5608 b,HD 5608,768.7,13.7,4.4568,403.72,4807.0,5.43,1.29,1.15473,58.1105
HD 13908 b,HD 13908,19.382,13.9,168.6392,993.25,6255.0,1.67,1.29,0.602,79.5515
HD 108341 b,HD 108341,1129.0,13.3,0.1066,155.23,5122.0,0.79,0.843,-0.37001,48.9102
KELT-12 b,KELT-12,5.031623,19.95202,1749.0,1800.0,6279.0,2.37,1.591,0.89209,368.03
HD 34445 f,HD 34445,676.8,6.88,0.8442,266.14,5836.0,1.38,1.07,0.3032,46.0907
HD 34445 e,HD 34445,49.175,4.26,27.8395,637.76,5836.0,1.38,1.07,0.3032,46.0907
KELT-19 A b,KELT-19 A,4.6117093,21.40919,2340.0,1935.0,7500.0,1.83,1.62,0.97772,300.276
KOI-1257 b,KOI-1257,86.647661,10.54,7.28,511.0,5520.0,1.13,0.99,0.0292,656.0
TOI-1226 b,TOI-1226,3.92880881576,2.4101112,376.4613,1123.44,5434.91,0.986943,1.01,-0.04296,257.93
K2-219 d,K2-219,11.137278,2.57634456,,,5753.0,1.189232,1.021545,0.15097,325.4
HD 216435 b,HD 216435,1311.0,13.7,0.5501,242.57,5999.0,1.800029,1.3,0.55689,32.9834
HD 23079 b,HD 23079,735.74,13.2,0.5273,237.47,5994.0,1.08,1.16,0.13033,33.4591
BD+49 828 b,BD+49 828,2590.0,13.5,1.673,320.63,4943.0,7.6,1.52,1.47,442.042
HD 20794 e,HD 20794,147.02,2.03,2.6513,352.04,5401.0,0.93,0.813,-0.16311,6.00278
K2-239 b,K2-239,5.24,1.1,8.227,502.0,3420.0,0.36,0.4,-1.79588,31.0849
TOI-880.02,TOI-880,2.57571,2.19,301.8661,1085.0,5050.0,0.83,0.87,-0.44771,60.6679
TOI-1232 b,TOI-1232,14.256,10.92875618,90.0659,785.71,5823.0,1.072,1.058,0.07298,328.604
WASP-71 b,WASP-71,2.90367,13.22662,3384.6097,2016.1,6050.0,1.82,0.76,0.76845,362.715
HD 159243 c,HD 159243,248.4,13.4,2.0315,349.35,6123.0,1.12,1.125,0.114,73.3055
HIP 91258 b,HIP 91258,5.0505,13.7,166.6086,1024.97,5519.0,0.89,0.97,-0.222,45.8846
HIP 109384 b,HIP 109384,499.48,13.5,0.3732,213.83,5180.0,0.831075,0.78,-0.31878,58.9582
HD 27894 c,HD 27894,36.07,8.24,9.0713,498.89,4875.0,0.891767,0.8,-0.449,43.8214
K2-239 d,K2-239,10.115,1.1,3.4099,399.0,3420.0,0.36,0.4,-1.79588,31.0849
Kepler-778 b,Kepler-778,3.75574426,1.68,216.568,977.0,5102.0,0.77,0.81,-0.41318,938.168
TOI-1244 b,TOI-1244,6.400316483,2.467,56.63,714.86,4599.0,0.721,0.73,-0.62893,102.551
TOI-1466 b,TOI-1466,1.87190602231,2.46741991,167.099,1001.0,4435.39,0.749646,0.66,-0.80218,86.5783
K2-157 b,K2-157,0.3652575,0.935,6660.0,2432.0,5334.0,0.86,0.89,-0.2102,298.373
HD 33564 b,HD 33564,388.0,12.5,2.8331,344.43,6250.0,1.4367,1.25,0.53504,20.9531
WASP-55 b,WASP-55,4.465631,14.72860064,504.0,1342.0,6096.0,1.09,1.071,0.16259,297.462
ROXs 12 b,ROXs 12,,12.2,0.0,13.23,3850.0,1.06627,0.87,-0.79013,136.65
bet UMi b,bet UMi,522.3,12.7,273.9958,1040.63,4126.0,38.3,1.4,2.73,38.77472
HD 216536 b,HD 216536,148.60001,13.8,169.5666,897.99,4639.0,9.83,0.81,1.8,376.233
HIP 65407 b,HIP 65407,28.125,14.3,20.7979,610.68,5460.0,0.952252,0.93,-0.18603,61.7804
HD 12484 b,HD 12484,58.83,13.2,11.9305,524.3,5920.0,1.001848,1.01,0.02217,48.3367
NGTS-1 b,NGTS-1,2.647298,14.90797,65.3,790.0,3916.0,0.573,0.617,-1.15326,218.121
K2-148 b,K2-148,4.38395,1.33,48.8,733.87,4079.0,0.632,0.65,-0.99568,124.458
K2-158 b,K2-158,10.06049,2.64,87.3327,794.0,5503.0,0.95,0.92,-0.16298,197.299
HD 86081 b,HD 86081,2.1378431,13.6,2003.7697,1860.31,5939.0,1.46,1.21,0.38,103.936
HD 45652 b,HD 45652,44.073,14.3,11.2332,508.4,5294.0,0.94,0.92,-0.2,34.8541
WASP-62 b,WASP-62,4.41195,14.79588,1817.8874,1475.3,6230.0,1.23,1.11,0.3456,175.631
TOI-1422 b,TOI-1422,12.99894,3.83,90.5151,870.0,5840.0,1.019,0.9903,0.04766,155.141
HIP 65426 b,HIP 65426,,16.8135,0.0022,1500.0,8840.0,1.77,1.96,1.26895,108.875
K2-148 d,K2-148,9.7579,1.64,16.8,562.05,4079.0,0.632,0.65,-0.99568,124.458
GJ 1265 b,GJ 1265,3.6511,2.63,5.3846,424.04,3236.0,0.192,0.178,-2.4389,10.2525
HD 6061 b,HD 6061,5.2549,2.42763557,339.1,1075.31,5934.0,1.0072,1.0269,0.05538,67.6203
FU Tau b,FU Tau,,12.2,0.0,2375.0,2838.0,,0.05,-0.69897,133.4950466
Kepler-19 c,Kepler-19,28.731,3.68,22.1608,589.64,5544.0,0.859,0.936,-0.16056,218.562
Kepler-25 d,Kepler-25,122.4,10.0,15.2243,544.68,6354.0,1.316,1.165,0.4216,243.249
HIP 8541 b,HIP 8541,1852.14387,12.6,1.4683,305.12,4672.0,6.84,2.009,1.31,155.121
K2-113 b,K2-113,5.817685,12.14,277.39,1098.0,5660.0,1.24,1.04,0.0086,635.722
K2-152 b,K2-152,32.6479,2.29,2.9,337.0,4044.0,0.61,0.63,-1.06048,108.449
K2-243 c,K2-243,24.94598,2.01,80.9171,801.0,6570.0,1.39,1.29,0.42675,266.864
HD 13167 b,HD 13167,2613.0,13.1,0.5428,208.79,5671.0,2.39,1.35,0.96025,148.934
TOI-929 b,TOI-929,5.83015366944,2.68983343,59.7261,774.0,4457.16,0.717414,0.7,-0.73994,114.421
K2-162 b,K2-162,9.45889,1.44,34.8621,631.0,4842.0,0.69,0.75,-0.65691,124.433
K2-161 b,K2-161,9.283188,6.11721229,,,4972.0,2.568173,0.986876,0.91922,916.319
KELT-3 b,KELT-3,2.70339,17.48604,1704.57,1816.0,6304.0,1.7,1.96,0.62523,210.252
Kepler-97 c,Kepler-97,789.0,,,,5779.0,0.98,0.94,-0.02505,400.907
KELT-14 b,KELT-14,1.7100566,19.537287,826.113,1970.0,5720.0,1.52,1.239,0.27875,250.121
tau Cet h,tau Cet,49.41,1.19,8.3829,473.22,5310.0,0.83,0.783,-0.30539,3.60304
K2-154 c,K2-154,7.95486,2.07,20.5,552.0,4097.0,0.63,0.65,-1.01773,129.356
K2-246 b,K2-246,5.76918,3.49,194.9508,977.0,5610.0,0.94,0.87,-0.15088,703.616
TOI-969 b,TOI-969,1.8237305,2.765,188.0,941.0,4435.0,0.671,0.734,-0.70042,77.2554
TOI-1291 b,TOI-1291,7.1620097551,5.63826391,1230.42,1649.0,6139.95,1.8109,1.2,0.64816,428.123
HD 220689 b,HD 220689,2266.4,13.7,0.1074,160.11,5921.0,1.068,1.016,0.093,46.8778
GJ 163 b,GJ 163,8.63182,3.25,5.3165,438.49,3500.0,0.409738,0.4,-1.708,15.1285
HAT-P-53 b,HAT-P-53,1.9616241,14.773462,1400.0226,1778.0,5956.0,1.209,1.093,0.21748,666.802
HD 111591 b,HD 111591,1056.4,12.9,6.0912,422.08,4884.0,8.03,1.94,1.58058,114.166
K2-155 b,K2-155,6.342,1.8,19.9,708.0,4258.0,0.58,0.65,-1.22915,72.7998
HD 180053 b,HD 180053,213.72,13.3,17.673,542.98,5131.0,4.06,1.75,1.09897,137.043
TOI-1669 c,TOI-1669,2.6800535,2.2963977,342.997,1285.16,5497.0,1.0561,0.9867,-0.03574,111.276
K2-165 d,K2-165,14.101361,2.64809498,37.0819,629.38,5185.0,0.803827,0.834847,-0.36982,134.591
DENIS-P J082303.1-491201 b,DENIS-P J082303.1-491201,246.36,11.9,,,,,0.075,,20.77
NGC 2682 YBP 1514 b,NGC 2682 YBP 1514,5.118,14.0,,,5725.0,0.89,0.96,-0.01797,914.221
HD 14067 b,HD 14067,2744.0,12.2,2.9812,360.28,4815.0,12.4,2.4,1.898,142.024
K2-30 b,K2-30,4.098503,11.646151,299.0,1092.0,5425.0,0.844,0.9,-0.25649,333.042
YZ Cet d,YZ Cet,4.65626,1.03,2.7,356.7,3151.0,0.157,0.142,-2.65857,3.71207
Kepler-90 i,KOI-351,14.44912,1.32,128.579,709.0,6015.0,1.29,1.12,0.26853,848.254
HD 75784 c,HD 75784,7900.0,12.8,0.0808,149.31,4867.0,3.4,1.26,0.756,85.4321
WASP-56 b,WASP-56,4.6171,10.53646,447.82,1216.0,5600.0,0.96,0.71,0.10256,321.084
GJ 667 C g,GJ 667 C,256.2,1.99,0.0455,,3350.0,,0.33,-1.863,7.24396
WASP-135 b,WASP-135,1.4013794,14.5717,917.4101,1403.66,5675.0,0.96,0.98,-0.32573,298.214
CoRoT-32 b,CoRoT-32,6.71837,6.38913,132.26,938.0,5970.0,0.79,1.08,-0.1549,576.683
TOI-1054.01,TOI-1054,15.5077855,2.43432,88.0718,853.0,6122.0,1.17,1.14,0.23193,88.4343
Kepler-504 b,Kepler-504,9.549275422,1.59,5.991,374.0,3519.0,0.33,0.33,-1.57681,99.0688
KMT-2025-BLG-0975L b,KMT-2025-BLG-0975L,,5.97,,,,,0.1,,7923.0
TOI-1691 b,TOI-1691,16.736888935,3.66,59.13,703.49,5759.0,1.0,1.03,-0.03058,111.445
K2-221 b,K2-221,2.399094,1.67890272,,,5716.0,0.947599,1.010842,-0.06367,318.81
GJ 504 b,GJ 504,,12.10569916,0.0011,510.0,6234.0,1.26,1.22,0.332,17.5299
WASP-68 b,WASP-68,5.0843,14.79588,843.4794,1490.0,5910.0,1.79,1.49,0.505,226.399
psi1 Dra B b,psi1 Dra B,3117.0,13.5,0.1079,159.48,6212.0,1.255735,1.19,0.32579,22.7188
K2-118 b,K2-118,50.92092,2.54,4.3,394.64,4726.29,0.734626,0.756446,-0.56055,321.722
GJ 3942 b,GJ 3942,6.905,2.57,20.5207,590.0,3867.0,0.61,0.63,-1.12,16.9287
Kepler-1654 b,Kepler-1654,1047.8356,9.180171,0.3,206.0,5597.0,1.179,1.011,0.08991,568.117
TOI-1695 b,TOI-1695,3.1342791,1.9,39.0,698.0,3690.0,0.515,0.513,-1.3536,45.1309
Kepler-750 b,Kepler-750,9.42887179,3.07,255.74,1163.0,6160.0,1.23,1.15,0.34371,1296.02
WASP-78 b,WASP-78,2.17518,21.63337,4812.6238,2469.7,6100.0,2.46,1.87,0.76274,754.258
HD 66141 b,HD 66141,480.5,12.8,120.6806,880.31,4323.0,21.4,1.1,2.24,68.1509
HD 203030 b,HD 203030,,14.4595851,0.0,1040.0,5603.0,0.856458,0.94,-0.2272,39.2503
WASP-88 b,WASP-88,4.954,16.36514,1489.5543,1772.0,6430.0,1.8,0.94,0.72351,523.756
KIC 10001893 c,KIC 10001893,0.32528,,,,27500.0,0.18,0.47,1.43069,1672.94
Wolf 1061 d,Wolf 1061,217.21,2.69,0.06,130.24,3342.0,0.307,0.294,-1.9914,4.30592
K2-130 b,K2-130,2.49412,1.25,136.4,1013.11,4356.47,0.744261,0.69563,-0.79892,118.011
K2-129 b,K2-129,8.239493,1.04,4.5,419.19,3459.09,0.36001,0.360031,-1.82842,27.7957
HD 147379 b,HD 147379,86.58,4.94,0.7847,276.66,4090.0,0.628304,0.58,-1.09691,10.7643
HATS-42 b,HATS-42,2.292102,15.6926,1637.2058,1856.0,6060.0,1.48,1.273,0.42488,800.377
WASP-144 b,WASP-144,2.2783152,9.52765,775.8849,1260.0,5200.0,0.81,0.81,-0.12928,355.513
HD 83443 c,HD 83443,8241.0,13.6,0.0123,89.95,5442.0,0.94,1.0,-0.10403,40.8991
TOI-1347 c,TOI-1347,4.841962,1.6,183.6642,1000.0,5464.0,0.83,0.913,-0.25964,147.476
HD 108147 b,HD 108147,10.8985,10.9,193.0925,890.0,6255.73,1.20664,1.22,0.30297,38.92
CHXR 73 b,CHXR 73,,12.3,,,3099.0,,0.35,,190.374
KIC 8540376 b,KOI-7892,31.8099,4.1,,,6474.0,1.26,1.04,0.2987,1072.3
HATS-51 b,HATS-51,3.3488702,15.80469,740.2246,1553.0,5758.0,1.44,1.187,0.30963,389.57
K2-233 b,K2-233,2.467583,1.315,269.0,1127.0,4796.0,0.71,0.79,-0.52288,67.5062
Kepler-814 b,Kepler-814,6.1469851,2.12,935.124,1164.0,6162.0,1.22,1.15,0.66937,2055.77
HD 18599 b,HD 18599,4.1374354,2.6,145.0,863.0,5145.0,0.767,0.863,-0.42946,38.5653
Kepler-127 c,Kepler-127,29.393195,2.66,61.688,698.0,6106.0,1.359,1.248,0.40651,352.794
HIP 55507 b,HIP 55507,5138.43727,12.6,0.0056,76.05,4171.0,0.723643,0.65,-0.8453,25.4893
NGC 2682 Sand 1429 b,NGC 2682 Sand 1429,77.48,13.4,37.2589,683.0,6000.0,2.13,1.26,0.73989,852.793
Kepler-955 b,Kepler-955,14.53244172,3.13,33.091,664.0,5350.0,0.84,0.89,-0.4085,550.383
Kepler-962 b,Kepler-962,12.05707239,1.97,53.823,689.0,5478.0,0.86,0.93,-0.26115,411.486
TOI-5678 b,TOI-5678,47.73022,4.91,3.8369,513.0,5485.0,0.938,0.905,-0.13069,165.393
HD 155918 c,HD 155918,17202.19446,12.8,0.006,77.38,5771.84,1.01906,1.03,0.01635,27.561
TOI-6034 b,TOI-6034,2.576184,11.92,43.0,714.0,3635.0,0.489,0.514,-1.4034,117.992
HD 101581 b,HIP 56998,4.46569,0.956,80.0,834.0,4675.0,0.63,0.653,-0.78186,12.7781
Kepler-922 b,Kepler-922,0.938466832,1.42,2142.634,1876.0,5671.0,0.93,0.95,-0.13328,536.323
Barnard c,Barnard's star,4.1244,0.743,4.7285,400.0,3195.0,0.185,0.162,-2.44977,1.82655
TIC 32032563 b,TIC 32032563,13.83460487791,3.47739942,,,5567.93,1.00188,1.05,0.01512,507.858
Kepler-911 b,Kepler-911,20.310501,2.6,198.725,931.0,6112.0,1.99,1.34,0.70686,556.168
HD 16905 b,HD 16905,10256.0,12.4,0.0039,69.63,4866.12,0.77494,0.85,-0.51804,39.7401
HD 184010 b,HD 184010,286.6,12.1,14.8144,545.04,4971.0,4.86,1.35,1.11694,60.7993
TOI-6041 b,TOI-6041,26.04945,4.55,22.4,605.6,5445.0,0.879,0.885,-0.21254,72.4731
TOI-6281 b,TOI-6281,1.05426244177,1.92416074,4181.02,2240.0,4533.23,0.874219,0.65,-0.68565,57.7451
TOI-4600 c,TOI-4600,482.8191,9.42,48.3867,191.0,5170.0,0.81,0.89,-0.37675,216.056
Luhman 16 b,Luhman 16 A,9697.0,11.9,0.0,,,,0.0338,-4.66,
Barnard b,Barnard's star,3.1542,0.72,6.76,438.0,3195.0,0.185,0.162,-2.44977,1.82655
Barnard e,Barnard's star,6.7392,0.637,2.4456,340.0,3195.0,0.185,0.162,-2.44977,1.82655
HD 224018 c,HD 224018,36.57669,2.42,28.2444,641.0,5784.0,1.147,1.013,0.12385,105.48
TIC 38825265 b,TIC 38825265,3.31336980985,2.18869476,,,4375.52,0.664503,0.64,-0.94114,165.638
Kepler-1012 b,Kepler-1012,5.50860439,1.29,191.811,934.0,5556.0,0.91,0.95,-0.19399,411.077
Kepler-1754 b,Kepler-1754,8.195949554,2.43996509,48.2,672.0,4723.0,0.747,0.734,-0.61192,718.945
LHS 1678 d,LHS 1678,4.9652229,0.981,9.1,462.95,3490.0,0.329,0.345,-1.83863,19.8782
HD 18143 c,HD 18143,28982.41764,12.5,0.0016,54.55,5078.0,0.87,0.85,-0.31953,22.5243
Kepler-935 b,Kepler-935,4.88083852,1.35,94.607,879.0,4830.0,0.73,0.78,-0.63887,471.782
Kepler-879 c,Kepler-879,0.646716,0.4,,,5456.75,1.022,0.974,0.0334,802.672
ZTF J1230-2655 b,ZTF J1230-2655,0.23597766,13.78704626,17889.745,2949.65,10000.0,0.0123,0.646,-2.86,186.69
TIC 270471727 b,TIC 270471727,10.45623256647,2.75029559,283.9789,1147.1,5271.39,0.997091,0.9,-0.17008,182.104
TIC 65612701 b,TIC 65612701,10.22467974953,5.07802804,,,5692.29,1.73709,1.06,0.50623,151.624
Kepler-1014 b,Kepler-1014,16.57110363,2.39,33.479,614.0,5388.0,0.84,0.88,-0.3365,624.8
Kepler-1044 b,Kepler-1044,6.77408868,2.67,218.497,1058.0,5985.0,1.11,1.08,0.03099,1278.96
Kepler-66 b,Kepler-66,17.815815,2.8,62.845,699.0,5962.0,0.966,1.038,0.05113,1202.96
Kepler-857 b,Kepler-857,85.35129427,6.8,5.747,390.0,5773.0,0.99,0.99,-0.07143,983.502
TOI-6080 b,TOI-6080,8.05562348084,3.32424168,168.812,919.33,5775.46,1.06221,1.01,0.02451,188.183
Wolf 1069 b,Wolf 1069,15.564,1.08,0.652,250.1,3158.0,0.1813,0.167,-2.53106,9.58341
TOI-6330 b,TOI-6330,6.8500246,10.89,9.97,495.0,3539.0,0.49,0.531,-1.43168,139.042
ITG 15 b,ITG 15 A,,12.1,,2601.0,,,,,136.37
WISPIT 2 b,WISPIT 2,,17.93436912,0.0002,33.46,4400.0,1.418,1.08,-0.15552,134.907
NGTS-38 b,NGTS-38,180.52797,12.11690814,10.1316,457.0,6310.0,1.88,1.46,0.69214,268.637
TOI-5210 b,TOI-5210,4.5661061,10.72699453,456.0,1286.0,5723.0,1.209,1.105,0.15229,302.086
TOI-5726.01,TOI-5726,5.491125215,2.554,338.95,1093.03,5874.0,1.106,1.06,0.11832,108.848
HD 194490 b,HD 194490,13092.18348,12.4,0.0114,90.87,5861.32,1.14911,1.06,0.1474,80.2349
HD 190228 b,HD 190228,1143.59858,12.9,0.8598,267.99,5360.0,2.58658,1.415,0.697,62.7146
HD 206893 b,HD 206893,11100.0,14.01122587,0.0247,1429.2,6500.0,1.31116,1.31,0.4561,40.7583
HD 112570 b,HD 112570,2615.0,13.1,2.9139,364.01,4750.0,9.85,1.15,1.6466,101.166
HD 154391 b,HD 154391,5163.0,12.5,0.685,253.57,4909.0,8.56,2.07,1.58115,100.947
G 196-3 b,G 196-3,,12.0,0.0,1670.0,3517.0,0.522432,0.519782,-1.42456,21.7912
Kepler-1026 b,Kepler-1026,36.5156053,2.21,5.988,425.0,4948.0,0.75,0.79,-0.61688,351.239
G 261-6 b,G 261-6,5.4536,1.1,1.8,322.3,2907.0,0.153162,0.118,-2.82122,10.6267
TOI-5789 d,TOI-5789,29.65,1.91,15.2098,545.0,5185.0,0.833,0.821,-0.32883,20.4581
TOI-5789 b,TOI-5789,2.76369,1.26,360.2797,1201.0,5185.0,0.833,0.821,-0.32883,20.4581
TIC 142589416 b,TIC 142589416,2.09518466313,2.67899519,,,4396.27,0.713832,0.641,-0.88783,168.933
NGTS-39 b,NGTS-39,58.20472,12.195371,16.7057,519.0,6053.0,1.16,1.16,0.19912,278.402
Gliese 48 b,Gliese 48,39.6299,2.77,0.89,271.0,3450.0,0.463,0.47,-1.56384,8.23366
Kepler-993 b,Kepler-993,22.08557563,2.97,3.954,352.0,3843.0,0.54,0.57,-1.22868,324.423
Kepler-80 d,Kepler-80,3.07222,1.53,164.625,722.0,4540.0,0.678,0.73,-0.76955,369.451
K2-411 b,K2-411,3.2141,0.9898,619.038,1428.52,5711.0,1.375,1.018,0.25809,298.219
HD 169142 b,HD 169142,,13.1,0.0042,71.02,7246.0,1.53702,1.85,0.76845,113.6
TOI-6383 A b,TOI-6383 A,1.79058695,11.29,51.3,745.0,3444.0,0.457,0.458,-1.48678,171.319
TIC 139270665 b,TIC 139270665,23.624,7.22979255,40.3,703.0,5844.0,1.016,1.035,0.03222,189.875
TOI-7149 b,TOI-7149,2.65206166,13.2,20.6,593.0,3363.0,0.351,0.344,-1.91542,126.126
Kepler-348 b,Kepler-348,7.05677,1.52,438.942,1196.0,6177.0,1.359,1.189,0.4331,570.783
TOI-5789 e,TOI-5789,62.98,3.43,5.5729,424.0,5185.0,0.833,0.821,-0.32883,20.4581
TIC 154870955 b,TIC 154870955,7.9698747128,3.09467466,,,4739.58,0.724328,0.828,-0.5299,226.463
Kepler-332 b,Kepler-332,7.626324,1.17,53.712,703.0,4955.0,0.72,0.743,-0.5837,344.19
TOI-5238 b,TOI-5238,4.872171,5.22,195.925,1042.0,5631.0,1.02283,1.0,-0.02335,290.646
Kepler-914 b,Kepler-914,4.40966548,1.38,568.378,1192.0,5877.0,1.15,1.1,0.24467,753.723
K2-413 c,K2-413,5.3301,1.2327,69.529,804.55,4116.0,0.7,0.808,-0.83322,285.162
TOI-6086 b,TOI-6086,1.3888725,1.18,26.8,634.0,3200.0,0.259,0.254,-2.19791,31.4566
Kepler-314 c,Kepler-314,5.960392,2.9,149.977,890.0,5378.0,0.95,0.99,-0.22569,268.881
HIP 29442 c,TOI-469,3.5379559,1.551,451.0,1123.0,5289.0,0.98,0.901,-0.14921,68.192
HD 63433 d,HD 63433,4.209075,1.073,296.4321,1040.0,5688.0,0.912,0.99,-0.12494,22.4035
Kepler-317 b,Kepler-317,5.524242,2.09,151.652,976.0,5497.0,0.941,0.865,-0.2078,940.584
TOI-7384 b,TOI-7384,6.2340258,3.56,4.9,378.0,3185.0,0.319,0.318,-2.02507,66.7902
Kepler-1768 b,Kepler-1768,15.13589954,2.23346338,179.16,933.0,6050.0,1.572,1.24,0.28665,632.766
Kepler-981 b,Kepler-981,4.469757736,2.31,337.471,1103.0,5718.0,0.96,0.98,-0.08124,878.082
Kepler-1043 b,Kepler-1043,38.5053398,2.55,21.692,532.0,5629.0,0.9,0.92,-0.07309,903.332
TOI-5777 b,TOI-5777,6.91716177373,3.09551273,21.9209,602.0,4408.03,0.671912,0.658,-0.89438,114.277
HIP 113103 b,HIP 113103,7.610303,1.829,55.7356,721.0,4930.0,0.742,0.761,-0.57629,46.2122
UCAC3 113-933 b,UCAC3 113-933,,12.1,0.0,1.79,3864.0,0.564484,0.61,-1.19385,52.5829
HD 73344 c,HD 73344,65.94,13.5,15.9205,562.57,6148.0,1.22,1.19,0.26184,35.26
Kepler-139 f,Kepler-139,355.0,6.67,,,5630.0,1.045,1.078,0.01598,391.038
TIC 249022743 b,TIC 249022743,2.25719681538,4.79568155,,,5567.58,1.2084,1.0,0.12392,396.46
TIC 260969020 b,TIC 260969020,8.48584501953,2.22686612,,,4572.94,0.68988,0.75,-0.68492,121.222
Kepler-62 e,Kepler-62,122.3874,1.61,1.352,270.0,4925.0,0.64,0.69,-0.678,300.874
HD 105618 c,HD 105618,77114.07158,11.9,0.0012,51.64,5671.0,1.27399,1.01,0.17967,70.0837
HIP 113103 c,HIP 113103,14.245648,2.4,180.487,585.0,4930.0,0.742,0.761,-0.57629,46.2122
Kepler-1053 b,Kepler-1053,2.414351654,0.98,139.818,953.0,4529.0,0.69,0.74,-0.89512,151.129
Kepler-102 d,Kepler-102,10.311767,1.154,36.9,686.0,4909.0,0.724,0.803,-0.58436,107.796
HD 196067 c,HD 196067,4.601088,3.21,,,6072.0,1.71,1.16,0.549,39.9346
GJ 887 d,GJ 887,50.77,2.34,0.81,241.0,3688.0,0.468,0.495,-1.43415,3.28679
Kepler-347 b,Kepler-347,12.79836,1.97,180.549,908.0,6088.0,1.005,0.922,0.34232,1298.88
HD 11112 b,HD 11112,17244.90764,12.6,0.0133,94.51,5905.64,1.47368,1.07,0.37657,44.3804
Kepler-485 b,Kepler-485,3.243259796,14.41,622.014,1243.0,5958.0,1.09,1.07,0.07908,1140.95
TIC 393818343 b,TIC 393818343,16.24921,12.18416202,2.28,805.5,5756.0,1.086,1.082,0.06744,93.7345
Kepler-1032 b,Kepler-1032,3.290117953,1.87,176.144,802.0,4647.0,0.71,0.77,-0.65547,673.01
HD 284149 AB b,HD 284149 A,,12.0,0.0,2395.0,6035.0,1.36,1.13,0.34242,117.807
WASP-132 d,WASP-132,1816.6,12.8,0.0363,107.0,4686.0,0.758,0.789,-0.57512,122.91
K2-157 c,K2-157,25.942,6.08,22.65,587.0,5334.0,0.86,0.89,-0.2102,298.373
KOINTREAU-4 b,2MASS J16262785-2625152,,12.2,,,3252.0,,,,145.434
TIC 390586021 b,TIC 390586021,2.74703755819,2.86009388,,,4434.81,0.726565,0.648,-0.85517,114.558
HD 113337 c,HD 113337,5429.93477,12.1,0.0926,153.36,6774.0,1.5,1.41,0.63246,36.18
HD 94771 b,HD 94771,2164.0,14.2,0.271,200.79,5631.0,1.903,1.2,0.51587,57.7807
TOI-6695 b,TOI-6695,80.389,9.52763359,85.9385,599.0,6400.0,1.517,1.338,0.54033,282.536
Gaia-5 b,Gaia-5,358.62,12.1,,,3447.0,0.345,0.339,-1.82594,41.1813
DMPP-2 d,DMPP-2,16.491,11.6,61.9324,1105.06,6500.0,1.78,1.41,0.1038,137.94
TIC 423703298 b,TIC 423703298,4.03712711976,2.77230429,,,4540.37,0.729825,0.691,-0.73914,136.191
Kepler-335 b,Kepler-335,6.562331,3.39,721.124,1290.0,5877.0,1.854,1.367,0.57766,1278.97
Kepler-1023 b,Kepler-1023,62.1387714,2.63,6.978,524.0,5494.0,0.89,0.93,-0.1926,694.175
TOI-5592 b,TOI-5592,2.6085846,17.14974047,1712.0,1789.0,6237.0,1.393,1.194,0.4216,597.026
HD 122562 c,HD 122562,84.96276,10.1,15.4863,552.02,4956.0,2.16627,1.241,0.407,53.2528
HD 115404 A c,HD 115404 A,15319.22517,12.5,0.0023,61.22,5019.17,0.727007,0.83,-0.5197,10.9816
GJ 1002 c,GJ 1002,21.202,1.1,0.257,181.7,3024.0,0.137,0.12,-2.85201,4.84867
Kepler-932 b,Kepler-932,1.921437396,1.37,562.217,1276.0,5331.0,0.84,0.87,-0.32176,465.612
TOI-6707 b,TOI-6707,3.83479363758,5.72673066,1226.7862,1509.43,6289.49,1.58202,1.14,0.49111,641.467
Kepler-139 e,Kepler-139,2047.635373,13.7,0.0991,154.06,5622.0,1.045,1.078,0.01598,391.038
Kepler-328 c,Kepler-328,71.312,5.4,22.025,475.0,6064.0,1.06,1.15,0.44013,2213.19
TOI-7510 d,TOI-7510,48.864468,10.52,20.6036,542.4,5720.0,1.035,1.063,0.01115,249.006
Kepler-138 d,Kepler-138,23.0923,1.51,3.4,345.0,3841.0,0.535,0.535,-1.25181,66.8624
Kepler-1779 b,Kepler-1779,16.34359932,3.03295685,67.34,730.0,5730.0,1.056,1.008,-0.04999,908.501
Kepler-973 b,Kepler-973,49.6077331,1.96,7.892,402.0,5213.0,0.78,0.86,-0.34416,328.52
TOI-5595 b,TOI-5595,5.99002553853,4.73740402,24.7628,621.0,4417.3,0.743344,0.645,-0.84376,136.955
HD 203387 b,HD 203387,512.5352,13.1,23.0974,610.0,5174.32,10.5852,2.817,1.86,61.7477
TOI-6016 b,TOI-6016,4.023687,13.67495645,940.0,1890.0,6110.0,1.51,1.31,0.4609,364.715
HIP 99770 b,HIP 99770,18600.0,12.2,0.0555,135.17,8000.0,1.93986,1.9,1.14176,40.0765
Kepler-1772 b,Kepler-1772,3.215090036,2.68609988,1485.0,1155.0,5541.0,0.934,0.942,0.47201,871.564
GJ 2126 b,GJ 2126,272.7,13.6,0.2833,203.08,4159.0,0.728,0.65,-0.84527,38.129
TOI-5616 b,TOI-5616,2.002849,10.78,137.0,939.0,3996.0,0.646,0.666,-0.99268,390.415
Kepler-408 b,Kepler-408,2.46502,0.82,1503.581,1561.0,6104.0,1.23,1.08,0.28298,88.7832
Gaia23braL b,Gaia23braL,,13.5,0.0464,129.2,5055.0,1.36181,0.774,0.03781,4330.0
Kepler-10 d,Kepler-10,151.06,3.49,3.9198,387.0,5708.0,1.065,0.91,0.05467,185.506
GJ 3988 b,GJ 3988,6.9442,1.74,2.45,348.0,3273.0,0.19734,0.1842,-2.39513,9.9105
TOI-1408 c,TOI-1408,2.1664,2.22,2005.35,1864.0,6117.0,1.53,1.312,0.47129,139.484
HD 68475 b,HD 68475,7832.0,12.8,0.0068,79.88,5022.0,0.79099,0.83,-0.44562,33.4297
HD 48265 c,HD 48265,10418.0,12.9,0.0355,124.28,5805.0,2.05,1.38,0.58433,90.5446
Kepler-958 b,Kepler-958,9.7678805,2.06,73.59,749.0,5421.0,0.86,0.91,-0.28165,449.773
TOI-5624 d,TOI-5624,13.731468,3.584,157.055,712.6,5327.0,0.82,0.858,-0.31336,101.913
KOI-351 d,KOI-351,59.73667,2.87,18.168,520.0,6080.0,1.2,1.2,0.26853,848.254
Kepler-20 e,Kepler-20,6.0984882,0.821,169.8,1004.0,5495.0,0.9164,0.929,-0.16451,282.563
nu Oct A b,nu Oct A,402.4,13.3,8.5848,477.33,4910.0,5.04,1.57,1.12057,21.1999
TOI-1288 c,TOI-1288,416.0,11.1,0.6114,245.88,5388.0,0.9583,0.9552,-0.1549,114.865
Kepler-104 c,Kepler-104,23.668205,3.13,45.438,668.0,5711.0,1.349,0.818,0.08926,400.785
Kepler-507 b,Kepler-507,3.568096926,1.3,877.327,1407.0,6113.0,1.32,1.16,0.32648,391.644
HN Lib b,HN Lib,36.116,2.2,0.503,234.4,3347.0,0.299,0.291,-1.99542,6.24442
Kepler-49 d,Kepler-49,2.576549,1.6,64.39,717.0,4252.0,0.559,0.549,-1.13077,311.222
HIP 10090 b,HIP 10090,2960.0,13.0,0.1074,163.17,5661.0,1.38268,0.94,0.20641,82.3937
Kepler-346 b,Kepler-346,6.511127,2.66,134.357,1008.0,6033.0,1.021,0.943,-0.15256,984.105
Kepler-265 d,Kepler-265,43.130617,2.49,18.941,554.0,5835.0,1.103,0.97,0.00548,1280.25
Kepler-399 b,Kepler-399,14.425281,0.96,35.63,773.0,5502.0,0.68,0.902,-0.418,740.537
Kepler-110 c,Kepler-110,31.719775,2.21,45.336,743.0,5960.0,1.149,0.989,0.27598,586.531
Kepler-1248 b,Kepler-1248,7.46725407,1.18,271.25,1035.0,6149.0,1.21,1.21,0.276,593.026
Kepler-1269 b,Kepler-1269,37.3331536,1.63,69.004,657.0,5998.0,1.15,1.1,0.5557,1097.23
Kepler-1314 b,Kepler-1314,5.424749281,5.11,36.05,625.0,4188.0,0.59,0.6,-1.89109,141.98685057
Kepler-1870 b,Kepler-1870,3.606940031,2.10143764,287.6,1046.0,5508.0,0.84,0.955,-0.22577,407.216
Kepler-236 b,Kepler-236,8.295611,1.57,15.632,469.0,3750.0,0.51,0.596005,-1.22915,288.763
Kepler-125 c,Kepler-125,5.774464,0.74,16.81,529.0,3810.0,0.512,0.542101,-1.3279,183.365
Kepler-304 d,Kepler-304,9.653471,2.75,33.16,611.0,4731.0,0.687,0.737,-0.6616,434.684
Kepler-326 d,Kepler-326,6.766888,1.21,180.644,781.0,5105.0,0.801,0.91,-0.15657,487.675
Kepler-126 c,Kepler-126,21.869741,1.58,112.128,790.0,6239.0,1.358,1.108,0.452,237.401
Kepler-400 c,Kepler-400,17.340824,1.49,76.86,755.0,5886.0,1.145,1.08,0.152,845.97
Kepler-1089 b,Kepler-1089,5.132485618,1.83,26.266,584.0,3753.0,0.49,0.52,-1.29726,259.328
Kepler-102 f,Kepler-102,27.453592,0.861,10.0,495.0,4909.0,0.724,0.803,-0.58436,107.796
Kepler-1223 b,Kepler-1223,16.301259,1.22,20.51,557.0,4870.0,0.75,0.8,-0.54142,459.957
Kepler-1853 b,Kepler-1853,48.88819885,1.51862272,5.23,386.0,4821.0,0.788,0.765,-0.56217,562.348
Kepler-512 b,Kepler-512,34.43587975,2.69,32.329,652.0,5997.0,1.3,1.17,0.21625,467.375
Kepler-369 b,Kepler-369,2.732756,1.13,40.295,687.0,3591.0,0.471,0.5,-1.42022,214.0
Kepler-305 c,Kepler-305,8.291,3.3,65.1,728.0,5080.0,0.8,0.76,-0.42318,868.477
Kepler-975 c,Kepler-975,5.05821338,10.69,439.8,1168.0,4883.0,1.667,0.951,-0.51184,426.088
Kepler-22 b,Kepler-22,289.863876,2.1,1.013,279.0,5596.0,0.869,0.857,-0.19024,194.642
Kepler-1995 b,Kepler-1995,73.7578875,4.28,4.66,375.0,5029.0,0.93,0.847,-0.55559,595.331
Kepler-1227 b,Kepler-1227,94.2887577,2.29,4.179,369.0,5747.0,0.95,0.97,-0.15834,623.706
Kepler-1272 b,Kepler-1272,51.1309704,2.37,34.433,542.0,5926.0,1.09,1.06,0.37031,1206.37
Kepler-201 c,Kepler-201,151.884058,2.85,6.033,378.0,6065.0,1.229,1.098,0.34816,636.445
Kepler-215 c,Kepler-215,14.667108,1.77,57.694,675.0,5739.0,1.027,0.788,-0.1172,485.997
Kepler-267 c,Kepler-267,6.87745,2.13,17.583,484.0,4258.0,0.555,0.541571,-1.22915,264.993
Kepler-373 c,Kepler-373,16.725948,1.24,103.756,729.0,5787.0,0.845,0.981,0.21244,1090.45
Kepler-54 d,Kepler-54,20.995694,1.53,3.425,328.0,4252.0,0.554,0.518,-1.30103,271.701
Kepler-329 b,Kepler-329,7.416397,1.4,40.689,547.0,4257.0,0.523,0.602,-0.97062,439.719
Kepler-279 d,Kepler-279,54.414,3.1,35.739,574.0,6689.45,1.07,1.1,0.5188,1037.4
HD 219134 c,HD 219134,6.76458,1.511,62.1,782.0,4699.0,0.778,0.81,-0.57741,6.53127
Kepler-1198 b,Kepler-1198,7.6847716,1.47,108.069,830.0,5517.0,0.9,0.93,-0.23165,743.03
Kepler-161 c,Kepler-161,7.06424,2.05,76.201,769.0,5078.0,0.806,0.853,-0.44679,434.632
Kepler-1294 b,Kepler-1294,115.6862258,3.19,12.362,401.0,5776.0,0.97,0.99,0.42138,1855.7
Kepler-1319 b,Kepler-1319,2.886762645,1.34,38.452,557.0,3655.0,0.54,0.56,-1.45739,103.917
Kepler-275 d,Kepler-275,35.676062,3.33,50.7,671.0,6165.0,1.383,1.189,0.44934,2034.25
Kepler-374 b,Kepler-374,1.897806,1.03,2014.661,1761.0,5977.0,0.911,1.033,0.27435,1265.61
Kepler-306 d,Kepler-306,17.326644,2.47,21.983,535.0,4954.0,0.719,0.75,-0.4693,775.679
Kepler-305 e,Kepler-305,3.20538,1.7938153,220.4,1000.0,4974.0,0.827279,0.82,-0.42318,868.477
Kepler-11 f,Kepler-11,46.6888,2.49,19.53,513.0,5663.0,1.065,0.961,0.1202,646.346
Kepler-276 d,Kepler-276,48.648,2.8,11.274,489.0,5693.0,1.03,1.1,-0.08948,1144.86
Kepler-36 c,Kepler-36,16.21865,3.679,191.0,928.0,5979.0,1.634,1.034,0.51005,527.956
Kepler-1251 b,Kepler-1251,45.0904643,1.84,13.78,487.0,5545.0,0.89,0.92,-0.15264,902.204
Kepler-1843 b,Kepler-1843,25.54339981,2.70909809,111.8,772.0,5422.0,1.782,1.02,0.394,784.625
Kepler-1857 b,Kepler-1857,8.94340992,1.96065412,217.4,946.0,6074.0,1.005,0.873,0.2052,853.275
Kepler-190 c,Kepler-190,3.763024,1.46,181.699,948.0,5106.0,0.795,0.834,-0.44055,433.387
Kepler-123 c,Kepler-123,26.695074,1.48,77.399,706.0,6089.0,1.264,1.079,0.40952,1021.66
Kepler-380 c,Kepler-380,7.630004,1.27,333.565,1056.0,6045.0,1.224,0.99,0.2776,813.713
Kepler-283 c,Kepler-283,92.743711,1.82,0.949,240.0,4351.0,0.566,0.596,-0.98297,468.094
KELT-6 c,KELT-6,1276.0,13.0,0.5448,241.9,6272.0,1.529,1.126,0.493,240.726
Kepler-85 b,Kepler-85,8.3,1.778,107.028,809.0,5505.2,0.875,0.928,-0.2123,765.025
Kepler-799 c,Kepler-799,15.19419956,2.78068551,150.25,893.0,5588.0,1.593,1.031,0.349,1509.084
Kepler-1884 b,Kepler-1884,8.988320351,1.81406781,131.92,864.0,5984.0,0.906,0.993,0.27711,1443.09
Kepler-381 b,Kepler-381,5.629021,0.99,716.085,1576.0,6152.0,1.568,1.144,0.5139,267.323
Kepler-84 d,Kepler-84,4.224537,1.38,584.24,1254.0,6031.0,1.169,1.06,0.212,1023.9
Kepler-334 b,Kepler-334,5.470319,1.12,300.982,1090.0,5828.0,1.068,1.022,0.05556,426.59
Kepler-285 c,Kepler-285,6.186676,1.12,137.068,851.0,5411.0,0.808,0.915,-0.27923,824.31
Kepler-1232 b,Kepler-1232,26.7839183,1.93,14.6,523.0,5471.0,0.89,0.92,-0.35931,632.865
Kepler-1858 b,Kepler-1858,88.07160187,2.42168247,2.79,330.0,4939.0,0.819,0.785,-0.45269,833.055
Kepler-204 c,Kepler-204,25.660593,1.79,36.886,683.0,5812.0,1.238,1.038,0.02981,686.723
Kepler-515 b,Kepler-515,19.96371318,1.46,47.97,564.0,5293.0,0.83,0.9,-0.312,255.0
Kepler-221 e,Kepler-221,18.369917,2.63,25.156,582.0,5243.0,0.821,0.854,-0.40429,385.231
Kepler-1877 b,Kepler-1877,2.377569914,0.624086,691.1,1278.0,5615.0,0.936,1.022,-0.07722,285.312
Kepler-350 d,Kepler-350,26.136,2.8,83.237,782.0,6492.3,1.25,1.0,0.42842,956.859
Kepler-58 e,Kepler-58,4.45814897,1.61,511.6,1212.0,6100.0,1.083,1.017,-0.00422,969.252
Kepler-1679 b,Kepler-1679,9.75376,2.0692036,103.3,813.0,5501.0,0.873196,0.96,-0.20132,909.28
Kepler-58 c,Kepler-58,15.5741568,2.86,64.389,799.0,5843.0,1.03,0.95,-0.00422,969.252
Kepler-1844 b,Kepler-1844,3.924510002,3.03648191,314.25,1074.0,5776.0,0.849,0.939,0.22606,1804.36
Kepler-1278 b,Kepler-1278,3.23941344,1.01,1314.67,1213.0,6074.0,1.16,1.11,0.36593,889.426
Kepler-1864 b,Kepler-1864,3.881510019,0.75408365,427.6,1156.0,5854.0,0.979,1.03,0.03004,298.894
Kepler-1324 b,Kepler-1324,4.115844679,1.51,98.414,895.0,4776.0,0.73,0.78,-0.67302,481.667
Kepler-462 c,Kepler-462,207.62,4.0,9.97,453.0,7500.0,1.57,1.59,0.92588,596.625
Kepler-226 d,Kepler-226,8.109044,1.22,103.645,800.0,5571.0,0.802,0.904,-0.23921,980.138
Kepler-221 b,Kepler-221,2.795906,1.71,308.885,1090.0,5243.0,0.821,0.854,-0.40429,385.231
Kepler-245 c,Kepler-245,17.460812,2.18,25.152,568.0,5100.0,0.795,0.856,-0.39579,861.527
Kepler-352 b,Kepler-352,10.05537,0.86,50.389,694.0,5212.0,0.781,0.798,-0.43235,252.733
Kepler-382 c,Kepler-382,12.162701,1.59,124.743,882.0,5600.0,0.945,1.002,0.14553,935.446
Kepler-336 b,Kepler-336,2.024823,1.02,1652.5,1625.0,5867.0,1.304,1.09,0.26,768.86
HD 11755 b,HD 11755,433.70001,12.8,124.3021,903.49,4312.0,20.58,0.72,2.16933,235.045
Kepler-385 c,Kepler-385,15.163161,3.04,83.155,829.0,6326.0,1.126,0.992,0.14374,1432.61
Kepler-267 d,Kepler-267,28.464515,2.27,2.647,301.0,4258.0,0.555,0.541571,-1.22915,264.993
Kepler-384 c,Kepler-384,45.348269,1.13,40.099,531.0,5577.0,0.882,0.882,0.39588,895.678
Kepler-299 e,Kepler-299,38.285489,1.87,20.174,534.0,5617.0,1.032,1.004,-0.04352,1052.24
8 UMi b,8 UMi,93.31,13.5,247.8402,1126.38,4847.0,10.73,1.51,1.72346,162.552
Kepler-1104 b,Kepler-1104,5.03728015,1.23,813.524,1321.0,6417.0,1.41,1.3,0.51439,530.658
Kepler-1987 e,Kepler-1987,8.74292005,1.92,40.33,643.0,4769.0,0.714,0.799,-0.61631,595.683
Kepler-1830 b,Kepler-1830,56.49330139,3.32992941,35.8,681.0,6160.0,2.046,1.443,0.63129,1056.88
Kepler-182 b,Kepler-182,9.825792,2.58,239.787,935.0,6250.0,1.146,1.114,0.34366,1549.09
Kepler-1688 b,Kepler-1688,5.62012,1.26174569,84.01,772.0,4632.11,0.746,0.814,-0.636,567.44687087
Kepler-385 b,Kepler-385,10.043686,2.73,143.919,951.0,6326.0,1.126,0.992,0.14374,1432.61
Kepler-55 f,Kepler-55,10.198545,1.59,25.438,559.0,4503.0,0.619,0.631,-0.76324,578.796
Kepler-339 d,Kepler-339,10.558345,1.17,58.651,796.0,5631.0,0.802,0.87,-0.31322,616.637
Kepler-1669 d,Kepler-1669,4.72941177,1.22,47.3,669.0,4224.0,0.603,0.609,-0.80265,543.444
Kepler-69 c,Kepler-69,242.4613,1.71,2.687,299.0,5638.0,0.93,0.81,-0.097,730.625
HAT-P-57 b,HAT-P-57,2.4653,19.50366,2726.6328,2200.0,6330.0,1.85,2.77,0.80618,279.86
Kepler-1067 c,Kepler-1067,5.425839901,1.74682428,190.8,973.0,5594.0,0.934,0.981,-0.14725,667.693
Kepler-299 d,Kepler-299,15.054786,1.86,69.96,729.0,5617.0,1.032,1.004,-0.04352,1052.24
Kepler-208 c,Kepler-208,7.466623,1.39,300.165,1141.0,6092.0,1.314,1.082,0.30912,775.328
Kepler-530 b,Kepler-530,39.30941904,3.01,14.238,488.0,5697.0,0.89,0.97,-0.13247,457.709
Kepler-354 d,Kepler-354,24.209842,1.24,8.949,451.0,4648.0,0.674,0.652,-0.71394,554.064
Kepler-339 c,Kepler-339,6.988055,1.15,101.841,914.0,5631.0,0.802,0.87,-0.31322,616.637
Kepler-1114 b,Kepler-1114,14.97435694,1.35,39.321,631.0,5374.0,0.83,0.87,-0.29317,418.417
Kepler-114 d,Kepler-114,11.776,2.53,31.016,446.0,4660.0,0.54,0.56,-0.6853,259.533
Kepler-303 c,Kepler-303,7.061149,1.14,25.851,521.0,3944.0,0.485,0.575,-1.0655,209.738
Kepler-1212 b,Kepler-1212,12.94130146,2.14,142.096,795.0,6051.0,1.15,1.1,0.21104,1316.57
Kepler-394 c,Kepler-394,12.130686,1.66,94.528,901.0,6402.0,1.132,0.87,0.05347,1058.72
Kepler-393 c,Kepler-393,14.613612,1.33,231.213,901.0,6189.0,1.382,1.256,0.52394,881.404
Kepler-318 c,Kepler-318,11.815007,3.68,96.513,762.0,5746.0,1.189,1.073,0.00394,489.141
Kepler-1241 b,Kepler-1241,18.5525701,2.63,31.456,612.0,5261.0,0.8,0.84,-0.32438,968.722
Kepler-185 b,Kepler-185,1.6329,1.17,475.507,1237.0,5208.0,0.806,0.763,-0.50448,466.735
Kepler-1283 b,Kepler-1283,12.9460978,1.91,80.34,764.0,6175.0,1.25,1.16,0.92675,2921.99
Kepler-1714 b,Kepler-1714,10.27530003,3.26437302,504.3,1211.0,6150.0,2.086,1.448,0.76008,409.46
Kepler-1331 b,Kepler-1331,0.789161653,1.05,547.294,1244.0,4508.0,0.69,0.72,-0.90934,319.197
Kepler-319 b,Kepler-319,4.362705,1.63,253.665,1023.0,5526.0,0.903,0.933,-0.18116,503.436
Kepler-396 b,Kepler-396,42.994,3.5,13.731,496.0,5656.0,1.06,0.85,-0.13461,223.757
Kepler-1085 c,Kepler-1085,56.7771,3.26817741,11.8,491.0,5816.0,1.0783,1.05,0.07867,1364.53
Kepler-1084 b,Kepler-1084,2.05333679,1.11,1766.593,1737.0,6113.0,1.28,1.12,0.25259,405.533
Kepler-1108 b,Kepler-1108,4.51005748,1.46,206.414,1063.0,5406.0,0.84,0.88,-0.25795,767.701
Kepler-1214 b,Kepler-1214,18.82634264,2.36,23.18,591.0,5130.0,0.8,0.85,-0.41949,729.227
Kepler-155 c,Kepler-155,52.661793,2.24,1.28,286.0,4508.0,0.62,0.635,-1.21,293.499
Kepler-396 c,Kepler-396,88.505,5.3,5.244,390.0,5656.0,1.06,0.85,-0.13461,223.757
Kepler-1369 b,Kepler-1369,25.873148,2.69,37.158,667.0,5761.0,0.99,0.99,-0.01005,1236.56
Kepler-1370 b,Kepler-1370,20.2641684,1.84,132.587,770.0,6202.0,1.29,1.19,0.45795,1004.1
Kepler-252 b,Kepler-252,6.668391,1.23,39.264,587.0,4208.0,0.549,0.61,-0.78566,379.424
Kepler-360 c,Kepler-360,7.186434,2.1,146.5,860.0,6053.0,1.058,0.994,-0.13236,876.044
Kepler-245 e,Kepler-245,3.219821056,1.75,240.151,998.0,5174.0,0.8,0.86,-0.39579,861.527
Kepler-298 d,Kepler-298,77.473633,2.5,1.715,277.0,4465.0,0.582,0.66,-0.73284,518.204
Kepler-324 b,Kepler-324,4.385315,1.14,194.34,935.0,5194.0,0.84,0.901,-0.30825,501.574
Kepler-1796 b,Kepler-1796,29.4557991,2.75047868,30.3,598.0,6036.0,0.949,1.018,0.11795,825.883
Kepler-520 c,Kepler-520,5.21104261,1.07,351.69,1107.0,6112.0,1.09,1.1,0.51032,623.901
Kepler-1244 b,Kepler-1244,3.70428172,1.35,4756.325,1839.0,6680.0,1.77,1.46,1.03224,1075.81
Kepler-169 c,Kepler-169,6.195469,1.21,82.853,776.0,4997.0,0.763,0.825,-0.49611,406.529
Kepler-97 b,Kepler-97,2.58664,1.48,767.964,1328.0,5779.0,0.98,0.94,-0.02505,400.907
Kepler-1336 b,Kepler-1336,23.198681,1.98,103.72,793.0,5512.0,1.3,0.94,0.42052,1126.64
Kepler-88 d,KOI-142,1403.0,13.1,0.1124,158.95,5466.0,0.897,0.99,-0.16507,376.863
Kepler-301 d,Kepler-301,13.751243,1.75,68.931,725.0,5815.0,0.9,1.022,-0.07963,719.166
Kepler-104 d,Kepler-104,51.755394,3.58,16.012,515.0,5711.0,1.349,0.818,0.08926,400.785
Kepler-1192 b,Kepler-1192,25.2034787,2.36,34.742,600.0,5438.0,0.83,0.86,-0.1283,1304.19
Kepler-516 b,Kepler-516,24.85462415,5.74,174.58,1095.0,7099.0,2.02,1.62,0.79832,687.094
Kepler-1851 b,Kepler-1851,12.02289963,3.90012032,85.78,776.0,5982.0,0.879,0.967,0.06007,1589.81
Kepler-212 b,Kepler-212,16.257582,1.09,133.866,830.0,5852.0,1.455,1.166,0.38347,687.194
Kepler-1372 b,Kepler-1372,1.311555568,1.27,2176.358,1655.0,5677.0,0.97,0.98,0.0124,1303.22
Kepler-364 b,Kepler-364,25.745718,1.55,68.71,753.0,6108.0,1.284,1.076,0.35128,891.462
KELT-23 A b,KELT-23 A,2.255251,14.829507,991.183,1561.0,5899.0,0.996,0.944,0.03383,126.261
HD 191939 d,HD 191939,38.353037,2.995,14.3,540.0,5348.0,0.94,0.81,-0.18709,53.6089
HATS-77 b,HATS-77,3.0876262,13.05846252,78.37,828.3,4071.0,0.6428,0.655,-0.99183,436.176
TOI-4479 b,TOI-4479,1.1589,2.82,92.5,861.0,3400.0,0.451,0.452,-1.60432,80.6532
TOI-1752 c,TOI-1752,32.71443,2.29,1.6973,291.0,3762.0,0.53,0.524,-1.29671,103.021
Kepler-1705 c,Kepler-1705,11.28,2.05,,,6312.0,1.259,1.139,0.35411,1633.49
TOI-1753 b,TOI-1753,5.3846104,2.47852533,237.996,1005.43,5621.0,0.9715,0.9483,-0.06956,226.671
TOI-2274 b,TOI-2274,2.67963,2.45,83.7078,771.46,3943.0,0.631,0.612,-1.06233,48.876
Kepler-43 b,Kepler-43,3.0240949,13.663771,1138.115,1620.0,6041.0,1.42,1.32,0.326,1005.84
Kepler-858 b,Kepler-858,76.13602028,4.87,6.338,399.0,5653.0,0.91,0.96,-0.1131,298.532
TOI-3023 b,TOI-3023,3.9014971,16.43236571,1084.0,1596.0,5760.0,1.668,1.12,0.44404,389.916
Kepler-1752 b,Kepler-1752,56.35850143,4.54060463,7.29,419.0,5446.0,0.821,0.824,-0.39819,962.888
Kepler-1408 b,Kepler-1408,2.99793191,0.89,1982.268,1616.0,6170.0,1.35,1.21,0.57889,535.048
HIP 54373 b,HIP 54373,7.76,2.87,15.0984,580.66,4021.0,0.564998,0.57,-1.22239,18.7168
Teegarden's Star b,Teegarden's Star,4.90634,1.05,1.08,277.0,3034.0,0.12,0.097,-3.14146,3.83078
BD+60 1417 b,BD+60 1417,,14.68376472,0.0,1303.0,4993.0,0.797,1.0,0.35595,44.9543
TOI-1227 b,TOI-1227,27.36397,9.57246952,3.21,243.77,3072.0,0.56,0.17,-2.60033,100.641
CoRoT-7 d,CoRoT-7,8.966,4.31,,,5250.0,0.8389,0.915,-0.28938,159.906
TOI-1758 b,TOI-1758,20.705074685,3.62,21.05,551.44,5169.0,0.81,0.88,-0.37263,96.6215
TOI-2567 b,TOI-2567,5.983944,10.92875618,558.0,1352.0,5611.0,1.686,1.13,0.40483,504.775
Kepler-1410 b,Kepler-1410,60.866168,1.78,1.06,290.0,4092.0,0.6,0.63,-1.158,367.0
HD 24085 b,HD 24085,2.0455,3.46,2061.4187,1875.43,6034.0,1.412551,1.22,0.37712,54.9004
WASP-87 b,WASP-87,1.682795,15.524465,4170.0965,2049.54,6450.0,1.627,1.204,0.53683,298.392
TOI-163 b,TOI-163,4.231306,16.690201,1489.1126,1669.0,6495.0,1.648,1.4352,0.63649,411.719
K2-315 b,K2-315,3.1443189,0.95,7.45,460.0,3300.0,0.196,0.174,-2.38722,56.9686
HD 216520 b,HD 216520,35.45,3.18,9.0089,482.1,5103.0,0.76,0.82,-0.452,19.552
TOI-1775 b,TOI-1775,10.2405549,8.04728896,55.4426,707.89,5284.0,0.8288,0.9218,-0.31605,149.234
Kepler-296 c,Kepler-296,5.8416366,2.0,14.8,606.0,3740.0,0.48,0.498,-1.50864,167.0
WASP-187 b,WASP-187,5.147878,18.38276,1594.76,1760.0,6150.0,2.83,1.54,0.96727,371.414
HD 161178 b,HD 161178,279.3,14.1,78.0069,828.33,4786.0,10.95,1.06,1.75097,107.188
GJ 514 b,GJ 514,140.43,2.13,0.28,202.0,3728.0,0.5,0.51,-1.36653,7.61778
HD 77946 b,HD 77946,6.527363,2.89646124,413.1008,1128.86,6007.0,1.3174,1.1973,0.30878,99.451
TOI-2345 c,TOI-2345,21.064302,2.451,14.57,544.0,4687.0,0.729,0.727,-0.63639,81.6541
Kepler-876 b,Kepler-876,5.14438011,1.43,152.746,923.0,5060.0,0.77,0.81,-0.33828,820.913
Kepler-1894 c,Kepler-1894,5.05368985,1.21,243.06,1007.0,5772.0,0.901,0.999,-0.26976,935.191
HD 233832 b,HD 233832,2058.0,13.5,0.0376,117.8,4981.0,0.68,0.71,-0.52273,58.742
GJ 687 c,GJ 687,727.562,4.14,0.0157,98.62,3413.0,0.4183,0.4,-1.672,4.54939
HIP 5763 b,HIP 5763,30.014,14.2,6.2967,440.9,4352.0,0.750378,0.72,-0.73999,31.9043
TOI-712 b,TOI-712,9.531361,2.049,22.6,650.0,4622.0,0.674,0.732,-0.72793,58.6212
TOI-1782.01,TOI-1782,4.987641028,2.368,56.25,697.84,4336.0,0.669,0.68,-0.84649,95.2649
TOI-2092 b,TOI-2092,4.30325528074,2.94892961,195.793,1042.0,5842.06,1.0519,0.956,-0.04981,176.759
Kepler-303 b,Kepler-303,1.937055,0.89,145.436,802.0,3944.0,0.485,0.575,-1.0655,209.738
Kepler-271 c,Kepler-271,7.41086267,0.95,119.631,850.0,5555.0,0.87,0.9,-0.25319,404.542
KOI-142 b,KOI-142,10.91647,3.438,68.563,758.0,5466.0,0.897,0.99,-0.16507,376.863
Qatar-6 b,Qatar-6,3.506195,11.903958,174.9015,1006.0,5052.0,0.722,0.822,-0.51428,100.848
GJ 9066 c,GJ 9066,771.36,9.6,0.0033,65.66,3154.0,0.164,0.15,-2.59517,4.471
K2-400 b,K2-400,3.865053,1.163,,,3578.0,0.382,0.374,-1.74791,62.3804
TOI-2094 b,TOI-2094,18.793193,1.9,0.98,276.0,3435.0,0.384,0.425,-1.74473,50.0248
TOI-2714 b,TOI-2714,2.499387,13.72,945.55,1603.0,5665.0,1.25,1.07,0.16017,597.873
HD 164922 d,HD 164922,12.458,1.83,66.9243,787.68,5390.0,0.946,0.926,-0.14874,22.0016
2MASS J01033563-5515561 AB b,2MASS J01033563-5515561 A,,12.3,,,,,0.19,,47.2
TOI-2382 b,TOI-2382,4.6612061,12.25141591,689.0,1426.0,6033.0,1.417,1.26,0.37967,434.92
Kepler-402 b,Kepler-402,4.028751,1.22,619.844,1311.0,6090.0,1.264,1.072,0.2035,625.339
EPIC 201841433 b,EPIC 201841433,4.1698,1.04,189.3706,1032.49,5053.0,0.628461,0.802,-0.63455,436.488
USco1621 b,USco1621 A,,12.2,0.0,2270.0,3460.0,0.710071,0.36,-1.02,137.901
K2-318 b,K2-318,7.01,1.66,6.368,456.0,3851.0,0.552,0.561,-1.27696,147.866
K2-405 b,K2-405,3.435471,4.569,146.577,969.0,4927.0,0.765,1.034,-0.48798,197.234
TOI-784 b,HD 307842,2.7970365,1.93,413.894,1256.0,5558.0,0.907,0.91,-0.19034,64.5997
TOI-1814 b,TOI-1814,6.36861010462,5.18536642,216.0619,977.83,4872.84,2.3895,,0.463,362.522
Kepler-1419 b,Kepler-1419,42.5215895,2.86,21.243,510.0,5796.0,1.01,1.01,0.04229,1498.58
EPIC 206215704 b,EPIC 206215704,2.255436,1.0,,,3297.0,0.25,0.407,-2.08843,109.888
Kepler-848 b,Kepler-848,6.91134416,1.7,794.778,1086.0,5695.0,1.2,1.01,0.59369,1378.47
Kepler-819 b,Kepler-819,33.1995648,2.76,9.913,485.0,5279.0,0.81,0.86,-0.39773,664.306
TOI-799 b,TOI-799,5.54519139676,2.06631784,199.6326,958.69,5662.81,0.915519,1.0,-0.12179,158.526
K2-146 c,K2-146,4.00498,2.19,14.028,518.53,3385.0,0.33,0.331,-1.82391,79.3002
K2-324 b,K2-324,3.262,2.43,42.3931,707.0,3752.0,0.505,0.517,-1.33305,136.667
Kepler-822 b,Kepler-822,3.222969273,1.77,535.188,1239.0,5928.0,1.08,1.06,-0.00495,860.391
TOI-1181 b,TOI-1181,2.103189,17.02644168,14140.0,1942.12,6054.0,1.961,1.467,0.64246,302.819
TOI-808 b,TOI-808,9.73944854026,2.20344362,60.3881,710.98,5078.2,0.833198,0.87,-0.35523,98.1848
TOI-815 b,TOI-815,11.197259,2.94,36.9,686.0,4869.0,0.77,0.776,-0.50459,59.7117
TOI-2141 b,TOI-2141,18.261608,3.147,47.3,728.0,5635.0,0.95,0.896,-0.05,77.682
TOI-2447 b,TOI-2447,69.33684,9.60609646,44.5933,414.0,5730.0,1.006,1.034,0.04891,148.987
TOI-2818 b,TOI-2818,4.039709,15.27784069,598.0,1376.0,5721.0,1.229,0.977,0.16435,312.674
Kepler-1371 c,Kepler-1371,2.00541269,0.64,853.269,1216.0,5361.0,0.83,0.87,-0.19829,515.334
EPIC 212587672 b,EPIC 212587672,15.28078,1.26,,756.0,6004.0,0.98,0.99,0.03848,320.07
Kepler-843 b,Kepler-843,2.053879821,2.59,890.333,1523.0,5830.0,1.03,1.02,-0.04723,1165.66
K2-408 b,K2-408,20.978959,1.677,,,5335.0,0.784,0.813,-0.33037,162.306
TOI-1516 b,TOI-1516,2.056014,15.24421375,1899.83,1839.0,6520.0,1.14,1.14,0.39065,247.054
TOI-2458 b,TOI-2458,3.73659,2.83,865.0,1509.4,6005.0,1.31,1.05,0.34128,112.958
Kepler-1423 b,Kepler-1423,23.955378,1.06,71.16,741.0,4939.0,0.75,0.79,-0.52,449.0
HATS-57 b,HATS-57,2.350621,12.767051,570.233,1413.4,5587.0,0.96,1.026,-0.0942,279.485
HATS-56 b,HATS-56,4.324799,18.920792,1080.87,1902.0,6536.0,2.201,1.573,0.89763,564.409
TOI-763 b,TOI-763,5.6057,2.28,182.935,1038.0,5450.0,0.897,0.917,-0.15377,95.1274
K2-409 b,K2-409,1.908084,2.482,,,5742.0,1.228,0.886,0.17248,431.031
TOI-1722 b,TOI-1722,9.60523206943,4.38298108,136.86,952.0,5999.55,1.09414,1.162,0.18466,136.419
TOI-1873 b,TOI-1873,7.00572708834,2.86356397,171.8936,923.5,5597.99,0.971675,1.015,-0.04707,182.014
TOI-2158 b,TOI-2158,8.60077,10.76062147,81.4989,1188.0,5673.0,1.41,1.12,0.2308,198.473
Kepler-1888 b,Kepler-1888,11.39169979,1.32578716,145.67,886.0,5557.0,1.249,0.897,0.37424,402.947
Kepler-1901 b,Kepler-1901,3.484129906,1.47418907,389.41,1132.0,5696.0,0.921,1.022,-0.00315,1028.37
GJ 433 c,GJ 433,5094.105,6.27,0.0009,53.76,3461.0,0.5,0.48,-1.69897,9.06456
K2-374 c,K2-374,16.43445,2.213,,,5789.0,0.907,0.731,-0.05943,359.439
TOI-1860 b,TOI-1860,1.0662107,1.31,876.703,1885.0,5752.0,0.94,0.99,-0.09475,45.864
TOI-1723 b,TOI-1723,13.727012643,3.435,92.36,782.98,5777.0,1.09,1.04,0.06446,100.727
TOI-1937 A b,TOI-1937 A,0.94667944,13.97759893,3230.0,2097.0,5814.0,1.08,1.072,0.0799,415.135
Kepler-292 f,Kepler-292,20.834237,2.35,24.325,563.0,5299.0,0.826,0.865,-0.33691,1056.48
Kepler-1395 b,Kepler-1395,3.78470649,0.8,730.531,1311.0,6138.0,1.23,1.17,0.27693,492.894
Kepler-1905 b,Kepler-1905,3.42392993,1.4460734,508.75,1212.0,5788.0,1.015,1.038,-0.02528,1051.53
Kepler-65 e,Kepler-65,258.8,13.9,4.0231,389.08,6220.0,1.437,1.248,0.4674,303.728
GJ 682 b,GJ 682,17.478,1.93,0.3125,281.93,3028.0,0.298255,0.27,-2.69897,5.00671
TOI-132 b,TOI-132,2.1097019,3.42,860.0,1395.0,5397.0,0.9,0.97,-0.22185,163.678
TOI-2000 c,TOI-2000,9.127055,8.14,149.0,1038.0,5611.0,1.134,1.082,0.05956,175.713
TOI-2000 b,TOI-2000,3.09833,2.7,628.0,1488.0,5611.0,1.134,1.082,0.05956,175.713
TOI-2194 b,TOI-2194,15.337597,1.9892,14.2526,590.88,4756.0,0.6909,0.74,-0.68955,19.5711
TOI-2498 b,TOI-2498,3.738252,6.06,790.4759,1443.0,5905.0,1.26,1.12,0.27089,275.265
Kepler-102 e,Kepler-102,16.1456994,2.17,20.3,590.0,4909.0,0.724,0.803,-0.58436,107.796
HD 2685 b,HD 2685,4.12688,16.14096,1436.49,2061.0,6801.0,1.56,1.43,0.66839,196.852
Kepler-95 b,Kepler-95,11.5231,3.42,178.832,927.0,5699.0,1.41,1.08,0.28105,445.656
Wendelstein-2 b,Wendelstein-2,1.7522239,12.9934728,282.3101,2470.0,4591.0,0.66,0.73,-0.83411,565.541
K2-384 b,K2-384,2.231527,1.076,,,3623.0,0.348,0.33,-1.86986,82.6603
HD 174205 b,HD 174205,582.0,13.0,82.699,821.72,4308.0,26.6,1.8,2.3784,234.027
Kepler-430 c,Kepler-430,110.979,1.75,9.096,458.0,5884.0,1.485,1.166,0.31207,917.477
Kepler-1656 b,Kepler-1656,31.562,4.574,24.6,651.0,5569.0,1.1,1.03,0.02083,185.875
Kepler-647 c,Kepler-647,29.6663,4.00135002,69.0,644.0,5906.74,1.54571,1.07,0.41834,1087.87
Kepler-210 b,Kepler-210,2.453234,2.94,122.139,737.0,4559.0,0.65,0.77,-0.79874,232.75
OGLE-2006-BLG-109L c,OGLE-2006-BLG-109L,4927.5,11.1,,59.0,,,0.51,,1510.0
KMT-2016-BLG-1397L b,KMT-2016-BLG-1397L,,12.7,,,,,0.45,,6600.0
KMT-2019-BLG-0253L b,KMT-2019-BLG-0253L,,2.99,,,,,0.7,,4900.0
KMT-2023-BLG-0548L b,KMT-2023-BLG-0548L,,13.1,,,,,0.72,,6830.0
Kepler-1963 b,Kepler-1963,1.962260008,0.74437023,612.3,1448.0,5726.0,0.979,0.915,-0.2592,492.847
Kepler-1517 b,Kepler-1517,5.546083665,9.76,1526.983,2336.0,7010.0,1.95,1.58,0.87873,847.299
Kepler-1711 b,Kepler-1711,21.06080055,1.923,47.39,669.0,5706.0,1.034,0.94,0.00966,590.268
MOA-2010-BLG-328L b,MOA-2010-BLG-328L,,2.99,,,,,0.11,,810.0
MOA-2011-BLG-291L b,MOA-2011-BLG-291L,,4.43,,,,,0.15,,4400.0
KMT-2018-BLG-1743L b,KMT-2018-BLG-1743L,,10.5,,,,,0.193,,6483.0
OGLE-2018-BLG-0516L b,OGLE-2018-BLG-0516L,,4.73,,,,,0.47,,7000.0
KMT-2023-BLG-0949L b,KMT-2023-BLG-0949L,,12.8,,,,,0.48,,6060.0
KMT-2024-BLG-2059L b,KMT-2024-BLG-2059L,,2.54,,,,,0.51,,6070.0
Kepler-146 b,Kepler-146,31.158799,3.71,32.89,639.0,5948.0,1.208,1.079,0.14794,716.797
Kepler-1468 d,Kepler-1468,19.59059906,3.33187146,52.77,819.0,5794.0,1.496,1.072,0.53118,1899.24
Kepler-348 c,Kepler-348,17.265427,1.33,133.259,888.0,6177.0,1.359,1.189,0.4331,570.783
Kepler-1641 c,Kepler-1641,32.657212,2.95,42.145,767.0,6152.0,1.19,1.12,0.13083,860.37
Kepler-1641 b,Kepler-1641,19.672266,3.11,82.828,908.0,6152.0,1.19,1.12,0.13083,860.37
Kepler-39 b,Kepler-39,21.08721,13.9,90.22,897.0,6350.0,1.4,1.29,0.34593,1057.41
Kepler-174 c,Kepler-174,44.000529,1.49,5.296,377.0,4880.0,0.622,0.602,-0.5704,384.757
KMT-2023-BLG-1642L b,KMT-2023-BLG-1642L,,13.8,,,,,0.17,,6980.0
Kepler-1468 b,Kepler-1468,8.23984869,1.73,481.352,1093.0,5893.0,1.05,1.04,0.53118,1899.24
Kepler-203 b,Kepler-203,3.162697,2.57,668.215,1308.0,5821.0,1.114,1.06,0.0937,703.302
Kepler-152 b,Kepler-152,18.207973,2.79,21.084,551.0,5088.0,0.724,0.779,-0.46488,441.09
OGLE-2015-BLG-0966L b,OGLE-2015-BLG-0966L,,4.86,,,,,0.38,,3300.0
MOA-2011-BLG-028L b,MOA-2011-BLG-028L,,5.99,,,,,0.75,,7380.0
OGLE-2018-BLG-0383L b,OGLE-2018-BLG-0383L,,2.41,,,,,0.1,,7700.0
KMT-2021-BLG-1391L b,KMT-2021-BLG-1391L,,1.97,,,,,0.37,,5720.0
Kepler-195 c,Kepler-195,34.096863,1.55,11.281,469.0,5329.0,0.775,0.867,-0.36708,652.051
Kepler-880 c,Kepler-880,11.8061737,2.87,926.72,1407.0,6900.0,2.599,1.714,0.66603,601.324
Kepler-608 b,Kepler-608,6.412515037,3.64,270.162,1069.0,5820.0,1.01,1.0,0.04113,946.683
Kepler-1704 b,Kepler-1704,988.88112,11.94877343,0.342,253.8,5746.0,1.697,1.132,0.45179,835.455
Kepler-561 c,Kepler-561,5.350161983,2.68,183.166,989.0,5646.0,0.94,0.96,-0.17974,621.378
OGLE-2015-BLG-0051L b,OGLE-2015-BLG-0051L,,14.0,,,,,0.1,,8200.0
OGLE-2018-BLG-0740L b,OGLE-2018-BLG-0740L,5480.0,12.9,,,5912.0,,1.0,,3200.0
OGLE-2017-BLG-1099L b,OGLE-2017-BLG-1099L,,13.1,,,,,0.45,,7250.0
KMT-2021-BLG-0748L b,KMT-2021-BLG-0748L,,14.3,,,,,0.36,,6090.0
TOI-2267 d,TOI-2267 B,2.0344671,1.77,5.3,422.0,3022.0,0.13,0.0989,-2.95861,22.55
Kepler-1719 b,Kepler-1719,6.149559975,3.95000623,686.9,1287.0,5687.0,1.775,1.08,0.52557,905.406
Kepler-1254 c,Kepler-1254,3.60084276,1.3,132.391,927.0,4985.0,0.75,0.78,-0.57202,622.818
Kepler-639 b,Kepler-639,10.21420496,2.38,295.826,957.0,5896.0,1.29,1.14,0.48255,850.242
KMT-2016-BLG-0212L b,KMT-2016-BLG-0212L,,12.2,,,,,0.48,,6300.0
KMT-2019-BLG-1552L b,KMT-2019-BLG-1552L,,13.0,,,,,0.79,,4600.0
KMT-2024-BLG-0349L b,KMT-2024-BLG-0349L,,12.4,,,,,0.68,,5750.0
Kepler-208 d,Kepler-208,11.131786,1.2,176.283,999.0,6092.0,1.314,1.082,0.30912,775.328
Kepler-171 b,Kepler-171,4.166972,2.34,304.178,1053.0,5642.0,0.839,0.978,-0.07917,863.855
Kepler-1525 b,Kepler-1525,2.416601183,0.91,715.106,1343.0,5748.0,1.04,1.07,-0.0112,382.989
Kepler-1645 b,Kepler-1645,16.1779561,1.78,138.538,754.0,5812.0,1.02,1.02,0.33586,1202.47
KMT-2018-BLG-1990L b,KMT-2018-BLG-1990L,,12.9,,,,,0.094,,967.0
KMT-2018-BLG-0247L b,KMT-2018-BLG-0247L,,13.4,,,,,0.29,,6760.0
Kepler-30 d,Kepler-30,143.34394,8.8,1.962,308.0,5498.0,0.95,0.99,-0.23658,914.221
PSR B1257+12 d,PSR B1257+12,98.2114,1.8,,,,,1.4,,600.0
OGLE-2016-BLG-0263L b,OGLE-2016-BLG-0263L,,13.0,,,,,0.13,,6500.0
OGLE-2012-BLG-0026L c,OGLE-2012-BLG-0026L,,13.9,,,,,1.06,,4019.0
KMT-2018-BLG-2602L b,KMT-2018-BLG-2602L,,13.7,,,,,0.66,,4310.0
KMT-2016-BLG-1337L b,KMT-2016-BLG-1337L,,11.4,,,,,0.54,,6920.0
Kepler-220 d,Kepler-220,28.122397,0.98,8.208,401.0,4632.0,0.666,0.729,-0.67594,171.109
Kepler-1949 b,Kepler-1949,2.208280087,2.21964541,2016.25,1709.0,6028.0,1.454,1.194,0.7131,2617.35
Kepler-695 b,Kepler-695,3.040330424,9.21,499.064,1021.0,5181.0,0.8,0.84,-0.15936,842.947
Kepler-529 d,Kepler-529,35.86619949,2.79502603,37.92,633.0,6078.0,1.189,1.005,0.241,799.008
OGLE-2005-BLG-390L b,OGLE-2005-BLG-390L,3285.0,2.21,,50.0,,,0.22,,6600.0
Kepler-220 b,Kepler-220,4.159807,0.81,105.001,759.0,4632.0,0.666,0.729,-0.67594,171.109
Kepler-1993 b,Kepler-1993,26.6565737,4.15,157.45,903.0,5159.0,3.062,1.373,0.778,1031.91
Kepler-154 e,Kepler-154,3.93276465,1.5,480.405,1140.0,5769.0,0.98,0.98,0.03322,915.212
MOA-2009-BLG-387L b,MOA-2009-BLG-387L,1980.0,13.2,,,,,0.19,,5690.0
OGLE-2018-BLG-1647L b,OGLE-2018-BLG-1647L,,13.8,,,,,0.092,,7880.0
Kepler-154 c,Kepler-154,62.303276,2.95,12.071,454.0,5690.0,1.001,0.933,0.03322,915.212
Kepler-390 c,Kepler-390,13.060022,0.79,41.351,630.0,5166.0,0.776,0.787,-0.352,435.277
Kepler-967 c,Kepler-967,198.7112502,3.65,1.05,258.0,5178.0,0.8,0.84,-0.71759,568.546
Kepler-248 c,Kepler-248,16.239494,4.07,22.459,598.0,5190.0,0.831,0.838,-0.41834,738.792
Kepler-648 b,Kepler-648,17.4211749,3.22,47.336,674.0,5741.0,0.98,1.05,-0.05328,636.03
OGLE-2017-BLG-0406L b,OGLE-2017-BLG-0406L,,14.2,,,,,0.56,,5200.0
OGLE-2018-BLG-1367L b,OGLE-2018-BLG-1367L,,13.8,,,,,0.28,,5370.0
OGLE-2018-BLG-0932L b,OGLE-2018-BLG-0932L,,13.9,,,,,0.72,,6620.0
OGLE-2017-BLG-0364L b,OGLE-2017-BLG-0364L,,10.3,,,,,0.49,,7860.0
Kepler-1814 c,Kepler-1814,0.626281766,1.76,2011.27,1711.0,4922.0,0.823,0.79,-0.50574,726.346
Kepler-1588 b,Kepler-1588,7.84931739,0.76,359.79,925.0,5817.0,0.99,0.96,0.3203,924.141
Kepler-436 b,Kepler-436,64.00205,2.73,1.69,322.0,4651.0,0.697,0.729,-0.701,588.867
KOI-3503 c,KOI-3503,31.828,1.21,52.5,686.0,6001.0,1.255,0.858,0.30005,887.064
Kepler-1491 c,Kepler-1491,61.569765,2.44,18.66,530.0,5626.0,1.389,0.991,0.35471,2065.59
Kepler-158 c,Kepler-158,28.551383,1.9,6.677,418.0,4623.0,0.624,0.655,-0.75667,315.177
MOA-2011-BLG-293L b,MOA-2011-BLG-293L,3000.0,12.9,,,,,0.86,,7720.0
OGLE-2017-BLG-0173L b,OGLE-2017-BLG-0173L,,1.62,,,,,0.396,,4705.0
OGLE-2018-BLG-1269L b,OGLE-2018-BLG-1269L,,14.1,,,,,1.11,,2510.0
KMT-2021-BLG-0119L b,KMT-2021-BLG-0119L,,12.8,,,,,0.56,,3130.0
Kepler-968 c,Kepler-968,5.709404918,1.69,58.15,644.0,4598.0,0.7,0.76,-0.7626,290.324
Kepler-28 b,Kepler-28,5.91,1.959,62.577,585.0,4499.3,0.664,0.684,-0.74494,438.359
MOA-2008-BLG-379L b,MOA-2008-BLG-379L,,13.0,,,,,0.56,,3300.0
MOA-2022-BLG-091L b,MOA-2022-BLG-091L,,13.0,,,,,0.75,,4250.0
KMT-2023-BLG-2209L b,KMT-2023-BLG-2209L,,13.9,,,,,0.73,,5570.0
Kepler-1533 b,Kepler-1533,308.5471,3.46,4.786,330.0,6431.0,1.51,1.31,0.66241,966.801
Kepler-558 b,Kepler-558,29.00790538,2.37,15.227,498.0,5242.0,0.81,0.85,-0.38422,661.876
Kepler-177 c,Kepler-177,49.40926,8.73,25.4,497.0,5732.0,1.324,0.921,0.24,1435.44
OGLE-2014-BLG-1722L b,OGLE-2014-BLG-1722L,,8.59,,,,,0.4,,6400.0
OGLE-2015-BLG-1609L b,OGLE-2015-BLG-1609L,,10.4,,,,,0.17,,3300.0
Kepler-690 b,Kepler-690,7.748094374,5.95,225.701,964.0,5913.0,1.16,1.11,0.14056,1665.31
KMT-2025-BLG-1160L b,KMT-2025-BLG-1160L,,5.43,,,,,0.58,,6580.0
Kepler-46 b,Kepler-46,33.60134,9.057,10.9,543.0,5155.0,0.938,0.902,-0.255,777.06
Kepler-188 c,Kepler-188,5.996553,3.19,257.348,1025.0,6021.0,1.141,1.021,0.03447,968.544
Kepler-586 b,Kepler-586,2.104722184,2.79,705.051,1365.0,5575.0,0.92,0.94,-0.14099,693.766
Kepler-245 d,Kepler-245,36.277108,3.03,9.492,445.0,5100.0,0.795,0.856,-0.39579,861.527
OGLE-2013-BLG-0341L B b,OGLE-2013-BLG-0341L B,,1.16,,,,,0.1127,,911.0
KMT-2018-BLG-1976L b,KMT-2018-BLG-1976L,,13.3,,,,,0.65,,5840.0
KMT-2017-BLG-0428L b,KMT-2017-BLG-0428L,,2.23,,,,,0.34,,5400.0
KMT-2019-BLG-1806L b,KMT-2019-BLG-1806L,,2.0,,,,,0.74,,6640.0
OGLE-2014-BLG-0124L b,OGLE-2014-BLG-0124L,,14.1,,,,,0.9,,3500.0
Kepler-1616 b,Kepler-1616,6.76284377,1.02,724.861,1337.0,6266.0,1.34,1.21,0.63778,1137.81
Kepler-362 b,Kepler-362,10.327186,0.88,207.336,838.0,5788.0,0.722,0.904,0.20872,1090.51
Kepler-612 b,Kepler-612,3.722156413,2.84,997.089,1046.0,5693.0,0.96,0.98,0.30512,1445.53
Kepler-81 c,Kepler-81,12.04,2.37,15.62,502.0,4385.0,0.59,0.64,-0.88941,348.291
OGLE-2013-BLG-1761L b,OGLE-2013-BLG-1761L,,13.2,,,,,0.33,,6900.0
KMT-2016-BLG-1105L b,KMT-2016-BLG-1105L,,1.33,,,,,0.41,,5080.0
TOI-5573 b,TOI-5573,8.79758977,9.75,12.92,528.0,3790.0,0.594,0.619,-1.15927,186.562
Kepler-1144 b,Kepler-1144,17.14647302,1.99,62.061,811.0,5753.0,0.96,0.98,0.05604,1140.57
Kepler-172 e,Kepler-172,35.118736,2.76,23.431,550.0,5526.0,1.085,1.081,-0.03187,828.592
Kepler-694 b,Kepler-694,6.365841612,2.8,206.438,914.0,5700.0,0.95,0.97,-0.07753,1023.06
K2-108 b,K2-108,4.733999,5.33,762.0,1360.0,5599.0,1.76,1.17,0.40539,477.295
TOI-201 d,TOI-201,5.84889,1.39,389.669,1237.0,6423.0,1.31,1.32,0.41664,113.825
Kepler-373 b,Kepler-373,5.535309,1.36,453.872,1054.0,5787.0,0.845,0.981,0.21244,1090.45
Kepler-377 c,Kepler-377,27.014976,2.06,49.855,677.0,5949.0,1.224,1.043,0.21756,823.804
Kepler-444 d,Kepler-444,6.189392,0.53,109.638,783.0,5046.0,0.752,0.758,-0.42455,36.4396
Kepler-1649 b,Kepler-1649,8.689099,1.017,2.208,307.0,3240.0,0.2317,0.1977,-2.28735,92.1913
Kepler-179 c,Kepler-179,6.40013,2.0,115.983,810.0,5302.0,0.759,0.893,-0.27765,605.68
K2-179 b,K2-179,5.172191,2.51267885,,,5015.0,0.768067,0.824345,-0.52287,190.81
Kepler-219 d,Kepler-219,47.903645,2.81,20.01,598.0,5786.0,1.491,1.164,0.2139,787.07
Kepler-50 b,Kepler-50,7.81254,1.71,494.705,1196.0,6225.0,1.58,1.24,0.53582,250.11
Kepler-1787 b,Kepler-1787,39.31370163,2.31898181,20.04,540.0,6060.0,0.925,1.008,-0.0984,778.602
Kepler-1542 b,Kepler-1542,3.95116882,0.76,518.437,1160.0,5564.0,0.99,0.94,0.07026,399.114
Kepler-1444 b,Kepler-1444,33.42035034,2.18,25.942,581.0,5810.0,1.05,1.03,0.02131,319.675
Kepler-1997 b,Kepler-1997,26.7575866,2.28,44.86,660.0,6215.0,1.052,1.111,0.13162,1502.34
Kepler-241 b,Kepler-241,12.718092,2.33,23.6,562.0,4699.0,0.668,0.671,-0.60729,512.0
Kepler-1624 b,Kepler-1624,3.290314,6.59,6.01,540.0,3768.0,0.552,0.541,-1.32262,258.979
K2-168 b,K2-168,15.8523,1.86,,766.35,5502.7,0.83,0.877,-0.17649,243.935
K2-119 b,K2-119,7.727283,2.53,54.9,666.0,4740.0,0.71,0.76,-0.68533,365.581
Kepler-730 c,Kepler-730,2.85188338,1.56926,903.77,1607.0,5620.0,1.411,1.047,0.23596,1935.04
TOI-5319 b,TOI-5319,4.07853,2.83,38.7885,695.0,3580.0,0.485,0.5,-1.45905,61.171
HD 80883 b,HD 80883,6383.78352,12.8,0.0103,88.66,5177.91,0.814842,0.88,-0.36654,34.6011
Kepler-1585 b,Kepler-1585,3.5827463,1.79,182.941,1064.0,5538.0,0.91,0.94,-0.43354,944.465
Kepler-1961 b,Kepler-1961,5.604710102,1.6187808,132.98,866.0,5401.0,0.777,0.871,-0.27557,1042.45
Kepler-1446 b,Kepler-1446,0.689967832,0.82,1213.333,1539.0,4865.0,0.75,0.81,-0.65135,152.075
Kepler-342 c,Kepler-342,26.234138,1.96,77.29,754.0,6175.0,1.472,1.213,0.45345,781.611
K2-121 b,K2-121,5.185738,7.16,62.5,716.0,4526.0,0.675,0.71,-0.74531,169.398
Kepler-279 e,Kepler-279,98.3531,4.13,21.96,552.0,6689.45,1.43,1.164,0.5188,1037.4
KOI-3680 b,KOI-3680,141.241671,11.09691,3.3,347.0,5830.0,0.96,1.01,0.06783,921.986
Kepler-1638 b,Kepler-1638,259.33683,1.87,2.76,304.0,5710.0,0.95,0.97,-0.114,1525.52
K2-146 b,K2-146,2.6446,2.05,20.7,534.0,3385.0,0.33,0.331,-1.82391,79.3002
Kepler-677 b,Kepler-677,6.57531678,5.38,683.274,1015.0,5723.0,0.99,1.0,0.38964,1954.08
TOI-5344 b,TOI-5344,3.792622,10.60369574,38.0,689.0,3747.0,0.588,0.612,-1.21254,138.367
Kepler-1811 b,Kepler-1811,76.42230225,3.84829873,10.11,455.0,5561.0,1.19,0.946,0.1541,1390.56
Kepler-481 b,Kepler-481,10.06082567,2.5,183.842,899.0,5802.0,1.09,1.01,0.20725,813.724
Kepler-375 c,Kepler-375,19.986326,2.65,33.152,720.0,5826.0,0.837,0.891,-0.16278,1238.81
Kepler-113 c,Kepler-113,8.92507,2.18,45.596,628.0,4725.0,0.69,0.75,-0.57598,262.351
Kepler-9 b,Kepler-9,19.23891,8.29,48.229,661.0,5774.0,0.958,1.022,-0.038,628.257
Kepler-1590 b,Kepler-1590,7.61760804,1.14,171.478,1020.0,6053.0,1.16,1.11,0.06336,771.152
Kepler-1514 b,Kepler-1514,217.83184,12.419572,3.23,387.9,6145.0,1.289,1.196,0.32838,397.292
Kepler-175 b,Kepler-175,11.903515,2.56,129.639,827.0,6064.0,1.01,0.969,0.19402,1312.34
K2-83 b,K2-83,2.74697,1.244,41.5,707.17,3910.0,0.424,0.484,-1.20362,125.529
Kepler-231 c,Kepler-231,19.271566,1.93,6.267,393.0,3767.0,0.49,0.58,-1.03621,316.618
Kepler-1683 b,Kepler-1683,15.0337,1.87477762,47.32,669.0,5429.0,0.900327,0.95,-0.19763,733.143
Kepler-1653 b,Kepler-1653,140.2524,2.17,0.98,284.0,4807.0,0.693,0.719,-0.636,755.0
Kepler-150 c,Kepler-150,7.381998,3.69,132.091,876.0,5560.0,0.939,0.956,-0.16141,891.092
Kepler-239 b,Kepler-239,11.763051,2.33,34.746,616.0,4914.0,0.763,0.757,-0.47489,648.109
Kepler-343 c,Kepler-343,23.22182,2.02,57.932,746.0,5807.0,1.433,1.055,0.2162,927.193
TOI-5380 b,TOI-5380,3.77229247873,3.48093238,796.305,1479.0,6400.78,1.5621,1.343,0.60044,286.781
Kepler-1022 b,Kepler-1022,10.99469878,2.36,19.258,512.0,4445.0,0.68,0.71,-0.85831,420.042
Kepler-354 b,Kepler-354,5.47666,1.84,64.845,741.0,4648.0,0.674,0.652,-0.71394,554.064
Kepler-1434 b,Kepler-1434,8.05333618,1.11,925.289,1320.0,6291.0,2.04,1.47,0.86244,775.529
Kepler-1593 b,Kepler-1593,174.509835,3.17,0.889,260.0,4995.0,0.77,0.81,-0.652,638.249
Kepler-1453 b,Kepler-1453,47.1611696,2.67,11.889,503.0,5665.0,0.94,0.97,-0.13974,1196.04
Kepler-1989 b,Kepler-1989,10.161023528,4.62,157.97,904.0,6032.0,1.06,0.999,0.27935,1252.13
K2-122 b,K2-122,2.2193023,1.16,79.9,769.0,4009.0,0.59,0.63,-1.10237,72.0444
Kepler-1046 b,Kepler-1046,14.37508035,1.71,101.4,786.0,5913.0,1.04,1.04,0.06429,721.534
Kepler-1907 c,Kepler-1907,14.86390018,1.15547044,20.6,620.0,5159.0,0.8,0.752,-0.62479,292.111
Kepler-1594 b,Kepler-1594,2.71603809,1.06,672.414,1360.0,5946.0,1.08,1.06,-0.00032,976.868
Kepler-80 b,Kepler-80,7.05246,2.67,54.382,547.0,4540.0,0.678,0.73,-0.76955,369.451
Kepler-438 b,Kepler-438,35.23319,1.12,1.4,288.0,3748.0,0.52,0.544,-1.357,195.94287175
Kepler-1455 b,Kepler-1455,49.276764,2.16,1.533,298.0,4075.0,0.6,0.62,-1.14066,357.621
Kepler-1490 b,Kepler-1490,92.4362973,3.04,3.788,348.0,5515.0,0.87,0.9,-0.31879,862.92
Kepler-700 b,Kepler-700,80.8720639,5.99,12.071,452.0,5692.0,0.96,0.98,0.22961,1491.76
K2-345 b,K2-345,10.367437,2.11,,437.0,3779.0,0.52,0.56,-1.32045,162.408
Kepler-1133 b,Kepler-1133,11.55562343,1.97,55.758,703.0,5569.0,0.9,0.93,-0.20972,753.135
Kepler-1953 b,Kepler-1953,6.245659828,1.28574667,67.62,731.0,4858.0,0.707,0.786,-0.62962,605.631
Kepler-53 b,Kepler-53,18.6489525,2.89,60.997,701.0,5858.0,0.89,0.98,0.03558,1366.07
Kepler-1518 b,Kepler-1518,5.11177904,3.05,1079.458,1351.0,6846.0,1.88,1.54,0.69092,903.51
Kepler-251 b,Kepler-251,4.790936,1.33,203.169,990.0,5526.0,0.89,0.891,-0.17197,924.625
Kepler-370 c,Kepler-370,19.02293,1.91,54.197,647.0,5852.0,0.9,0.982,0.00609,1167.94
Kepler-1161 b,Kepler-1161,10.71252541,2.13,26.229,485.0,4253.0,0.57,0.59,-0.65314,547.726
Kepler-1184 b,Kepler-1184,53.5991044,2.68,18.039,529.0,5983.0,1.07,1.05,0.06532,1157.84
Kepler-1181 c,Kepler-1181,8.93484887,1.83,377.25,1124.0,6688.0,1.347,1.336,0.47243,938.417
Kepler-1599 b,Kepler-1599,122.363553,1.62,8.196,407.0,5767.0,0.99,0.99,0.24119,1328.2
Kepler-442 b,Kepler-442,112.3053,1.34,0.66,241.0,4402.0,0.598,0.609,-0.932,365.965
Kepler-1185 b,Kepler-1185,104.3518976,1.33,9.31,355.0,5622.0,0.87,0.96,0.28187,459.273
K2-181 b,K2-181,6.8941,2.69,192.0,949.0,5528.0,1.06,0.96,-0.01252,360.911
Kepler-31 d,Kepler-31,87.6451,3.9,11.8,484.0,6340.0,1.22,1.21,0.30134,1664.64
Kepler-1070 b,Kepler-1070,6.2216147,1.73,380.134,1101.0,6261.0,1.32,1.21,0.28486,939.001
Kepler-1162 b,Kepler-1162,32.5637069,2.21,12.245,490.0,5390.0,0.84,0.89,-0.32228,940.211
Kepler-1560 b,Kepler-1560,3.03195744,0.89,593.919,1269.0,5815.0,1.02,1.02,-0.03447,502.497
Kepler-1702 b,Kepler-1702,18.5012,1.60190793,22.4,555.0,5093.0,0.725742,0.85,-0.49585,857.14
Kepler-1621 b,Kepler-1621,92.263714,2.16,14.055,469.0,6158.0,1.24,1.15,0.47822,1631.66
Kepler-240 c,Kepler-240,7.953528,2.2,59.838,696.0,4985.0,0.739,0.868,-0.52355,746.927
Kepler-1972 c,Kepler-1972,11.3295,0.868,198.4,1215.0,5818.0,1.384,1.12,0.29447,287.339
K2-278 b,K2-278,3.334966,2.98,1051.5587,1711.0,6747.0,1.61,1.4,0.39867,786.439
Kepler-42 d,Kepler-42,1.865169,0.57,12.538,450.0,3068.0,0.17,0.13,-2.62,40.0595
Kepler-1050 b,Kepler-1050,15.3787546,1.6,62.025,1039.0,6010.0,1.13,1.09,0.05871,490.488
Kepler-1001 b,Kepler-1001,14.30511983,3.15,40.853,693.0,5491.0,0.88,0.9,-0.27856,928.978
Kepler-478 b,Kepler-478,13.2217576,2.71,39.56,640.0,5210.0,0.8,0.85,-0.371,420.0
Kepler-1164 b,Kepler-1164,3.97599768,1.12,181.205,936.0,5183.0,0.79,0.85,-0.39926,431.622
Kepler-692 b,Kepler-692,21.81293494,3.11,28.504,639.0,5440.0,0.86,0.9,-0.23346,991.336
Kepler-1464 c,Kepler-1464,5.32786292,1.0,968.555,1023.0,5828.0,1.01,1.02,0.42978,1151.73
K2-268 c,K2-268,9.327527,2.69,55.4636,696.0,5106.0,0.78,0.84,-0.42942,327.783
Kepler-594 b,Kepler-594,13.64618192,2.18,59.396,678.0,5485.0,0.87,0.91,-0.19321,769.2
Kepler-23 c,Kepler-23,10.74,3.005,257.39,1008.0,5828.0,1.548,1.078,0.39783,835.756
Kepler-150 b,Kepler-150,3.428054,1.25,367.262,1131.0,5560.0,0.939,0.956,-0.16141,891.092
Kepler-199 b,Kepler-199,23.637604,3.11,31.679,595.0,5644.0,0.967,0.96,-0.09685,521.054
Kepler-1499 b,Kepler-1499,44.2008,1.19,7.371,409.0,5097.0,0.78,0.82,-0.46443,309.869
Kepler-1498 b,Kepler-1498,48.051405,1.33,9.86,564.0,5256.0,0.81,0.86,-0.16563,740.0
Kepler-611 b,Kepler-611,2.437033302,1.65,1825.301,1513.0,5761.0,1.01,1.01,0.38338,1395.56
TOI-5502 b,TOI-5502,11.62592988285,4.1287378,95.1955,870.0,6088.71,1.32375,1.244,0.40035,248.654
Kepler-1141 b,Kepler-1141,2.344511944,0.82,1146.953,1471.0,5791.0,1.07,1.01,0.1551,393.642
Kepler-1073 b,Kepler-1073,8.67888593,2.3,128.55,905.0,5792.0,1.0,1.0,-0.01023,809.897
Kepler-1170 b,Kepler-1170,9.98969327,2.41,69.537,705.0,5069.0,0.76,0.8,-0.3384,1050.45
Kepler-157 d,Kepler-157,7.02573474,1.46,244.058,969.0,5866.0,1.03,1.02,0.09117,773.713
Kepler-549 c,Kepler-549,117.040498,2.93,2.51,349.0,5360.0,0.84,0.88,-0.30618,635.145
Kepler-688 b,Kepler-688,3.895936844,9.76,458.912,1005.0,5715.0,0.96,0.98,-0.02364,1357.75
Kepler-632 b,Kepler-632,30.99660733,2.21,14.72,500.0,5322.0,0.84,0.91,-0.292,349.0
Kepler-1502 b,Kepler-1502,41.7083629,3.18,77.324,608.0,6666.0,1.72,1.44,0.74202,1514.02
Kepler-253 b,Kepler-253,3.783986,1.63,194.346,949.0,5208.0,0.786,0.86,-0.38741,838.595
Kepler-1119 b,Kepler-1119,8.3265153,1.92,182.69,938.0,6083.0,1.17,1.11,0.48586,1757.23
Kepler-543 b,Kepler-543,13.89961966,2.5,23.081,521.0,4671.0,0.67,0.7,-0.64251,221.802
Kepler-693 b,Kepler-693,15.37563332,10.18,31.641,600.0,4881.0,0.72,0.76,-0.42704,1151.51
Kepler-1710 b,Kepler-1710,14.91110039,3.19744103,48.9,694.0,5650.0,0.899,0.932,-0.14261,305.193
Kepler-1928 b,Kepler-1928,19.57783,1.992,37.8,621.0,5720.0,0.92,1.01,-0.09151,326.362
Kepler-1999 b,Kepler-1999,8.7396758,3.29,26.17,577.0,4406.0,0.628,0.632,-0.77323,701.255
KOI-7368 b,KOI-7368,6.8430344,2.22,99.24,805.0,5241.0,0.874,0.879,-0.31552,264.995
K2-198 b,K2-198,17.0428683,4.189,,715.8,5212.9,0.757,0.799,-0.40084,110.567
Kepler-227 c,Kepler-227,54.418694,3.04,10.186,443.0,5854.0,1.091,0.954,-0.12113,1083.06
Kepler-26 d,Kepler-26,3.543919,1.07,31.79,652.0,4486.0,0.571,0.593,-1.06048,335.307
KELT-17 b,KELT-17,3.0801716,17.093725,3331.8707,2087.0,7454.0,1.645,1.635,0.87564,226.5
IC 4651 9122 b,IC 4651 9122,734.0,12.7,10.4109,513.04,4740.1,10.267424,2.1,1.6359,859.324
GJ 229 b,GJ 229,579.47495,3.97,0.0237,111.85,3564.0,0.46,0.509,-1.55284,5.75624
GJ 180 c,GJ 180,24.329,2.41,0.7812,290.87,3371.0,0.413049,0.43,-1.88606,11.9407
HD 68988 c,HD 68988,16000.0,12.2,0.0096,87.5,5883.41,1.255733,1.171665,0.22184,60.8447
KIC 5479689 b,KIC 5479689,1.701531,14.2,,,5459.1,0.894,0.966,-0.20099,454.95
HD 93385 b,HD 93385,7.3426,1.88,281.697,1141.0,5977.0,1.18484,1.04,0.20683,43.3475
Kepler-294 c,Kepler-294,6.6264,2.71,151.491,895.0,5913.0,0.976,0.947,-0.14755,1357.01
TOI-4311 c,TOI-4311,15.070425,2.47,33.8,671.0,5063.0,0.8441,0.816,-0.37469,134.988
WASP-118 b,WASP-118,4.0460435,16.14096,6586.47,1729.0,6410.0,1.696,1.32,0.65885,376.658
TAP 26 b,TAP 26,10.79,13.5,60.0135,774.52,4620.0,1.17,1.04,-0.25,121.402
HD 92788 c,HD 92788,11611.2975,13.0,0.0095,91.27,5744.0,1.14,1.15,0.02,34.6538
GJ 422 b,GJ 422,20.129,3.33,0.8928,292.68,3323.0,0.370328,0.35,-1.95861,12.6631
GJ 414 A c,GJ 414 A,749.83,8.4,0.0607,124.7,4120.0,0.68,0.65,-0.92445,11.8893
TOI-3593 b,TOI-3593,3.8212867,11.02963701,308.0,1170.0,5550.0,0.918,1.015,-0.14146,226.63
WASP-195 b,WASP-195,5.051928,10.31226224,890.0,1522.0,6300.0,1.578,1.3,0.5414,484.852
TOI-4529 b,TOI-4529,5.879577,1.77,14.6089,511.0,3697.0,0.48,0.482,-1.41263,28.384
HD 27631 b,HD 27631,2198.14,13.5,0.0836,147.61,5737.0,0.923,0.944,-0.056,50.2862
Wolf 503 b,Wolf 503,6.00127,2.043,69.6,790.0,4716.0,0.689,0.688,-0.67572,44.526
WASP-183 b,WASP-183,4.1117771,16.47723,268.7176,1111.0,5313.0,0.871,0.784,-0.20873,325.377
Kepler-1747 b,Kepler-1747,6.230319977,4.26508,138.33,875.0,5477.0,0.865,0.983,-0.20529,1321.38
Kepler-906 b,Kepler-906,41.6979976,2.11,21.987,537.0,6035.0,1.02,1.06,0.09641,757.791
TOI-4551 b,TOI-4551,9.95581,11.85910158,1247.74,1655.0,4896.0,3.55,1.31,0.80277,215.986
HD 98649 b,HD 98649,5384.0,12.5,0.0272,114.22,5759.0,1.01,0.97,-0.01412,42.1727
Kepler-780 b,Kepler-780,0.677375164,0.89,4572.56,2099.0,5769.0,1.02,1.01,0.0169,557.652
NGTS-16 b,NGTS-16,4.84532,14.57167491,480.0,1177.0,5550.0,1.213,1.002,0.11732,898.168
TOI-1634 b,TOI-1634,0.98934551,1.759,121.0,900.0,3550.0,0.45,0.502,-1.5391,35.2736
Kepler-275 b,Kepler-275,10.300682,2.34,266.3,1015.0,6165.0,1.383,1.189,0.44934,2034.25
Kepler-121 c,Kepler-121,41.008011,2.27,7.296,425.0,5311.0,0.701,0.859,-0.47396,510.523
TOI-4342 c,TOI-4342,10.688662,2.349,11.6,514.0,3866.0,0.598,0.587,-1.12494,61.5204
Kepler-168 b,Kepler-168,4.425391,1.46,725.064,1240.0,6282.0,1.107,1.113,0.36071,1343.6
Kepler-471 b,Kepler-471,5.014234575,14.96,1146.878,1308.0,6733.0,1.8,1.49,0.71017,1249.41
HD 42012 b,HD 42012,857.5,13.5,0.1927,182.63,5405.0,0.82,0.83,-0.26975,36.7984
Qatar-10 b,Qatar-10,1.645321,17.295487,1816.48,1955.0,6124.0,1.254,1.156,0.29951,559.068
GJ 720 A b,GJ 720 A,19.466,3.77,4.2846,401.0,3837.0,0.56,0.57,-1.217,15.5575
HD 137496 b,HD 137496,1.62116,1.31,3114.3366,2130.0,5799.0,1.59,1.04,0.36633,155.317
K2-389 b,K2-389,8.58289,2.33,179.0,932.0,5773.0,1.094,0.99,0.10644,259.208
Kepler-17 b,Kepler-17,1.4857108,14.68,1481.766,1570.0,5781.0,1.01034,1.04,0.01164,720.753
Kepler-176 b,Kepler-176,5.433074,1.43,123.802,841.0,5232.0,0.891,0.86,-0.40427,527.321
NN Ser d,NN Ser,2880.0,13.3,,,57000.0,,0.535,,515.818
HD 214823 b,HD 214823,1854.84424,12.1,0.4586,243.9,6215.0,2.04,1.115,0.63849,101.368
Kepler-761 b,Kepler-761,10.12804789,2.03,95.447,767.0,5706.0,0.93,0.95,-0.11728,830.707
TOI-216.01,TOI-216,34.525528,10.1,10.1,497.0,5026.0,0.748,0.77,-0.44159,177.945
TOI-1259 A b,TOI-1259 A,3.4779792,11.6,153.1389,963.0,4775.0,0.715,0.746,-0.58996,118.106
Kepler-107 e,Kepler-107,14.749143,2.903,138.7,955.0,5854.0,1.447,1.238,0.36449,525.997
Kepler-450 c,Kepler-450,15.413135,2.62,213.731,944.0,6197.21,1.64162,1.19,0.55403,455.982
TOI-4578 b,TOI-4578,8.62392630369,2.26974262,119.0248,842.42,5951.32,0.878735,1.077,-0.06918,182.249
HD 1605 b,HD 1605,577.2,13.8,2.9004,362.48,4915.0,3.49,1.33,0.81,88.8047
HD 210193 b,HD 210193,649.918,14.3,0.5142,235.69,5790.0,1.05971,1.04,0.05578,42.2029
HD 108236 c,HD 108236,6.203449,2.071,162.1675,932.0,5660.0,0.877,0.869,-0.14997,64.5978
K2-392 b,K2-392,15.398723,1.85,,,5726.0,1.058,0.841,0.04791,406.985
TOI-4145 A b,TOI-4145 A,4.0664428,13.30506009,223.0,1074.0,5281.0,0.859,0.905,-0.28735,205.387
TOI-4379 b,TOI-4379,3.25352,16.69017226,2886.0903,1869.38,6020.0,1.976,1.372,0.63749,645.158
Kepler-1663 b,Kepler-1663,17.6046,3.30395896,4.07,362.0,3844.0,0.62859,0.610816,-1.10944,337.926
Kepler-273 c,Kepler-273,8.014927,1.98,74.887,865.0,5626.0,0.815,0.756,-0.34099,713.964
GJ 3138 c,GJ 3138,5.974,1.88,13.9,530.85,3717.0,0.5,0.681,-1.34679,28.4712
K2-291 b,K2-291,2.225177,1.589,633.0,1278.0,5520.0,0.899,0.934,-0.16622,90.0562
HD 39855 b,HD 39855,3.2498,2.85,287.2,1145.89,5576.0,0.744665,0.87,-0.31625,23.2599
HIP 90988 b,HIP 90988,455.73816,13.4,4.1955,400.77,4883.0,3.94,1.613,0.88986,94.0349
TOI-558 b,TOI-558,14.574071,12.17295304,248.8554,1061.0,6466.0,1.496,1.349,0.54654,402.63
GPX-1 b,GPX-1,1.744579,16.47720163,4650.0,2300.0,7000.0,1.56,1.68,0.72673,655.013
TOI-3819 b,TOI-3819,3.2443141,13.13692538,1186.0,1633.0,5859.0,1.538,1.242,0.39967,558.141
Kepler-181 b,Kepler-181,3.137873,1.27,255.584,1041.0,5333.0,0.749,0.81,-0.37878,609.283
K2-38 c,K2-38,10.56103,2.29,117.0,916.0,5731.0,1.06,1.03,0.03743,192.69
HD 224538 b,HD 224538,1202.05199,12.7,0.523,236.74,6097.0,1.54,1.23,0.46982,79.0608
GJ 273 b,GJ 273,18.6498,1.51,1.06,292.47,3382.0,0.293,0.29,-2.05552,5.921535
K2-292 b,K2-292,16.9841,2.63,67.0,795.0,5725.0,1.09,1.0,0.09254,114.293
GJ 4276 b,GJ 4276,13.352,4.22,2.9298,363.86,3387.0,0.407,0.406,-1.70553,21.3362
HD 102843 b,HD 102843,3090.942,13.1,0.0438,127.34,5436.0,0.961488,0.95,-0.13814,62.758
Kepler-271 b,Kepler-271,10.43547805,1.23,75.957,759.0,5555.0,0.87,0.9,-0.25319,404.542
CFHTWIR-Oph 98 b,CFHTWIR-Oph 98 A,8040000.0,20.8487041,0.0,1800.0,2320.0,0.245,0.0147,-2.85,
TOI-1431 b,TOI-1431,2.650237,16.70138124,5300.0,2370.0,7690.0,1.92,1.9,1.06819,148.925
K2-395 c,K2-395,8.491282,3.395,,,5007.0,0.783,0.952,-0.41264,286.727
TOI-4406 b,TOI-4406,30.08364,11.2089807,58.0054,904.0,6219.0,1.29,1.19,0.36173,261.834
Kepler-149 d,Kepler-149,160.018032,3.96,2.446,306.0,5381.0,0.953,1.013,-0.11929,571.034
TOI-4405 b,TOI-4405,5.92143995316,2.55505441,48.1559,671.87,4467.38,0.687025,0.68,-0.81302,155.501
TOI-5027 b,TOI-5027,10.24368,10.76062147,190.912,1056.0,5909.0,0.92,1.02,-0.03058,204.429
GJ 273 c,GJ 273,4.7234,1.06,6.66,462.26,3382.0,0.293,0.29,-2.05552,5.921535
HD 20781 d,HD 20781,29.158,3.25,18.0638,570.19,5256.0,0.833609,0.7,-0.3098,35.9715
HD 110113 b,HD 110113,2.541,2.05,735.49,1371.0,5732.0,0.968,0.997,-0.03235,106.307
HAT-P-63 b,HAT-P-63,3.377728,12.5428494,387.4,1237.0,5400.0,0.9661,0.925,-0.1463,403.458
K2-398 b,K2-398,6.393025,2.274,,,5946.0,1.239,0.945,0.25966,606.992
TOI-3862 b,TOI-3862,1.55745774,5.53,358.839,1539.0,5300.0,0.92,0.9,-0.19443,249.02
Kepler-284 c,Kepler-284,37.514456,2.61,9.042,478.0,5615.0,0.814,0.766,-0.34097,1031.95
TOI-4662 b,TOI-4662,4.70343764575,2.87998299,50.104,741.0,4520.41,0.69375,0.703,-0.7574,111.047
HD 7924 c,HD 7924,15.299,,28.35,583.6,5075.0,0.7821,0.832,-0.40636,16.9922
NGC 2682 YBP 401 b,NGC 2682 YBP 401,4.087,14.3,,,6165.0,1.215821,1.14,0.28942,830.822
WASP-142 b,WASP-142,2.052868,17.14977,3140.9238,2000.0,6010.0,1.64,1.33,0.51325,730.933
WASP-171 b,WASP-171,3.8186244,10.98482,1200.24,1642.0,5965.0,1.637,1.171,0.67172,757.84
TOI-1789 b,TOI-1789,3.208664,16.14093221,2300.0,1927.0,5991.0,2.168,1.507,0.7364,229.067
HD 35843 c,HD 35843,46.9622,2.54,11.3814,479.0,5666.0,0.897,0.94,-0.12494,69.6026
TOI-4666 b,TOI-4666,2.9089165,12.53164042,55.6,695.0,3793.0,0.585,0.576,-1.19518,154.749
BD+20 594 b,BD+20 594,41.6855,2.57807,15.1513,546.0,5766.0,1.08,1.67,-0.05552,179.461
Kepler-19 d,Kepler-19,62.95,5.06,,,5544.0,0.859,0.936,-0.16056,218.562
GJ 143 b,GJ 143,35.61253,2.61,7.0423,422.0,4640.0,0.695,0.73,-0.6862,16.32
WASP-182 b,WASP-182,3.3769848,9.52765,756.261,1479.0,5638.0,1.34,1.076,0.15545,327.602
HD 107148 c,HD 107148,18.3267,4.7,66.7145,799.68,5752.92,1.169193,1.105215,0.12081,49.4156
Kepler-833 b,Kepler-833,18.7546998,2.02,8.313,382.0,4339.0,0.62,0.64,-0.79309,467.37
Kepler-94 b,Kepler-94,2.50806,3.51,216.094,997.0,4781.0,0.76,0.81,-0.61348,191.904
TOI-4463 A b,TOI-4463 A,2.8807198,13.26022417,633.0,1395.0,5640.0,1.062,1.056,0.01115,173.117
HATS-9 b,HATS-9,1.915291,13.85,2292.0839,1746.0,5599.0,1.56,1.1,0.3118,638.7
TYC 0434-04538-1 b,TYC 0434-04538-1,193.2,12.7,107.3772,877.8,4679.0,9.99,1.04,1.67,613.422
Kepler-839 b,Kepler-839,37.8144514,2.57,46.303,626.0,6058.0,1.31,1.22,0.43706,944.561
HD 27969 b,HD 27969,654.5,12.9,0.76,261.0,5966.0,1.27,1.16,0.5282,67.9328
TOI-3912 b,TOI-3912,3.4936264,14.28024141,872.2,1512.0,5725.0,1.392,1.088,0.27323,465.992
Kepler-294 b,Kepler-294,3.701212,1.77,329.801,1087.0,5913.0,0.976,0.947,-0.14755,1357.01
TOI-4487 A b,TOI-4487 A,3.9540709,14.60530185,1203.0,1639.0,6206.0,1.634,1.378,0.55267,479.145
K2-251 b,K2-251,9.30075,2.35,9.4444,437.0,3717.0,0.49,0.52,-1.34211,147.03
GJ 3512 b,GJ 3512,203.109,14.3,0.0138,97.19,3141.0,0.139,0.123,-2.8041,9.48637
HD 145675 c,14 Her,15732.45889,12.6,0.0018,55.51,5338.0,0.93,0.97,-0.15273,17.9323
HD 95544 b,HD 95544,2041.54152,12.8,0.1,156.5,5722.0,1.088,1.01,0.47797,87.8049
Kepler-309 b,Kepler-309,5.923653,1.56,99.493,531.0,4713.0,0.721,0.816,-0.574,544.568
Qatar-7 b,Qatar-7,2.032046,19.0553,2886.2922,2053.0,6387.0,1.564,1.409,0.56348,705.981
Kepler-270 b,Kepler-270,11.476094,2.01,178.362,984.0,6067.0,1.461,1.17,0.31211,948.781
TOI-628 b,TOI-628,3.4095675,11.88154,1052.9,1586.0,6250.0,1.345,1.311,0.39445,178.68
HD 168009 b,HD 168009,15.1479,3.05,99.3735,887.57,5778.33,1.209505,0.986073,0.14982,23.3032
HD 164922 e,HD 164922,41.763,3.23,13.3822,543.73,5393.43,1.001813,0.921146,-0.15304,22.0016
HD 115954 b,HD 115954,3700.0,12.6,0.064,144.9,5957.0,1.213,1.18,0.4809,87.6437
TOI-1278 b,TOI-1278,14.47567,12.21778896,6.5402,407.87,3799.0,0.573,0.54,-1.21183,75.5759
LHS 1678 b,LHS 1678,0.8602325,0.685,94.3,830.44,3490.0,0.329,0.345,-1.83863,19.8782
TOI-3980 b,TOI-3980,3.6089254,14.4595851,1153.0,1621.0,5840.0,1.626,1.24,0.44248,486.721
Kepler-903 b,Kepler-903,10.3507721,2.01,274.845,842.0,5682.0,0.97,0.98,0.36464,1369.24
Kepler-84 c,Kepler-84,12.883,2.36,132.23,865.0,6039.0,1.43,1.0,0.39,1023.9
TOI-4507 b,TOI-4507,104.61611,8.2,23.5778,464.8,6260.0,1.04,1.11,0.14922,178.26
TOI-5160 b,TOI-5160,4.280773256,2.39729851,177.537,1016.0,5622.14,1.03315,1.003,-0.00776,151.465
EPIC 211822797 b,EPIC 211822797,21.1701963,1.92,3.5,431.0,4057.0,0.58,0.62,-1.15304,186.197
K2-254 c,K2-254,12.11839,2.19,17.6668,551.0,4629.0,0.67,0.71,-0.82244,227.775
GJ 160.2 b,GJ 160.2,5.2354,3.17,56.9598,736.99,4347.0,0.655173,0.69,-0.79588,25.8557
HD 39194 d,HD 39194,33.874,2.12,10.2669,503.31,5205.0,0.783742,0.86,-0.40894,26.4131
Kepler-304 b,Kepler-304,3.295709,2.86,139.146,875.0,4731.0,0.687,0.737,-0.6616,434.684
Kepler-1756 b,Kepler-1756,2.355750084,1.47199944,338.4,1093.0,4915.0,0.812,0.781,-0.459,
EPIC 206317286 c,EPIC 206317286,17.515472,2.094,,,4752.0,0.758,0.832,-0.59336,314.35
Kepler-195 b,Kepler-195,8.307872,2.03,74.148,751.0,5329.0,0.775,0.867,-0.36708,652.051
K2-28 b,K2-28,2.260455,2.32,30.1,568.0,3214.0,0.288,0.257,-1.9397,62.9969
Kepler-1724 b,Kepler-1724,6.45442009,2.83677238,234.98,999.0,6092.0,0.943,1.016,0.05537,1060.77
HAT-P-7 b,HAT-P-7,2.20474,16.92559,4353.408,2733.0,6389.0,2.0,1.56,0.8142,341.079
Kepler-551 b,Kepler-551,12.3764661,2.73,14.386,483.0,4286.0,0.63,0.65,-0.89514,311.175
K2-44 b,K2-44,5.657,2.433,646.0,1211.0,5912.0,1.58,1.15,0.42968,476.703
K2-27 b,K2-27,6.771347,4.74,116.0,836.0,5246.0,0.876,0.88,-0.26971,249.645
K2-378 b,K2-378,2.060438,2.88,,,4823.0,0.732,0.923,-0.56665,687.973
K2-42 b,K2-42,6.68796,2.15,44.1,718.09,4613.0,0.643,0.702,-0.70324,396.913
K2-193 b,K2-193,14.786889,3.95,59.921,739.0,5817.0,0.98,1.01,-0.07572,411.923
Kepler-452 b,Kepler-452,384.843,1.63,1.1,265.0,5757.0,1.11,1.037,0.08448,551.727
Kepler-220 c,Kepler-220,9.034199,1.57,37.321,586.0,4632.0,0.666,0.729,-0.67594,171.109
Kepler-228 d,Kepler-228,11.094286,4.04,122.778,835.0,6043.0,1.014,1.006,0.11115,1644.61
Kepler-565 b,Kepler-565,4.243747226,3.64,301.46,1063.0,5735.0,0.95,0.98,-0.0551,1041.0
K2-35 b,K2-35,2.399964,1.32,211.0,979.0,4402.71,0.619575,0.701968,-0.71881,252.596
Kepler-1720 b,Kepler-1720,12.70639992,3.21585295,55.86,697.0,5573.0,0.839,0.939,-0.33619,629.445
K2-368 b,K2-368,5.025598,1.332,,,4663.0,0.663,0.746,-0.69293,206.608
OGLE-2016-BLG-0261L b,OGLE-2016-BLG-0261L,,9.6,,,,,0.072,,7850.0
KMT-2025-BLG-0026L b,KMT-2025-BLG-0026L,,13.3,,,,,0.44,,7280.0
KMT-2025-BLG-0030L b,KMT-2025-BLG-0030L,,13.7,,,,,0.6,,6720.0
KMT-2025-BLG-2272L b,KMT-2025-BLG-2272L,,13.3,,,,,0.63,,6620.0
